supplier_id,region,distance_km,financial_score,years_active,lead_time_days,on_time_delivery,delay_days,lot_size,unit_price,price_variance,defect_rate,defects,communication_score,certifications,inspection_skip,supplier_risk
1,APAC,3522.24,65.1,4,30.96,1,0.0,655,4.52,0.07,0.015,12,65.17,None,0,0
1,APAC,3522.24,65.1,4,36.31,1,0.0,947,4.62,0.002,0.029,24,75.47,ISO9001,1,0
1,APAC,3522.24,65.1,4,33.45,1,0.0,964,4.34,0.013,0.035,28,70.64,ISO9001+ISO14001,0,0
1,APAC,3522.24,65.1,4,30.77,0,7.41,924,4.91,0.038,0.033,28,82.51,ISO9001,1,0
1,APAC,3522.24,65.1,4,27.94,1,0.0,1241,4.92,0.048,0.029,35,84.02,ISO9001+ISO14001,0,0
1,APAC,3522.24,65.1,4,36.63,1,0.0,1215,5.3,0.055,0.04,52,90.55,None,0,0
1,APAC,3522.24,65.1,4,34.54,1,0.0,996,5.5,0.004,0.0,0,78.3,None,0,0
1,APAC,3522.24,65.1,4,32.2,1,0.0,621,4.9,0.018,0.005,2,80.77,ISO9001,0,0
1,APAC,3522.24,65.1,4,29.12,1,0.0,750,4.47,0.041,0.014,12,79.27,ISO9001,1,0
1,APAC,3522.24,65.1,4,27.91,0,5.4,996,4.13,0.028,0.029,36,74.88,None,0,0
1,APAC,3522.24,65.1,4,35.55,1,0.0,449,4.58,0.0,0.0,0,70.41,None,0,0
1,APAC,3522.24,65.1,4,28.57,1,0.0,1282,5.09,0.038,0.021,32,76.09,None,1,0
1,APAC,3522.24,65.1,4,32.74,1,0.0,1127,4.59,0.059,0.009,11,74.33,ISO9001,0,0
1,APAC,3522.24,65.1,4,37.25,1,0.0,884,5.46,0.045,0.0,0,78.21,ISO9001,0,0
1,APAC,3522.24,65.1,4,28.86,1,0.0,955,5.71,0.044,0.021,20,91.0,ISO9001,0,0
1,APAC,3522.24,65.1,4,26.64,0,7.26,1229,5.4,0.039,0.024,31,73.19,ISO9001,0,0
1,APAC,3522.24,65.1,4,36.62,1,0.0,985,4.65,0.024,0.037,52,80.78,ISO9001,1,0
1,APAC,3522.24,65.1,4,28.76,1,0.0,1218,4.76,0.033,0.019,28,76.8,ISO9001+ISO14001,1,0
1,APAC,3522.24,65.1,4,29.53,1,0.0,807,5.35,0.068,0.018,17,69.69,ISO9001,0,0
1,APAC,3522.24,65.1,4,29.11,0,9.85,935,4.88,0.016,0.025,19,63.24,ISO9001,0,0
1,APAC,3522.24,65.1,4,29.37,1,0.0,1381,5.16,0.048,0.041,43,73.74,None,0,0
1,APAC,3522.24,65.1,4,30.13,1,0.0,1369,5.58,0.018,0.013,17,70.67,ISO9001,1,0
1,APAC,3522.24,65.1,4,32.73,1,0.0,925,4.98,0.041,0.021,19,80.74,ISO9001+ISO14001,1,0
1,APAC,3522.24,65.1,4,32.26,1,0.0,1096,3.83,0.009,0.03,31,82.77,ISO9001,1,0
1,APAC,3522.24,65.1,4,30.97,1,0.0,1159,6.35,0.041,0.014,19,64.0,ISO9001+ISO14001,0,0
1,APAC,3522.24,65.1,4,28.63,1,0.0,712,5.67,0.058,0.032,29,70.97,None,0,0
1,APAC,3522.24,65.1,4,30.92,0,3.59,639,5.48,0.033,0.024,14,85.73,ISO9001+ISO14001,1,0
1,APAC,3522.24,65.1,4,32.61,1,0.0,905,5.62,0.041,0.009,11,66.4,ISO9001,0,0
1,APAC,3522.24,65.1,4,26.39,1,0.0,1149,5.81,0.029,0.018,21,64.44,ISO9001,1,0
1,APAC,3522.24,65.1,4,36.85,1,0.0,1040,4.0,0.029,0.031,28,63.19,ISO9001,1,0
1,APAC,3522.24,65.1,4,28.96,1,0.0,885,4.97,0.026,0.013,9,72.66,None,0,0
1,APAC,3522.24,65.1,4,31.94,1,0.0,617,5.0,0.024,0.012,6,84.24,ISO9001,0,0
1,APAC,3522.24,65.1,4,29.75,1,0.0,943,4.55,0.049,0.02,17,81.74,ISO9001,1,0
1,APAC,3522.24,65.1,4,31.78,1,0.0,1239,4.46,0.036,0.004,5,82.22,ISO9001,0,0
1,APAC,3522.24,65.1,4,31.91,0,3.33,727,4.55,0.015,0.025,13,67.64,None,0,0
1,APAC,3522.24,65.1,4,29.82,1,0.0,757,4.27,0.0,0.04,22,72.51,ISO9001+ISO14001,1,0
1,APAC,3522.24,65.1,4,32.57,0,10.33,740,4.07,0.017,0.008,5,83.18,ISO9001+ISO14001,0,0
1,APAC,3522.24,65.1,4,27.92,1,0.0,1347,3.31,0.048,0.011,17,86.11,ISO9001,0,0
1,APAC,3522.24,65.1,4,27.57,1,0.0,1346,5.49,0.029,0.013,25,56.77,ISO9001,1,0
1,APAC,3522.24,65.1,4,31.84,1,0.0,719,4.96,0.036,0.034,18,94.38,ISO9001,1,0
1,APAC,3522.24,65.1,4,31.89,1,0.0,814,4.96,0.016,0.028,17,74.67,ISO9001,0,0
1,APAC,3522.24,65.1,4,29.91,0,5.51,862,5.14,0.037,0.008,9,76.38,ISO9001,1,0
1,APAC,3522.24,65.1,4,31.21,1,0.0,1022,5.09,0.034,0.017,18,71.97,ISO9001+ISO14001,1,0
1,APAC,3522.24,65.1,4,30.43,1,0.0,698,5.14,0.04,0.02,16,71.32,None,0,0
1,APAC,3522.24,65.1,4,33.47,1,0.0,1070,5.23,0.024,0.019,16,82.08,None,0,0
1,APAC,3522.24,65.1,4,27.55,1,0.0,1292,5.61,0.042,0.006,6,85.13,None,0,0
1,APAC,3522.24,65.1,4,33.22,0,4.05,841,5.76,0.03,0.024,20,93.19,ISO9001,1,0
1,APAC,3522.24,65.1,4,31.36,1,0.0,826,5.26,0.045,0.023,17,85.66,None,0,0
1,APAC,3522.24,65.1,4,34.28,1,0.0,1267,5.24,0.031,0.025,42,65.68,ISO9001+ISO14001,1,0
1,APAC,3522.24,65.1,4,31.92,1,0.0,575,4.78,0.025,0.013,7,53.16,ISO9001,0,0
1,APAC,3522.24,65.1,4,33.23,1,0.0,996,5.45,0.0,0.02,13,81.14,ISO9001,0,0
1,APAC,3522.24,65.1,4,35.49,1,0.0,1075,5.47,0.026,0.021,23,84.77,ISO9001+ISO14001,1,0
1,APAC,3522.24,65.1,4,31.94,1,0.0,1335,4.98,0.067,0.012,14,73.85,None,1,0
1,APAC,3522.24,65.1,4,35.22,1,0.0,771,5.2,0.024,0.006,4,86.09,ISO9001,1,0
1,APAC,3522.24,65.1,4,30.66,1,0.0,940,5.66,0.019,0.013,7,77.76,ISO9001,0,0
1,APAC,3522.24,65.1,4,32.87,1,0.0,1018,4.79,0.055,0.015,15,71.32,ISO9001,0,0
1,APAC,3522.24,65.1,4,38.09,1,0.0,1054,5.92,0.035,0.012,13,76.88,ISO9001+ISO14001,1,0
2,EMEA,1925.31,79.98,3,26.34,1,0.0,916,5.3,0.018,0.015,13,66.4,ISO9001,0,0
2,EMEA,1925.31,79.98,3,23.48,1,0.0,944,5.42,0.004,0.009,11,72.86,ISO9001,0,0
2,EMEA,1925.31,79.98,3,25.37,1,0.0,1514,4.86,0.028,0.031,45,81.59,ISO9001,1,0
2,EMEA,1925.31,79.98,3,31.47,1,0.0,1141,5.41,0.0,0.025,23,74.7,None,0,0
2,EMEA,1925.31,79.98,3,24.68,1,0.0,1091,4.56,0.029,0.013,18,73.23,ISO9001,1,0
2,EMEA,1925.31,79.98,3,26.46,1,0.0,1494,5.01,0.0,0.01,11,64.58,ISO9001,1,0
2,EMEA,1925.31,79.98,3,19.69,1,0.0,622,5.18,0.033,0.016,13,75.91,ISO9001,1,0
2,EMEA,1925.31,79.98,3,20.65,1,0.0,1461,6.19,0.062,0.026,46,69.88,ISO9001,0,0
2,EMEA,1925.31,79.98,3,25.49,1,0.0,1022,4.74,0.034,0.008,7,72.91,ISO9001,1,0
2,EMEA,1925.31,79.98,3,24.99,1,0.0,1177,4.33,0.031,0.028,24,79.34,None,1,0
2,EMEA,1925.31,79.98,3,23.67,1,0.0,869,5.89,0.0,0.012,7,71.35,None,1,0
2,EMEA,1925.31,79.98,3,29.89,1,0.0,1187,4.82,0.022,0.024,22,67.44,ISO9001+ISO14001,1,0
2,EMEA,1925.31,79.98,3,21.21,1,0.0,1092,5.19,0.067,0.017,25,61.31,ISO9001+ISO14001,0,0
2,EMEA,1925.31,79.98,3,22.05,0,3.12,505,5.42,0.033,0.023,12,77.7,None,0,0
2,EMEA,1925.31,79.98,3,29.41,1,0.0,1098,5.25,0.006,0.017,17,74.05,ISO9001,1,0
2,EMEA,1925.31,79.98,3,30.6,1,0.0,697,3.97,0.03,0.018,7,69.46,ISO9001,1,0
2,EMEA,1925.31,79.98,3,27.36,1,0.0,990,5.59,0.087,0.009,7,72.0,ISO9001,1,0
2,EMEA,1925.31,79.98,3,22.26,1,0.0,992,4.41,0.016,0.014,10,55.64,ISO9001+ISO14001,0,0
2,EMEA,1925.31,79.98,3,26.15,1,0.0,556,4.72,0.052,0.025,13,75.86,None,0,0
2,EMEA,1925.31,79.98,3,23.96,1,0.0,799,5.87,0.04,0.031,20,71.85,None,0,0
2,EMEA,1925.31,79.98,3,25.23,1,0.0,1191,4.7,0.034,0.022,37,88.75,None,0,0
2,EMEA,1925.31,79.98,3,24.86,1,0.0,1027,5.79,0.042,0.027,17,65.63,ISO9001,1,0
2,EMEA,1925.31,79.98,3,28.02,1,0.0,1038,6.07,0.017,0.018,16,81.25,ISO9001+ISO14001,0,0
2,EMEA,1925.31,79.98,3,26.62,1,0.0,1030,4.92,0.013,0.019,19,85.42,ISO9001+ISO14001,0,0
2,EMEA,1925.31,79.98,3,27.7,1,0.0,1045,4.36,0.058,0.042,48,96.87,ISO9001,1,0
2,EMEA,1925.31,79.98,3,26.06,1,0.0,1386,4.21,0.057,0.018,37,90.73,ISO9001+ISO14001,1,0
2,EMEA,1925.31,79.98,3,26.53,0,5.38,1122,4.69,0.0,0.028,36,83.64,ISO9001,1,0
2,EMEA,1925.31,79.98,3,28.81,0,4.35,952,5.71,0.008,0.031,33,70.25,None,0,0
2,EMEA,1925.31,79.98,3,25.41,1,0.0,910,5.56,0.059,0.015,15,80.71,ISO9001,0,0
2,EMEA,1925.31,79.98,3,26.77,1,0.0,865,4.7,0.037,0.019,19,70.99,ISO9001,1,0
2,EMEA,1925.31,79.98,3,26.34,0,7.67,1147,6.36,0.019,0.027,44,73.46,ISO9001,1,0
2,EMEA,1925.31,79.98,3,19.84,0,5.3,1197,5.44,0.034,0.023,23,83.17,ISO9001,0,0
2,EMEA,1925.31,79.98,3,18.92,1,0.0,741,5.58,0.031,0.01,5,80.38,ISO9001+ISO14001,1,0
2,EMEA,1925.31,79.98,3,21.0,0,5.19,1255,4.91,0.057,0.019,21,75.71,ISO9001+ISO14001,0,0
2,EMEA,1925.31,79.98,3,24.68,1,0.0,959,5.05,0.018,0.029,30,72.64,ISO9001,1,0
2,EMEA,1925.31,79.98,3,26.78,1,0.0,894,6.21,0.043,0.037,32,86.24,ISO9001,0,0
2,EMEA,1925.31,79.98,3,27.01,1,0.0,1012,4.83,0.0,0.017,14,54.46,None,0,0
2,EMEA,1925.31,79.98,3,23.55,1,0.0,1068,4.14,0.001,0.008,15,56.23,ISO9001,1,0
2,EMEA,1925.31,79.98,3,22.53,1,0.0,657,5.18,0.029,0.018,9,82.33,ISO9001+ISO14001,1,0
2,EMEA,1925.31,79.98,3,26.07,1,0.0,1145,4.85,0.052,0.019,24,94.05,ISO9001,1,0
2,EMEA,1925.31,79.98,3,28.35,1,0.0,801,4.84,0.008,0.02,12,100.0,ISO9001,1,0
2,EMEA,1925.31,79.98,3,23.08,0,6.63,794,4.59,0.053,0.028,22,72.91,ISO9001+ISO14001,0,0
2,EMEA,1925.31,79.98,3,23.6,1,0.0,1187,4.62,0.045,0.038,39,88.37,ISO9001,0,0
3,AMER,901.46,55.7,5,26.02,1,0.0,723,4.84,0.026,0.013,11,82.35,ISO9001+ISO14001,1,0
3,AMER,901.46,55.7,5,15.19,1,0.0,821,5.08,0.035,0.002,0,73.23,ISO9001,0,0
3,AMER,901.46,55.7,5,19.57,1,0.0,1577,4.12,0.037,0.036,50,87.48,ISO9001+ISO14001,0,0
3,AMER,901.46,55.7,5,19.98,1,0.0,862,5.45,0.023,0.007,4,67.62,ISO9001,0,0
3,AMER,901.46,55.7,5,21.06,1,0.0,1091,5.3,0.038,0.012,10,78.37,ISO9001,1,0
3,AMER,901.46,55.7,5,18.35,1,0.0,1008,4.55,0.021,0.004,2,81.24,ISO9001,1,0
3,AMER,901.46,55.7,5,19.26,1,0.0,817,3.79,0.03,0.022,13,86.12,ISO9001+ISO14001,1,0
3,AMER,901.46,55.7,5,26.94,1,0.0,1001,5.63,0.08,0.024,25,81.03,None,0,0
3,AMER,901.46,55.7,5,19.77,0,4.06,763,4.96,0.033,0.034,23,71.13,ISO9001,0,0
3,AMER,901.46,55.7,5,22.92,1,0.0,877,4.51,0.0,0.002,0,85.0,ISO9001,0,0
3,AMER,901.46,55.7,5,20.49,1,0.0,1125,4.64,0.026,0.0,0,68.12,None,0,0
3,AMER,901.46,55.7,5,20.59,0,3.37,797,4.96,0.031,0.01,9,60.86,ISO9001,1,0
3,AMER,901.46,55.7,5,19.96,0,5.27,1224,4.7,0.049,0.023,22,91.0,ISO9001,1,0
3,AMER,901.46,55.7,5,21.08,0,1.48,1052,4.68,0.023,0.0,0,70.73,None,1,0
3,AMER,901.46,55.7,5,24.58,1,0.0,952,4.5,0.039,0.008,2,85.7,ISO9001,1,0
3,AMER,901.46,55.7,5,21.51,1,0.0,784,4.13,0.007,0.024,14,81.91,None,0,0
3,AMER,901.46,55.7,5,25.39,0,3.73,915,5.17,0.043,0.023,16,91.76,ISO9001,1,0
3,AMER,901.46,55.7,5,23.59,0,4.46,1078,4.77,0.049,0.007,8,70.38,ISO9001+ISO14001,0,0
3,AMER,901.46,55.7,5,22.26,1,0.0,1265,5.2,0.0,0.004,4,75.07,None,0,0
3,AMER,901.46,55.7,5,25.18,1,0.0,716,6.22,0.022,0.0,0,82.02,ISO9001,1,0
3,AMER,901.46,55.7,5,23.98,1,0.0,769,5.11,0.046,0.005,5,82.94,ISO9001,0,0
3,AMER,901.46,55.7,5,19.48,1,0.0,986,4.92,0.045,0.02,21,92.31,ISO9001,0,0
3,AMER,901.46,55.7,5,19.99,1,0.0,1145,5.84,0.039,0.022,38,94.81,ISO9001,1,0
3,AMER,901.46,55.7,5,18.07,1,0.0,1397,4.49,0.055,0.017,32,96.79,ISO9001+ISO14001,0,0
3,AMER,901.46,55.7,5,21.01,1,0.0,1043,4.68,0.03,0.027,29,62.62,ISO9001,0,0
3,AMER,901.46,55.7,5,22.17,1,0.0,985,5.46,0.0,0.022,23,73.61,ISO9001,1,0
3,AMER,901.46,55.7,5,13.85,1,0.0,1055,5.93,0.036,0.014,13,65.51,None,0,0
3,AMER,901.46,55.7,5,21.69,1,0.0,595,5.53,0.085,0.018,9,92.28,ISO9001,0,0
3,AMER,901.46,55.7,5,25.62,1,0.0,947,5.17,0.048,0.015,18,83.51,ISO9001+ISO14001,0,0
3,AMER,901.46,55.7,5,21.79,1,0.0,673,4.24,0.021,0.0,0,66.16,ISO9001,0,0
3,AMER,901.46,55.7,5,22.83,1,0.0,625,4.59,0.049,0.009,8,76.37,ISO9001,1,0
3,AMER,901.46,55.7,5,18.14,1,0.0,1083,5.18,0.003,0.001,2,84.99,ISO9001,1,0
3,AMER,901.46,55.7,5,23.47,1,0.0,554,4.81,0.039,0.005,5,58.25,ISO9001,1,0
3,AMER,901.46,55.7,5,26.35,1,0.0,1653,4.32,0.05,0.023,43,89.47,ISO9001,1,0
3,AMER,901.46,55.7,5,23.49,1,0.0,369,6.7,0.045,0.029,13,70.52,ISO9001,0,0
3,AMER,901.46,55.7,5,26.27,1,0.0,699,4.89,0.0,0.0,0,80.56,ISO9001+ISO14001,1,0
3,AMER,901.46,55.7,5,21.28,1,0.0,1324,4.97,0.055,0.003,3,76.27,ISO9001+ISO14001,1,0
3,AMER,901.46,55.7,5,20.77,0,4.39,1408,4.55,0.035,0.002,3,68.14,None,0,0
3,AMER,901.46,55.7,5,28.69,1,0.0,820,5.42,0.024,0.019,12,82.55,None,1,0
3,AMER,901.46,55.7,5,19.87,1,0.0,569,4.73,0.002,0.01,8,70.06,ISO9001,0,0
3,AMER,901.46,55.7,5,17.35,1,0.0,764,5.45,0.065,0.019,15,76.14,ISO9001,1,0
3,AMER,901.46,55.7,5,26.1,1,0.0,304,6.59,0.062,0.001,1,81.33,ISO9001,1,0
3,AMER,901.46,55.7,5,17.16,1,0.0,1116,5.13,0.055,0.012,11,100.0,ISO9001,0,0
3,AMER,901.46,55.7,5,15.86,1,0.0,1332,4.43,0.041,0.01,16,69.19,ISO9001,1,0
3,AMER,901.46,55.7,5,20.14,1,0.0,1163,4.65,0.012,0.014,18,78.64,ISO9001+ISO14001,1,0
4,APAC,3786.11,67.42,3,30.13,1,0.0,893,5.45,0.028,0.018,10,64.02,ISO9001,1,0
4,APAC,3786.11,67.42,3,38.51,1,0.0,1372,4.85,0.051,0.047,62,63.97,None,0,0
4,APAC,3786.11,67.42,3,34.41,1,0.0,1319,4.6,0.045,0.011,13,69.29,ISO9001,1,0
4,APAC,3786.11,67.42,3,33.59,1,0.0,637,6.22,0.06,0.028,17,72.54,ISO9001+ISO14001,1,0
4,APAC,3786.11,67.42,3,34.41,0,8.4,1747,3.86,0.057,0.024,38,75.06,ISO9001,1,0
4,APAC,3786.11,67.42,3,33.65,1,0.0,949,4.74,0.039,0.016,14,92.09,ISO9001+ISO14001,0,0
4,APAC,3786.11,67.42,3,29.28,1,0.0,973,3.41,0.036,0.009,6,71.63,None,0,0
4,APAC,3786.11,67.42,3,29.87,1,0.0,1029,5.95,0.043,0.011,11,75.52,ISO9001,1,0
4,APAC,3786.11,67.42,3,33.15,1,0.0,971,4.64,0.076,0.02,20,64.57,ISO9001,1,0
4,APAC,3786.11,67.42,3,35.12,1,0.0,828,5.01,0.002,0.007,3,84.42,ISO9001,1,0
4,APAC,3786.11,67.42,3,36.9,1,0.0,1005,6.31,0.05,0.016,11,83.73,None,0,0
4,APAC,3786.11,67.42,3,33.37,1,0.0,494,4.89,0.031,0.016,9,59.29,ISO9001,1,0
4,APAC,3786.11,67.42,3,33.46,1,0.0,1162,4.25,0.032,0.034,31,69.08,ISO9001,1,0
4,APAC,3786.11,67.42,3,31.96,1,0.0,1056,5.65,0.0,0.012,9,65.85,None,1,0
4,APAC,3786.11,67.42,3,30.56,1,0.0,771,5.08,0.045,0.013,4,77.54,ISO9001,0,0
4,APAC,3786.11,67.42,3,31.19,1,0.0,771,4.44,0.042,0.029,34,67.82,ISO9001,1,0
4,APAC,3786.11,67.42,3,31.62,0,4.23,790,4.69,0.08,0.016,15,70.9,ISO9001,0,0
4,APAC,3786.11,67.42,3,35.11,1,0.0,1514,5.13,0.065,0.023,32,82.26,ISO9001+ISO14001,1,0
4,APAC,3786.11,67.42,3,32.94,1,0.0,461,5.53,0.029,0.016,6,73.65,None,0,0
4,APAC,3786.11,67.42,3,29.33,1,0.0,1072,5.09,0.029,0.014,15,67.86,ISO9001,1,0
4,APAC,3786.11,67.42,3,29.97,1,0.0,1210,4.73,0.052,0.005,10,58.89,ISO9001,1,0
4,APAC,3786.11,67.42,3,32.17,1,0.0,1024,3.72,0.046,0.006,6,69.59,ISO9001,1,0
4,APAC,3786.11,67.42,3,29.03,1,0.0,997,5.35,0.048,0.01,12,68.29,ISO9001,1,0
4,APAC,3786.11,67.42,3,27.03,0,4.44,804,5.2,0.057,0.024,23,86.73,ISO9001,1,0
4,APAC,3786.11,67.42,3,36.88,0,10.25,1041,5.05,0.018,0.017,11,83.98,None,0,0
4,APAC,3786.11,67.42,3,34.19,1,0.0,448,4.94,0.049,0.012,7,77.1,ISO9001,1,0
4,APAC,3786.11,67.42,3,31.16,1,0.0,539,5.42,0.032,0.028,16,66.94,ISO9001+ISO14001,0,0
4,APAC,3786.11,67.42,3,30.65,0,5.58,744,5.71,0.071,0.013,14,58.94,ISO9001,1,1
4,APAC,3786.11,67.42,3,35.61,1,0.0,783,4.9,0.009,0.006,1,86.01,ISO9001,0,0
4,APAC,3786.11,67.42,3,33.37,1,0.0,1199,6.08,0.046,0.008,9,79.91,ISO9001,1,0
4,APAC,3786.11,67.42,3,30.82,1,0.0,1034,4.34,0.029,0.013,9,79.16,ISO9001+ISO14001,1,0
4,APAC,3786.11,67.42,3,35.27,1,0.0,1101,5.54,0.045,0.03,25,70.71,ISO9001+ISO14001,1,0
4,APAC,3786.11,67.42,3,29.95,1,0.0,1256,4.57,0.03,0.006,5,62.95,ISO9001+ISO14001,1,0
4,APAC,3786.11,67.42,3,34.25,1,0.0,1188,4.29,0.015,0.027,37,75.46,ISO9001+ISO14001,1,0
4,APAC,3786.11,67.42,3,30.56,1,0.0,1049,5.85,0.027,0.03,33,68.78,ISO9001,0,0
4,APAC,3786.11,67.42,3,32.06,1,0.0,1079,5.07,0.081,0.024,28,68.04,ISO9001,1,0
4,APAC,3786.11,67.42,3,36.53,0,6.16,843,5.11,0.037,0.01,12,81.88,ISO9001,0,0
4,APAC,3786.11,67.42,3,31.93,1,0.0,1076,4.26,0.048,0.018,21,69.7,ISO9001+ISO14001,1,0
4,APAC,3786.11,67.42,3,34.23,1,0.0,1016,5.64,0.057,0.036,40,73.24,ISO9001,1,0
4,APAC,3786.11,67.42,3,34.07,1,0.0,1002,5.72,0.053,0.027,28,81.24,ISO9001+ISO14001,1,0
4,APAC,3786.11,67.42,3,33.82,1,0.0,872,6.04,0.034,0.03,34,75.3,ISO9001+ISO14001,1,0
4,APAC,3786.11,67.42,3,32.22,1,0.0,821,4.81,0.079,0.022,24,85.55,ISO9001,0,0
4,APAC,3786.11,67.42,3,35.16,1,0.0,825,5.36,0.042,0.01,13,76.01,ISO9001,1,0
4,APAC,3786.11,67.42,3,34.94,1,0.0,890,4.2,0.066,0.023,23,86.37,None,0,0
4,APAC,3786.11,67.42,3,35.58,1,0.0,984,4.95,0.036,0.031,35,77.44,ISO9001,0,0
4,APAC,3786.11,67.42,3,34.17,1,0.0,874,4.97,0.025,0.019,20,70.09,ISO9001,1,0
4,APAC,3786.11,67.42,3,34.49,1,0.0,1547,5.19,0.035,0.023,33,79.26,ISO9001+ISO14001,1,0
4,APAC,3786.11,67.42,3,39.44,1,0.0,1173,4.4,0.073,0.017,16,75.62,None,0,0
4,APAC,3786.11,67.42,3,29.81,1,0.0,651,5.08,0.034,0.017,16,69.36,ISO9001,1,0
4,APAC,3786.11,67.42,3,34.73,0,3.08,971,4.75,0.046,0.011,11,74.74,None,0,0
4,APAC,3786.11,67.42,3,33.44,0,7.43,938,4.07,0.048,0.023,19,74.66,None,1,0
4,APAC,3786.11,67.42,3,29.87,1,0.0,1386,5.85,0.022,0.008,18,69.83,ISO9001,0,0
4,APAC,3786.11,67.42,3,33.24,1,0.0,697,5.55,0.023,0.019,15,82.49,None,1,0
4,APAC,3786.11,67.42,3,33.28,0,10.15,1162,4.34,0.036,0.027,43,81.0,ISO9001,1,0
4,APAC,3786.11,67.42,3,31.53,1,0.0,679,5.15,0.039,0.047,36,77.18,ISO9001+ISO14001,1,0
5,EMEA,1997.59,56.99,4,25.49,1,0.0,1196,4.68,0.028,0.008,19,67.55,ISO9001,0,0
5,EMEA,1997.59,56.99,4,25.78,1,0.0,905,5.14,0.015,0.035,36,86.42,ISO9001,0,0
5,EMEA,1997.59,56.99,4,22.85,1,0.0,1428,5.18,0.063,0.016,20,73.51,ISO9001,0,0
5,EMEA,1997.59,56.99,4,21.4,1,0.0,1330,4.31,0.011,0.026,33,68.86,None,0,0
5,EMEA,1997.59,56.99,4,26.46,1,0.0,1528,5.08,0.023,0.023,45,65.01,ISO9001+ISO14001,1,0
5,EMEA,1997.59,56.99,4,24.33,0,8.2,1214,5.48,0.048,0.027,30,89.97,ISO9001+ISO14001,1,0
5,EMEA,1997.59,56.99,4,23.14,1,0.0,655,4.79,0.048,0.037,31,68.77,None,0,0
5,EMEA,1997.59,56.99,4,23.77,1,0.0,1015,3.96,0.04,0.022,21,68.83,None,1,0
5,EMEA,1997.59,56.99,4,31.6,1,0.0,1389,5.36,0.03,0.011,21,85.83,ISO9001,1,0
5,EMEA,1997.59,56.99,4,25.09,1,0.0,1083,6.2,0.026,0.028,31,62.9,ISO9001,1,0
5,EMEA,1997.59,56.99,4,32.28,1,0.0,448,4.92,0.035,0.041,17,72.02,ISO9001,1,0
5,EMEA,1997.59,56.99,4,30.75,1,0.0,1259,5.31,0.032,0.023,23,75.69,ISO9001,1,0
5,EMEA,1997.59,56.99,4,23.24,1,0.0,653,5.7,0.057,0.021,9,67.75,ISO9001+ISO14001,0,0
5,EMEA,1997.59,56.99,4,28.22,1,0.0,1248,4.67,0.042,0.007,5,83.04,ISO9001,1,0
5,EMEA,1997.59,56.99,4,29.48,1,0.0,295,5.02,0.009,0.033,13,100.0,None,0,0
5,EMEA,1997.59,56.99,4,25.24,0,6.34,1321,4.41,0.069,0.013,13,78.18,ISO9001+ISO14001,0,0
5,EMEA,1997.59,56.99,4,23.17,0,3.71,987,5.69,0.012,0.027,31,81.51,ISO9001,1,0
5,EMEA,1997.59,56.99,4,30.55,1,0.0,1214,5.34,0.074,0.003,2,88.23,ISO9001,1,0
5,EMEA,1997.59,56.99,4,23.08,1,0.0,904,4.59,0.048,0.008,5,89.72,None,0,0
5,EMEA,1997.59,56.99,4,23.86,1,0.0,717,4.67,0.038,0.02,14,61.26,ISO9001+ISO14001,0,0
5,EMEA,1997.59,56.99,4,26.47,1,0.0,1156,4.81,0.005,0.008,8,58.54,ISO9001,1,0
5,EMEA,1997.59,56.99,4,26.18,0,5.42,1350,4.59,0.031,0.014,16,84.15,ISO9001,0,0
5,EMEA,1997.59,56.99,4,21.83,1,0.0,1117,6.54,0.018,0.032,38,77.92,ISO9001+ISO14001,0,0
5,EMEA,1997.59,56.99,4,25.29,1,0.0,1482,3.86,0.045,0.026,22,69.61,ISO9001,1,0
5,EMEA,1997.59,56.99,4,26.45,1,0.0,1173,3.78,0.067,0.045,50,85.22,ISO9001,0,0
5,EMEA,1997.59,56.99,4,25.64,1,0.0,853,5.58,0.022,0.021,12,56.32,ISO9001,1,0
5,EMEA,1997.59,56.99,4,23.88,1,0.0,1471,4.27,0.017,0.014,19,87.4,None,0,0
5,EMEA,1997.59,56.99,4,23.84,1,0.0,1266,4.45,0.067,0.036,51,76.11,ISO9001+ISO14001,1,0
5,EMEA,1997.59,56.99,4,30.65,1,0.0,1295,4.77,0.022,0.023,32,73.26,None,0,0
5,EMEA,1997.59,56.99,4,23.16,1,0.0,1490,5.39,0.061,0.017,27,74.64,ISO9001,0,0
5,EMEA,1997.59,56.99,4,23.02,1,0.0,919,4.36,0.045,0.02,12,85.62,ISO9001,1,0
5,EMEA,1997.59,56.99,4,26.37,1,0.0,832,4.76,0.053,0.029,31,88.27,ISO9001+ISO14001,1,0
5,EMEA,1997.59,56.99,4,24.75,1,0.0,886,4.69,0.053,0.024,15,63.74,ISO9001,0,0
5,EMEA,1997.59,56.99,4,24.27,1,0.0,816,5.68,0.033,0.014,12,71.68,None,0,0
5,EMEA,1997.59,56.99,4,26.52,1,0.0,860,2.8,0.04,0.003,5,77.85,ISO9001+ISO14001,0,0
5,EMEA,1997.59,56.99,4,24.82,1,0.0,966,4.67,0.026,0.013,16,87.29,ISO9001,0,0
5,EMEA,1997.59,56.99,4,25.24,1,0.0,957,5.28,0.054,0.025,26,68.67,ISO9001,1,0
5,EMEA,1997.59,56.99,4,25.15,0,7.96,1271,5.32,0.03,0.046,54,79.34,ISO9001,1,0
5,EMEA,1997.59,56.99,4,21.75,1,0.0,1101,5.24,0.033,0.011,10,60.99,None,0,0
5,EMEA,1997.59,56.99,4,28.69,0,11.4,1219,4.64,0.02,0.0,0,69.46,ISO9001,0,0
5,EMEA,1997.59,56.99,4,27.83,0,5.99,1165,5.87,0.016,0.018,20,61.52,ISO9001+ISO14001,1,0
6,APAC,4100.91,52.02,6,34.65,1,0.0,1129,4.76,0.052,0.021,24,73.9,None,0,0
6,APAC,4100.91,52.02,6,36.85,1,0.0,1073,4.76,0.006,0.028,24,66.25,ISO9001,1,0
6,APAC,4100.91,52.02,6,29.44,1,0.0,871,4.51,0.012,0.026,27,74.43,ISO9001,0,0
6,APAC,4100.91,52.02,6,35.32,0,7.01,1145,5.03,0.026,0.008,7,78.5,ISO9001+ISO14001,1,0
6,APAC,4100.91,52.02,6,32.1,0,11.38,924,5.2,0.043,0.0,0,78.07,None,0,0
6,APAC,4100.91,52.02,6,33.64,1,0.0,945,5.1,0.024,0.018,19,63.29,ISO9001,0,0
6,APAC,4100.91,52.02,6,40.31,1,0.0,1067,5.71,0.056,0.035,32,87.65,ISO9001,1,0
6,APAC,4100.91,52.02,6,34.94,1,0.0,1050,4.53,0.0,0.012,15,56.57,ISO9001,1,0
6,APAC,4100.91,52.02,6,29.38,0,7.61,1023,6.0,0.073,0.006,9,87.19,ISO9001,0,0
6,APAC,4100.91,52.02,6,37.21,1,0.0,851,4.5,0.02,0.017,12,62.31,ISO9001+ISO14001,1,0
6,APAC,4100.91,52.02,6,34.19,1,0.0,527,4.53,0.024,0.019,10,70.97,None,1,0
6,APAC,4100.91,52.02,6,34.45,1,0.0,1176,4.72,0.058,0.023,21,78.37,None,0,0
6,APAC,4100.91,52.02,6,37.45,1,0.0,1093,5.53,0.038,0.031,40,76.56,ISO9001+ISO14001,0,0
6,APAC,4100.91,52.02,6,34.73,1,0.0,950,4.47,0.077,0.023,21,61.14,None,0,0
6,APAC,4100.91,52.02,6,40.15,0,3.54,1016,4.79,0.027,0.0,0,81.1,ISO9001,0,0
6,APAC,4100.91,52.02,6,37.92,1,0.0,1587,5.26,0.032,0.03,47,82.09,ISO9001+ISO14001,0,0
6,APAC,4100.91,52.02,6,32.87,1,0.0,1507,4.79,0.023,0.022,31,61.23,None,0,0
6,APAC,4100.91,52.02,6,32.84,1,0.0,1280,4.72,0.045,0.024,32,65.99,ISO9001,1,0
6,APAC,4100.91,52.02,6,37.6,0,7.55,665,5.07,0.02,0.026,18,75.63,ISO9001+ISO14001,1,0
6,APAC,4100.91,52.02,6,36.57,1,0.0,1290,4.82,0.029,0.02,31,69.3,None,1,0
6,APAC,4100.91,52.02,6,33.63,1,0.0,1374,4.84,0.067,0.018,19,80.63,None,0,0
6,APAC,4100.91,52.02,6,41.65,1,0.0,700,5.78,0.027,0.015,7,46.91,ISO9001+ISO14001,1,0
6,APAC,4100.91,52.02,6,36.8,1,0.0,1422,4.97,0.054,0.011,12,73.29,ISO9001,1,0
6,APAC,4100.91,52.02,6,30.4,1,0.0,954,4.51,0.044,0.014,15,61.12,ISO9001,1,0
6,APAC,4100.91,52.02,6,29.86,1,0.0,1152,5.38,0.011,0.015,18,78.24,ISO9001,1,0
6,APAC,4100.91,52.02,6,30.91,1,0.0,1276,5.22,0.023,0.023,30,77.92,ISO9001+ISO14001,1,0
6,APAC,4100.91,52.02,6,34.75,0,4.73,1053,5.02,0.027,0.022,23,62.64,ISO9001+ISO14001,0,1
6,APAC,4100.91,52.02,6,35.26,1,0.0,699,4.1,0.04,0.023,13,98.03,None,0,0
6,APAC,4100.91,52.02,6,36.82,1,0.0,628,6.57,0.042,0.026,10,82.46,ISO9001,0,0
6,APAC,4100.91,52.02,6,38.06,1,0.0,651,5.86,0.065,0.024,20,79.09,ISO9001,1,0
6,APAC,4100.91,52.02,6,39.02,1,0.0,1126,5.23,0.056,0.024,23,84.28,ISO9001+ISO14001,0,0
6,APAC,4100.91,52.02,6,40.97,1,0.0,967,5.54,0.054,0.025,23,60.65,ISO9001,0,0
6,APAC,4100.91,52.02,6,31.93,1,0.0,926,5.49,0.098,0.026,27,84.06,ISO9001+ISO14001,1,0
6,APAC,4100.91,52.02,6,31.21,1,0.0,727,4.6,0.031,0.008,2,62.64,None,0,0
6,APAC,4100.91,52.02,6,34.58,0,9.01,914,5.4,0.006,0.041,31,88.78,None,1,0
6,APAC,4100.91,52.02,6,35.54,1,0.0,805,5.45,0.037,0.014,9,86.34,ISO9001,0,0
6,APAC,4100.91,52.02,6,32.91,1,0.0,1115,4.4,0.073,0.013,12,96.73,ISO9001,1,0
6,APAC,4100.91,52.02,6,30.8,0,6.48,1169,4.24,0.059,0.01,9,78.14,ISO9001,1,0
6,APAC,4100.91,52.02,6,29.01,1,0.0,1140,4.74,0.015,0.002,4,63.21,None,0,0
6,APAC,4100.91,52.02,6,31.01,1,0.0,1391,4.8,0.024,0.032,55,81.45,None,0,0
6,APAC,4100.91,52.02,6,29.75,0,4.99,945,5.21,0.046,0.021,23,79.03,None,0,0
6,APAC,4100.91,52.02,6,32.84,1,0.0,836,4.84,0.01,0.007,3,75.82,ISO9001,0,0
6,APAC,4100.91,52.02,6,35.9,1,0.0,745,5.02,0.073,0.012,11,88.49,None,0,0
6,APAC,4100.91,52.02,6,31.94,0,6.62,936,4.86,0.047,0.019,15,75.06,ISO9001,1,0
6,APAC,4100.91,52.02,6,31.27,1,0.0,1175,5.66,0.014,0.029,30,81.65,None,0,0
6,APAC,4100.91,52.02,6,35.06,1,0.0,602,4.57,0.058,0.014,17,69.6,ISO9001,1,0
6,APAC,4100.91,52.02,6,37.36,1,0.0,985,5.62,0.022,0.011,11,85.11,ISO9001,1,0
6,APAC,4100.91,52.02,6,26.61,1,0.0,746,4.92,0.048,0.017,15,69.82,ISO9001,1,0
6,APAC,4100.91,52.02,6,34.26,1,0.0,1670,5.49,0.019,0.008,19,72.45,ISO9001+ISO14001,0,0
7,APAC,4153.57,63.6,3,31.08,1,0.0,946,5.68,0.023,0.03,27,79.03,ISO9001,0,0
7,APAC,4153.57,63.6,3,30.74,1,0.0,1349,5.12,0.051,0.015,16,72.74,ISO9001,0,0
7,APAC,4153.57,63.6,3,35.64,1,0.0,917,5.33,0.042,0.011,8,93.62,None,0,0
7,APAC,4153.57,63.6,3,39.05,1,0.0,978,5.32,0.015,0.013,13,53.85,ISO9001,1,0
7,APAC,4153.57,63.6,3,36.66,1,0.0,755,4.88,0.041,0.026,22,94.17,None,1,0
7,APAC,4153.57,63.6,3,32.82,1,0.0,1038,4.72,0.034,0.019,24,78.37,ISO9001,1,0
7,APAC,4153.57,63.6,3,32.39,1,0.0,575,4.63,0.067,0.0,0,69.53,ISO9001,0,0
7,APAC,4153.57,63.6,3,42.41,1,0.0,1359,5.93,0.054,0.017,25,80.03,None,0,0
7,APAC,4153.57,63.6,3,31.25,1,0.0,1249,4.33,0.029,0.021,19,63.04,None,0,0
7,APAC,4153.57,63.6,3,30.07,0,4.46,835,5.05,0.022,0.029,32,69.41,None,0,0
7,APAC,4153.57,63.6,3,37.18,1,0.0,873,4.31,0.047,0.029,28,97.65,ISO9001,1,0
7,APAC,4153.57,63.6,3,33.98,1,0.0,993,5.88,0.055,0.011,10,69.58,ISO9001,0,0
7,APAC,4153.57,63.6,3,33.92,1,0.0,903,4.83,0.027,0.0,0,85.1,ISO9001,1,0
7,APAC,4153.57,63.6,3,32.38,1,0.0,982,5.01,0.002,0.019,21,61.69,None,0,0
7,APAC,4153.57,63.6,3,34.56,1,0.0,1131,5.36,0.039,0.018,18,86.12,ISO9001,1,0
7,APAC,4153.57,63.6,3,37.78,1,0.0,1240,5.28,0.011,0.008,7,94.7,ISO9001,1,0
7,APAC,4153.57,63.6,3,35.66,1,0.0,539,3.63,0.004,0.022,17,75.98,ISO9001,1,0
7,APAC,4153.57,63.6,3,36.42,0,6.68,793,4.26,0.025,0.018,13,73.79,ISO9001,0,0
7,APAC,4153.57,63.6,3,40.66,1,0.0,578,5.17,0.048,0.024,13,65.26,None,0,0
7,APAC,4153.57,63.6,3,31.21,0,6.02,1178,5.37,0.035,0.029,32,77.27,ISO9001,1,0
7,APAC,4153.57,63.6,3,29.89,1,0.0,652,4.82,0.034,0.015,14,71.92,ISO9001+ISO14001,1,0
7,APAC,4153.57,63.6,3,37.27,1,0.0,1005,4.99,0.05,0.038,43,64.58,ISO9001,0,0
7,APAC,4153.57,63.6,3,36.29,1,0.0,1164,4.75,0.037,0.013,11,69.81,ISO9001+ISO14001,1,0
7,APAC,4153.57,63.6,3,31.1,1,0.0,966,4.17,0.058,0.012,14,81.54,None,0,0
7,APAC,4153.57,63.6,3,35.13,1,0.0,1010,6.22,0.0,0.02,20,80.81,None,0,0
7,APAC,4153.57,63.6,3,41.09,1,0.0,1519,5.32,0.037,0.024,37,82.81,None,1,0
7,APAC,4153.57,63.6,3,35.05,1,0.0,1337,5.49,0.016,0.013,11,79.77,ISO9001,1,0
7,APAC,4153.57,63.6,3,31.75,1,0.0,1105,5.6,0.036,0.04,38,75.69,ISO9001,0,0
7,APAC,4153.57,63.6,3,36.1,1,0.0,293,4.91,0.039,0.039,12,62.66,ISO9001,0,0
7,APAC,4153.57,63.6,3,36.79,1,0.0,1034,4.79,0.05,0.02,29,65.04,ISO9001+ISO14001,0,0
7,APAC,4153.57,63.6,3,36.4,1,0.0,1275,4.99,0.009,0.006,3,89.96,None,0,0
7,APAC,4153.57,63.6,3,33.31,1,0.0,1006,4.8,0.022,0.041,50,78.74,None,1,0
7,APAC,4153.57,63.6,3,32.44,0,8.0,945,5.03,0.03,0.008,14,89.47,ISO9001+ISO14001,1,0
7,APAC,4153.57,63.6,3,32.35,1,0.0,1220,4.85,0.008,0.01,14,77.47,ISO9001+ISO14001,0,0
7,APAC,4153.57,63.6,3,37.62,1,0.0,1080,5.02,0.031,0.025,25,85.65,ISO9001+ISO14001,1,0
7,APAC,4153.57,63.6,3,33.64,1,0.0,749,5.46,0.045,0.035,22,77.02,ISO9001,1,0
7,APAC,4153.57,63.6,3,37.6,1,0.0,953,5.08,0.016,0.024,29,86.7,ISO9001,0,0
7,APAC,4153.57,63.6,3,33.74,1,0.0,940,4.58,0.044,0.02,15,93.07,None,0,0
7,APAC,4153.57,63.6,3,33.95,1,0.0,977,4.49,0.055,0.019,17,93.12,ISO9001,1,0
7,APAC,4153.57,63.6,3,35.31,1,0.0,1163,5.55,0.022,0.024,26,100.0,ISO9001,0,0
7,APAC,4153.57,63.6,3,32.54,0,8.89,1015,5.18,0.073,0.045,45,67.57,ISO9001+ISO14001,1,1
7,APAC,4153.57,63.6,3,35.81,1,0.0,994,5.95,0.048,0.023,24,88.95,ISO9001,0,0
7,APAC,4153.57,63.6,3,35.6,1,0.0,1128,4.95,0.019,0.016,24,65.99,None,0,0
7,APAC,4153.57,63.6,3,28.47,1,0.0,624,5.39,0.039,0.01,5,89.17,ISO9001,0,0
7,APAC,4153.57,63.6,3,31.38,1,0.0,1067,5.59,0.059,0.022,17,64.54,ISO9001+ISO14001,1,0
7,APAC,4153.57,63.6,3,34.08,1,0.0,1028,5.39,0.033,0.024,33,67.08,None,0,0
7,APAC,4153.57,63.6,3,38.09,1,0.0,886,5.72,0.029,0.035,26,81.29,ISO9001+ISO14001,1,0
7,APAC,4153.57,63.6,3,32.29,1,0.0,637,5.16,0.035,0.019,14,72.36,ISO9001,0,0
7,APAC,4153.57,63.6,3,32.44,1,0.0,1355,5.2,0.001,0.013,13,82.59,ISO9001,1,0
7,APAC,4153.57,63.6,3,30.51,1,0.0,843,5.79,0.034,0.03,21,69.98,ISO9001,1,0
7,APAC,4153.57,63.6,3,32.79,1,0.0,1300,5.8,0.041,0.009,13,75.27,ISO9001+ISO14001,1,0
7,APAC,4153.57,63.6,3,35.56,1,0.0,900,3.79,0.02,0.008,11,80.16,ISO9001,0,0
8,EMEA,3126.59,55.61,3,28.41,1,0.0,1132,6.04,0.003,0.024,29,75.19,ISO9001,0,0
8,EMEA,3126.59,55.61,3,30.25,1,0.0,914,5.6,0.029,0.023,23,74.77,ISO9001,1,0
8,EMEA,3126.59,55.61,3,33.5,1,0.0,1043,4.97,0.019,0.016,15,64.27,ISO9001,1,0
8,EMEA,3126.59,55.61,3,27.32,1,0.0,1131,3.94,0.073,0.024,20,73.72,ISO9001,0,0
8,EMEA,3126.59,55.61,3,28.69,1,0.0,731,4.94,0.056,0.013,13,73.75,ISO9001,0,0
8,EMEA,3126.59,55.61,3,27.83,1,0.0,1164,5.05,0.015,0.028,32,75.85,None,1,0
8,EMEA,3126.59,55.61,3,31.84,1,0.0,1253,5.24,0.045,0.013,14,73.43,ISO9001,1,0
8,EMEA,3126.59,55.61,3,30.8,0,9.23,1538,4.77,0.047,0.022,36,87.4,ISO9001,0,0
8,EMEA,3126.59,55.61,3,29.84,1,0.0,749,5.41,0.024,0.029,21,76.07,ISO9001,1,0
8,EMEA,3126.59,55.61,3,33.58,1,0.0,1152,4.87,0.043,0.025,27,84.14,ISO9001+ISO14001,1,0
8,EMEA,3126.59,55.61,3,26.02,1,0.0,506,4.4,0.005,0.04,18,61.88,None,0,0
8,EMEA,3126.59,55.61,3,25.11,1,0.0,1165,4.89,0.058,0.02,27,74.84,ISO9001,1,0
8,EMEA,3126.59,55.61,3,36.2,1,0.0,1048,4.63,0.024,0.039,39,63.65,ISO9001,1,0
8,EMEA,3126.59,55.61,3,29.23,0,1.11,1090,5.43,0.016,0.017,10,79.1,ISO9001,0,0
8,EMEA,3126.59,55.61,3,25.77,0,8.2,916,3.67,0.068,0.022,21,86.01,None,1,0
8,EMEA,3126.59,55.61,3,29.15,1,0.0,1358,3.72,0.02,0.042,60,71.1,ISO9001+ISO14001,0,0
8,EMEA,3126.59,55.61,3,30.18,1,0.0,880,4.81,0.03,0.027,23,66.64,ISO9001,1,0
8,EMEA,3126.59,55.61,3,34.42,1,0.0,799,5.22,0.037,0.029,21,78.83,ISO9001,1,0
8,EMEA,3126.59,55.61,3,28.86,1,0.0,1448,5.81,0.038,0.02,27,83.6,ISO9001,1,0
8,EMEA,3126.59,55.61,3,26.08,1,0.0,1087,5.46,0.055,0.011,8,85.15,ISO9001+ISO14001,1,0
8,EMEA,3126.59,55.61,3,31.76,1,0.0,852,3.76,0.02,0.006,7,79.15,ISO9001+ISO14001,1,0
8,EMEA,3126.59,55.61,3,31.58,0,7.01,902,5.37,0.045,0.014,12,74.79,ISO9001,1,0
8,EMEA,3126.59,55.61,3,33.19,0,5.9,912,3.65,0.036,0.02,14,53.16,ISO9001,0,1
8,EMEA,3126.59,55.61,3,28.3,1,0.0,758,5.46,0.008,0.021,17,94.28,ISO9001,1,0
8,EMEA,3126.59,55.61,3,30.07,0,5.95,1101,4.39,0.046,0.036,38,85.47,ISO9001,1,0
9,AMER,1628.46,79.15,8,21.01,1,0.0,1025,4.49,0.033,0.016,15,82.28,ISO9001+ISO14001,0,0
9,AMER,1628.46,79.15,8,23.74,1,0.0,934,4.74,0.016,0.017,12,79.48,ISO9001,1,0
9,AMER,1628.46,79.15,8,22.65,1,0.0,748,4.24,0.023,0.022,12,81.91,ISO9001+ISO14001,1,0
9,AMER,1628.46,79.15,8,27.47,1,0.0,651,4.65,0.059,0.013,5,87.33,ISO9001,1,0
9,AMER,1628.46,79.15,8,21.08,1,0.0,1029,5.4,0.039,0.015,13,81.54,ISO9001,1,0
9,AMER,1628.46,79.15,8,21.69,1,0.0,474,4.87,0.078,0.007,0,68.65,ISO9001,1,0
9,AMER,1628.46,79.15,8,24.03,1,0.0,1024,4.78,0.093,0.011,12,74.63,ISO9001,0,0
9,AMER,1628.46,79.15,8,25.74,1,0.0,1035,4.14,0.041,0.007,7,77.14,ISO9001+ISO14001,0,0
9,AMER,1628.46,79.15,8,22.33,1,0.0,636,5.03,0.032,0.0,0,73.75,ISO9001+ISO14001,1,0
9,AMER,1628.46,79.15,8,16.93,1,0.0,584,4.74,0.047,0.004,2,81.38,ISO9001,1,0
9,AMER,1628.46,79.15,8,27.25,0,2.79,724,5.65,0.026,0.007,3,83.34,None,0,0
9,AMER,1628.46,79.15,8,24.57,1,0.0,832,5.31,0.016,0.02,14,91.3,ISO9001,0,0
9,AMER,1628.46,79.15,8,26.42,0,6.95,931,5.06,0.024,0.0,0,74.61,ISO9001,0,0
9,AMER,1628.46,79.15,8,22.65,1,0.0,1362,4.47,0.071,0.011,15,71.17,ISO9001+ISO14001,1,0
9,AMER,1628.46,79.15,8,20.21,1,0.0,929,5.89,0.022,0.0,0,85.02,None,1,0
9,AMER,1628.46,79.15,8,29.68,1,0.0,940,4.69,0.024,0.002,0,77.25,ISO9001,1,0
9,AMER,1628.46,79.15,8,24.43,1,0.0,1189,4.71,0.041,0.0,0,73.97,None,0,0
10,APAC,3329.77,69.09,8,32.47,1,0.0,840,5.06,0.053,0.009,9,65.89,None,0,0
10,APAC,3329.77,69.09,8,34.55,0,8.67,1436,5.41,0.05,0.009,4,70.15,ISO9001,1,0
10,APAC,3329.77,69.09,8,35.5,1,0.0,1077,5.12,0.055,0.018,22,76.48,ISO9001,1,0
10,APAC,3329.77,69.09,8,28.1,1,0.0,645,5.66,0.014,0.026,22,61.21,ISO9001+ISO14001,1,0
10,APAC,3329.77,69.09,8,34.85,1,0.0,1016,4.71,0.0,0.021,19,81.43,ISO9001,1,0
10,APAC,3329.77,69.09,8,28.93,1,0.0,1001,4.59,0.081,0.002,2,84.49,None,0,0
10,APAC,3329.77,69.09,8,26.12,1,0.0,879,5.23,0.058,0.014,9,66.46,None,0,0
10,APAC,3329.77,69.09,8,28.53,1,0.0,1057,4.17,0.069,0.029,34,85.59,ISO9001+ISO14001,1,0
10,APAC,3329.77,69.09,8,29.68,1,0.0,718,5.26,0.039,0.021,20,72.05,None,0,0
10,APAC,3329.77,69.09,8,23.11,1,0.0,985,5.58,0.029,0.015,5,70.48,None,0,0
10,APAC,3329.77,69.09,8,29.51,1,0.0,1139,4.68,0.001,0.024,24,70.09,ISO9001,1,0
10,APAC,3329.77,69.09,8,34.93,1,0.0,856,4.9,0.009,0.034,32,81.52,ISO9001,1,0
10,APAC,3329.77,69.09,8,25.17,1,0.0,1023,5.08,0.036,0.024,41,82.44,None,0,0
10,APAC,3329.77,69.09,8,29.73,1,0.0,1431,5.55,0.028,0.0,0,78.72,ISO9001,1,0
10,APAC,3329.77,69.09,8,27.58,1,0.0,686,5.13,0.051,0.028,33,69.78,ISO9001+ISO14001,1,0
10,APAC,3329.77,69.09,8,29.79,1,0.0,1530,5.12,0.052,0.013,14,77.52,ISO9001+ISO14001,1,0
10,APAC,3329.77,69.09,8,34.9,1,0.0,1299,5.41,0.036,0.012,16,75.5,ISO9001,1,0
10,APAC,3329.77,69.09,8,34.12,1,0.0,555,4.39,0.002,0.004,5,88.43,None,1,0
10,APAC,3329.77,69.09,8,34.79,1,0.0,873,5.8,0.043,0.018,18,81.53,ISO9001,1,0
10,APAC,3329.77,69.09,8,30.99,0,5.45,968,5.58,0.063,0.025,27,89.79,ISO9001,0,0
10,APAC,3329.77,69.09,8,32.27,1,0.0,873,5.99,0.031,0.008,9,81.98,None,1,0
10,APAC,3329.77,69.09,8,35.01,1,0.0,877,4.59,0.032,0.036,34,65.55,ISO9001,1,0
10,APAC,3329.77,69.09,8,30.62,1,0.0,1157,5.17,0.002,0.021,18,66.88,None,0,0
10,APAC,3329.77,69.09,8,31.89,0,5.42,677,5.59,0.03,0.023,18,70.26,ISO9001,1,0
10,APAC,3329.77,69.09,8,28.4,1,0.0,1101,4.32,0.026,0.027,30,68.92,ISO9001,0,0
10,APAC,3329.77,69.09,8,35.79,1,0.0,882,4.87,0.018,0.02,18,88.6,None,0,0
10,APAC,3329.77,69.09,8,27.35,1,0.0,553,6.26,0.036,0.02,7,70.34,ISO9001+ISO14001,0,0
10,APAC,3329.77,69.09,8,31.4,0,5.52,1004,5.4,0.019,0.018,23,86.71,None,0,0
11,EMEA,2626.24,70.84,10,27.77,1,0.0,1178,5.45,0.016,0.0,0,65.76,ISO9001,1,0
11,EMEA,2626.24,70.84,10,27.13,1,0.0,1306,4.99,0.033,0.012,18,93.49,None,0,0
11,EMEA,2626.24,70.84,10,24.32,1,0.0,1144,4.57,0.053,0.021,23,80.11,ISO9001,0,0
11,EMEA,2626.24,70.84,10,25.94,1,0.0,1584,4.28,0.025,0.028,39,75.59,ISO9001+ISO14001,1,0
11,EMEA,2626.24,70.84,10,30.11,1,0.0,1349,5.03,0.056,0.007,17,78.86,ISO9001,0,0
11,EMEA,2626.24,70.84,10,28.12,1,0.0,1267,4.41,0.06,0.013,16,66.92,None,0,0
11,EMEA,2626.24,70.84,10,26.72,0,5.92,949,5.32,0.028,0.018,20,62.78,ISO9001,1,0
11,EMEA,2626.24,70.84,10,27.16,1,0.0,1047,4.01,0.003,0.014,19,81.93,None,0,0
11,EMEA,2626.24,70.84,10,32.41,1,0.0,995,4.38,0.016,0.013,19,79.86,ISO9001,1,0
11,EMEA,2626.24,70.84,10,28.05,1,0.0,1052,5.18,0.041,0.012,11,66.87,ISO9001,1,0
11,EMEA,2626.24,70.84,10,27.84,1,0.0,1569,4.54,0.03,0.02,38,65.64,ISO9001,1,0
11,EMEA,2626.24,70.84,10,31.31,1,0.0,1148,5.07,0.054,0.016,19,72.95,None,0,0
11,EMEA,2626.24,70.84,10,29.5,1,0.0,493,5.72,0.082,0.031,14,74.01,ISO9001,1,0
11,EMEA,2626.24,70.84,10,25.54,1,0.0,868,5.58,0.062,0.0,0,80.11,ISO9001+ISO14001,1,0
11,EMEA,2626.24,70.84,10,26.65,1,0.0,1258,4.09,0.056,0.038,55,83.16,ISO9001,1,0
11,EMEA,2626.24,70.84,10,24.98,1,0.0,1096,5.44,0.086,0.025,30,81.44,ISO9001,0,0
11,EMEA,2626.24,70.84,10,25.08,1,0.0,836,5.42,0.028,0.035,25,92.39,ISO9001,1,0
11,EMEA,2626.24,70.84,10,30.36,1,0.0,733,5.21,0.049,0.02,17,92.89,ISO9001,1,0
11,EMEA,2626.24,70.84,10,28.88,1,0.0,1144,4.48,0.053,0.021,25,86.89,ISO9001,1,0
11,EMEA,2626.24,70.84,10,33.8,1,0.0,1344,5.26,0.048,0.036,53,80.58,ISO9001+ISO14001,0,0
11,EMEA,2626.24,70.84,10,31.12,1,0.0,966,5.01,0.042,0.034,29,58.64,None,0,0
11,EMEA,2626.24,70.84,10,32.0,0,7.31,900,5.4,0.055,0.014,11,77.67,ISO9001,0,0
11,EMEA,2626.24,70.84,10,31.07,0,8.46,481,3.89,0.007,0.013,5,77.37,ISO9001+ISO14001,1,0
11,EMEA,2626.24,70.84,10,30.68,1,0.0,684,4.25,0.077,0.0,0,75.42,ISO9001,1,0
11,EMEA,2626.24,70.84,10,26.02,1,0.0,1215,5.72,0.017,0.025,33,79.71,ISO9001+ISO14001,1,0
11,EMEA,2626.24,70.84,10,27.48,1,0.0,1098,6.07,0.048,0.02,18,100.0,ISO9001+ISO14001,1,0
11,EMEA,2626.24,70.84,10,26.79,1,0.0,1022,5.91,0.016,0.012,9,61.25,None,0,0
12,EMEA,2070.69,64.61,9,28.16,1,0.0,911,4.06,0.052,0.016,16,88.24,ISO9001,1,0
12,EMEA,2070.69,64.61,9,19.85,1,0.0,1260,5.34,0.032,0.016,13,86.01,ISO9001,1,0
12,EMEA,2070.69,64.61,9,26.7,1,0.0,903,5.82,0.025,0.013,12,72.34,ISO9001,0,0
12,EMEA,2070.69,64.61,9,25.48,1,0.0,222,4.66,0.0,0.0,0,86.36,ISO9001,1,0
12,EMEA,2070.69,64.61,9,28.84,0,4.2,1183,4.02,0.009,0.0,0,67.29,ISO9001,1,0
12,EMEA,2070.69,64.61,9,22.83,1,0.0,1048,4.8,0.05,0.007,10,65.51,ISO9001,1,0
12,EMEA,2070.69,64.61,9,23.48,0,8.32,852,5.02,0.06,0.008,10,69.83,None,1,0
12,EMEA,2070.69,64.61,9,27.79,1,0.0,1006,5.75,0.05,0.0,2,78.11,None,0,0
12,EMEA,2070.69,64.61,9,25.54,1,0.0,879,3.92,0.032,0.008,4,82.79,ISO9001,0,0
12,EMEA,2070.69,64.61,9,23.26,1,0.0,1166,4.7,0.041,0.003,1,79.02,None,0,0
12,EMEA,2070.69,64.61,9,24.66,1,0.0,1035,4.87,0.049,0.016,12,83.37,ISO9001+ISO14001,1,0
12,EMEA,2070.69,64.61,9,25.27,1,0.0,884,5.21,0.054,0.022,9,74.15,ISO9001,1,0
12,EMEA,2070.69,64.61,9,25.77,1,0.0,895,5.64,0.024,0.012,7,85.29,ISO9001+ISO14001,1,0
12,EMEA,2070.69,64.61,9,31.28,1,0.0,1145,5.13,0.012,0.019,25,78.51,ISO9001,1,0
12,EMEA,2070.69,64.61,9,26.11,1,0.0,1066,5.83,0.039,0.0,0,68.25,ISO9001,1,0
12,EMEA,2070.69,64.61,9,27.81,1,0.0,838,5.13,0.017,0.0,0,63.89,ISO9001,0,0
12,EMEA,2070.69,64.61,9,22.12,1,0.0,1319,4.86,0.031,0.008,5,77.67,None,1,0
12,EMEA,2070.69,64.61,9,29.12,0,6.41,1068,4.93,0.039,0.003,5,81.94,ISO9001,1,0
12,EMEA,2070.69,64.61,9,32.57,1,0.0,770,5.14,0.0,0.006,3,62.67,None,0,0
12,EMEA,2070.69,64.61,9,27.08,1,0.0,1187,5.68,0.043,0.009,9,89.0,ISO9001+ISO14001,1,0
12,EMEA,2070.69,64.61,9,30.7,1,0.0,1041,5.42,0.049,0.0,1,76.92,None,1,0
12,EMEA,2070.69,64.61,9,22.59,1,0.0,818,5.78,0.042,0.006,3,77.67,ISO9001,0,0
12,EMEA,2070.69,64.61,9,27.76,0,1.58,902,5.27,0.038,0.025,23,65.0,None,1,0
12,EMEA,2070.69,64.61,9,26.7,1,0.0,1157,4.62,0.035,0.002,3,63.74,None,0,0
12,EMEA,2070.69,64.61,9,21.26,1,0.0,990,5.9,0.052,0.022,22,59.98,ISO9001+ISO14001,1,0
12,EMEA,2070.69,64.61,9,27.29,1,0.0,927,6.02,0.061,0.013,16,68.03,ISO9001,0,0
12,EMEA,2070.69,64.61,9,29.7,1,0.0,749,5.14,0.025,0.019,17,81.02,None,0,0
12,EMEA,2070.69,64.61,9,26.08,1,0.0,917,4.75,0.076,0.005,7,72.93,ISO9001,1,0
12,EMEA,2070.69,64.61,9,19.78,0,2.27,850,4.74,0.012,0.003,2,79.43,ISO9001,0,0
12,EMEA,2070.69,64.61,9,28.35,1,0.0,979,4.25,0.047,0.011,13,78.2,ISO9001,1,0
12,EMEA,2070.69,64.61,9,21.54,1,0.0,639,4.26,0.026,0.007,5,80.43,ISO9001+ISO14001,1,0
12,EMEA,2070.69,64.61,9,26.7,1,0.0,1199,3.86,0.039,0.004,4,65.49,ISO9001,0,0
12,EMEA,2070.69,64.61,9,27.86,1,0.0,403,4.92,0.071,0.022,3,92.28,ISO9001+ISO14001,1,0
12,EMEA,2070.69,64.61,9,22.73,0,6.35,802,4.8,0.037,0.0,0,74.32,ISO9001+ISO14001,1,0
12,EMEA,2070.69,64.61,9,25.78,1,0.0,854,4.48,0.0,0.023,10,74.08,None,0,0
12,EMEA,2070.69,64.61,9,26.67,1,0.0,1360,4.75,0.028,0.0,0,87.09,ISO9001+ISO14001,0,0
12,EMEA,2070.69,64.61,9,26.39,1,0.0,1226,5.03,0.066,0.011,17,71.78,ISO9001,1,0
12,EMEA,2070.69,64.61,9,23.69,1,0.0,1052,4.48,0.039,0.0,0,75.01,None,0,0
12,EMEA,2070.69,64.61,9,23.79,1,0.0,1453,4.71,0.046,0.0,0,58.24,ISO9001,1,0
12,EMEA,2070.69,64.61,9,26.72,1,0.0,913,5.45,0.066,0.012,15,61.37,None,0,0
12,EMEA,2070.69,64.61,9,28.17,1,0.0,1568,5.01,0.042,0.0,0,72.1,None,0,0
12,EMEA,2070.69,64.61,9,27.17,1,0.0,1420,4.33,0.023,0.016,25,65.38,ISO9001,1,0
12,EMEA,2070.69,64.61,9,25.25,0,5.11,1057,4.39,0.0,0.007,7,74.68,ISO9001,0,0
12,EMEA,2070.69,64.61,9,18.97,0,1.0,1322,4.63,0.021,0.003,3,86.9,ISO9001,1,0
12,EMEA,2070.69,64.61,9,20.02,1,0.0,1086,5.3,0.056,0.012,14,76.23,ISO9001,1,0
12,EMEA,2070.69,64.61,9,25.4,1,0.0,861,5.4,0.05,0.014,14,96.73,None,0,0
12,EMEA,2070.69,64.61,9,31.28,1,0.0,587,5.81,0.043,0.002,3,85.69,ISO9001,0,0
12,EMEA,2070.69,64.61,9,25.68,1,0.0,712,4.75,0.012,0.014,11,77.7,ISO9001+ISO14001,1,0
12,EMEA,2070.69,64.61,9,22.14,0,3.84,1373,5.48,0.019,0.023,23,66.31,ISO9001+ISO14001,0,0
12,EMEA,2070.69,64.61,9,28.45,1,0.0,918,5.17,0.01,0.013,15,88.8,ISO9001,0,0
12,EMEA,2070.69,64.61,9,26.96,1,0.0,1010,4.36,0.053,0.0,0,69.89,ISO9001+ISO14001,0,0
12,EMEA,2070.69,64.61,9,30.78,1,0.0,845,4.64,0.005,0.0,0,82.38,ISO9001,0,0
12,EMEA,2070.69,64.61,9,26.94,1,0.0,1078,4.09,0.032,0.029,36,91.22,ISO9001,0,0
12,EMEA,2070.69,64.61,9,30.29,1,0.0,613,4.72,0.036,0.026,15,69.54,ISO9001,1,0
13,AMER,1354.4,67.29,4,25.33,1,0.0,1043,4.17,0.022,0.009,9,61.54,ISO9001,1,0
13,AMER,1354.4,67.29,4,24.87,1,0.0,928,4.3,0.053,0.002,1,55.46,ISO9001+ISO14001,1,0
13,AMER,1354.4,67.29,4,26.22,1,0.0,672,4.67,0.048,0.014,10,67.81,None,0,0
13,AMER,1354.4,67.29,4,25.82,0,2.74,717,4.63,0.048,0.01,4,73.17,None,1,0
13,AMER,1354.4,67.29,4,24.55,0,2.5,794,5.45,0.029,0.017,15,80.07,ISO9001,1,0
13,AMER,1354.4,67.29,4,25.68,1,0.0,959,4.94,0.01,0.012,11,84.63,ISO9001,0,0
13,AMER,1354.4,67.29,4,24.15,0,5.82,1108,5.7,0.029,0.02,22,72.41,None,0,0
13,AMER,1354.4,67.29,4,20.51,1,0.0,812,4.98,0.041,0.045,32,56.58,ISO9001,1,0
13,AMER,1354.4,67.29,4,21.18,1,0.0,865,5.01,0.057,0.007,5,88.09,None,0,0
13,AMER,1354.4,67.29,4,24.54,1,0.0,1132,5.63,0.038,0.014,9,81.68,ISO9001+ISO14001,1,0
13,AMER,1354.4,67.29,4,17.28,1,0.0,1257,4.23,0.033,0.043,55,89.17,ISO9001,0,0
13,AMER,1354.4,67.29,4,26.88,1,0.0,1087,5.12,0.02,0.017,21,82.34,None,0,0
13,AMER,1354.4,67.29,4,22.32,0,4.88,391,4.78,0.043,0.026,8,75.69,None,0,0
13,AMER,1354.4,67.29,4,21.34,1,0.0,921,4.26,0.066,0.0,0,66.51,ISO9001,1,0
13,AMER,1354.4,67.29,4,25.59,1,0.0,880,6.28,0.033,0.021,17,64.23,None,0,0
13,AMER,1354.4,67.29,4,25.04,1,0.0,819,5.4,0.003,0.019,9,72.58,ISO9001,1,0
13,AMER,1354.4,67.29,4,21.36,0,7.84,1181,5.71,0.039,0.032,32,82.98,ISO9001,1,0
13,AMER,1354.4,67.29,4,22.7,1,0.0,984,2.88,0.01,0.023,22,81.55,None,1,0
13,AMER,1354.4,67.29,4,27.25,1,0.0,1354,6.05,0.047,0.013,14,89.95,ISO9001,0,0
13,AMER,1354.4,67.29,4,23.76,1,0.0,1267,5.47,0.062,0.028,41,67.36,None,0,0
13,AMER,1354.4,67.29,4,22.2,1,0.0,939,4.65,0.061,0.03,32,75.03,ISO9001,1,0
13,AMER,1354.4,67.29,4,25.92,1,0.0,924,5.26,0.055,0.03,17,44.44,ISO9001,1,0
13,AMER,1354.4,67.29,4,22.73,1,0.0,1230,5.37,0.035,0.023,27,92.9,ISO9001,1,0
13,AMER,1354.4,67.29,4,28.11,0,1.54,1093,4.77,0.036,0.033,33,80.0,ISO9001+ISO14001,0,0
13,AMER,1354.4,67.29,4,24.72,1,0.0,1075,5.15,0.031,0.018,13,75.56,ISO9001+ISO14001,1,0
13,AMER,1354.4,67.29,4,27.32,0,5.42,966,5.01,0.038,0.023,24,67.26,None,0,0
13,AMER,1354.4,67.29,4,26.52,0,3.18,1248,4.91,0.024,0.026,31,64.85,ISO9001,1,0
13,AMER,1354.4,67.29,4,22.06,1,0.0,1134,5.53,0.021,0.039,44,69.39,ISO9001+ISO14001,0,0
13,AMER,1354.4,67.29,4,28.03,1,0.0,838,4.55,0.016,0.036,27,74.47,ISO9001+ISO14001,1,0
13,AMER,1354.4,67.29,4,16.37,1,0.0,907,4.86,0.069,0.02,16,86.93,ISO9001,1,0
13,AMER,1354.4,67.29,4,24.94,1,0.0,1307,5.58,0.039,0.029,34,80.95,ISO9001,1,0
13,AMER,1354.4,67.29,4,22.74,1,0.0,762,5.06,0.046,0.015,14,71.16,ISO9001+ISO14001,1,0
13,AMER,1354.4,67.29,4,25.61,1,0.0,1110,5.92,0.045,0.006,7,76.62,ISO9001,1,0
13,AMER,1354.4,67.29,4,26.76,1,0.0,1107,4.85,0.028,0.02,27,76.02,ISO9001,1,0
13,AMER,1354.4,67.29,4,22.54,1,0.0,1099,4.03,0.023,0.015,14,73.39,None,0,0
13,AMER,1354.4,67.29,4,20.84,1,0.0,1072,4.02,0.038,0.011,8,92.48,ISO9001,0,0
13,AMER,1354.4,67.29,4,23.72,1,0.0,989,5.94,0.043,0.031,37,86.74,None,0,0
13,AMER,1354.4,67.29,4,25.53,1,0.0,788,5.5,0.046,0.017,11,98.31,None,0,0
13,AMER,1354.4,67.29,4,24.05,1,0.0,1287,5.36,0.063,0.037,63,63.15,ISO9001+ISO14001,0,0
13,AMER,1354.4,67.29,4,23.77,1,0.0,1168,4.38,0.032,0.033,35,70.19,None,1,0
13,AMER,1354.4,67.29,4,18.01,1,0.0,1090,5.35,0.019,0.015,19,69.54,None,0,0
13,AMER,1354.4,67.29,4,23.86,1,0.0,1331,4.58,0.025,0.04,44,72.34,None,0,0
13,AMER,1354.4,67.29,4,21.85,1,0.0,1025,4.49,0.019,0.019,9,84.03,None,0,0
13,AMER,1354.4,67.29,4,22.08,1,0.0,1376,3.61,0.025,0.028,37,61.55,ISO9001,1,0
13,AMER,1354.4,67.29,4,20.9,1,0.0,727,5.32,0.04,0.025,22,89.16,None,0,0
13,AMER,1354.4,67.29,4,25.38,0,5.64,1127,4.14,0.065,0.023,21,79.18,None,0,0
13,AMER,1354.4,67.29,4,24.38,0,5.07,474,5.83,0.016,0.001,0,65.89,ISO9001,0,0
13,AMER,1354.4,67.29,4,20.73,1,0.0,764,6.34,0.049,0.042,29,65.34,None,0,0
13,AMER,1354.4,67.29,4,25.21,0,1.89,720,4.31,0.008,0.015,7,65.87,ISO9001,0,0
13,AMER,1354.4,67.29,4,25.1,1,0.0,864,5.01,0.033,0.016,10,83.54,None,1,0
13,AMER,1354.4,67.29,4,22.83,1,0.0,1438,4.77,0.036,0.035,51,67.43,ISO9001+ISO14001,0,0
13,AMER,1354.4,67.29,4,21.34,0,1.15,866,3.81,0.084,0.038,34,87.69,ISO9001,1,0
13,AMER,1354.4,67.29,4,27.26,1,0.0,1231,4.46,0.047,0.017,19,63.57,None,0,0
13,AMER,1354.4,67.29,4,26.59,1,0.0,1437,5.88,0.03,0.018,28,74.62,None,0,0
13,AMER,1354.4,67.29,4,20.11,1,0.0,484,5.09,0.061,0.026,10,83.12,ISO9001+ISO14001,0,0
13,AMER,1354.4,67.29,4,23.85,1,0.0,943,4.96,0.063,0.039,42,79.51,None,1,0
14,AMER,1755.52,75.02,5,27.67,0,5.43,1025,6.01,0.028,0.029,38,91.58,ISO9001,0,0
14,AMER,1755.52,75.02,5,24.65,1,0.0,933,4.46,0.042,0.012,8,84.84,ISO9001,1,0
14,AMER,1755.52,75.02,5,25.96,0,5.52,780,5.06,0.059,0.0,0,81.07,None,0,0
14,AMER,1755.52,75.02,5,26.97,1,0.0,872,4.57,0.096,0.008,6,61.16,ISO9001+ISO14001,0,0
14,AMER,1755.52,75.02,5,23.87,1,0.0,738,5.32,0.022,0.0,0,71.0,ISO9001,1,0
14,AMER,1755.52,75.02,5,26.48,1,0.0,1004,5.13,0.072,0.006,8,83.83,ISO9001,0,0
14,AMER,1755.52,75.02,5,25.59,1,0.0,882,5.34,0.052,0.024,25,77.24,None,0,0
14,AMER,1755.52,75.02,5,21.71,1,0.0,1222,5.09,0.045,0.014,21,86.7,None,0,0
14,AMER,1755.52,75.02,5,25.61,1,0.0,899,4.99,0.009,0.02,22,96.18,ISO9001,0,0
14,AMER,1755.52,75.02,5,22.13,1,0.0,821,4.97,0.068,0.002,1,87.57,None,0,0
14,AMER,1755.52,75.02,5,22.39,0,3.55,1261,5.73,0.004,0.007,8,75.97,None,0,0
14,AMER,1755.52,75.02,5,25.29,1,0.0,587,4.68,0.042,0.0,0,69.92,ISO9001,1,0
14,AMER,1755.52,75.02,5,20.16,1,0.0,1094,4.29,0.026,0.008,12,84.76,ISO9001+ISO14001,0,0
14,AMER,1755.52,75.02,5,21.34,1,0.0,961,3.98,0.041,0.019,16,76.7,ISO9001,0,0
14,AMER,1755.52,75.02,5,28.65,1,0.0,1133,4.97,0.024,0.003,6,81.72,None,0,0
15,AMER,1395.2,83.05,1,21.81,1,0.0,786,5.73,0.056,0.018,14,62.84,ISO9001,1,0
15,AMER,1395.2,83.05,1,28.56,1,0.0,542,4.85,0.04,0.027,13,81.75,ISO9001,0,0
15,AMER,1395.2,83.05,1,21.95,1,0.0,1060,5.51,0.034,0.037,45,74.52,ISO9001+ISO14001,0,0
15,AMER,1395.2,83.05,1,20.41,1,0.0,616,3.96,0.045,0.034,23,93.76,None,0,0
15,AMER,1395.2,83.05,1,20.25,1,0.0,1097,4.64,0.053,0.031,36,55.52,None,0,0
15,AMER,1395.2,83.05,1,22.41,1,0.0,1437,5.92,0.076,0.014,19,67.67,None,1,0
15,AMER,1395.2,83.05,1,21.42,1,0.0,1463,5.64,0.049,0.028,38,70.05,ISO9001,1,0
15,AMER,1395.2,83.05,1,21.45,0,3.3,781,5.78,0.037,0.031,30,70.07,ISO9001,1,0
15,AMER,1395.2,83.05,1,19.54,1,0.0,612,3.88,0.046,0.03,31,75.28,ISO9001,1,0
15,AMER,1395.2,83.05,1,19.19,1,0.0,802,4.77,0.057,0.019,13,79.86,ISO9001,1,0
15,AMER,1395.2,83.05,1,20.08,1,0.0,851,5.18,0.001,0.033,33,81.66,ISO9001,1,0
15,AMER,1395.2,83.05,1,23.6,1,0.0,1141,4.95,0.054,0.021,18,88.64,ISO9001+ISO14001,1,0
15,AMER,1395.2,83.05,1,25.05,0,6.48,695,5.06,0.021,0.021,17,75.96,ISO9001,1,0
15,AMER,1395.2,83.05,1,30.04,1,0.0,794,5.01,0.02,0.035,22,82.42,None,1,0
15,AMER,1395.2,83.05,1,20.76,1,0.0,1284,5.0,0.045,0.0,0,68.48,None,0,0
15,AMER,1395.2,83.05,1,21.97,1,0.0,1143,5.98,0.004,0.026,30,82.81,ISO9001,1,0
15,AMER,1395.2,83.05,1,29.24,1,0.0,1134,3.43,0.037,0.029,31,71.13,ISO9001,1,0
15,AMER,1395.2,83.05,1,22.94,1,0.0,1060,4.81,0.033,0.025,20,81.96,None,0,0
15,AMER,1395.2,83.05,1,23.18,1,0.0,883,5.69,0.055,0.016,12,77.42,None,0,0
15,AMER,1395.2,83.05,1,23.41,1,0.0,831,4.13,0.051,0.028,24,79.36,ISO9001,1,0
15,AMER,1395.2,83.05,1,22.04,1,0.0,1208,4.96,0.056,0.008,13,66.36,ISO9001,1,0
15,AMER,1395.2,83.05,1,24.33,1,0.0,683,5.22,0.055,0.011,9,79.81,ISO9001,0,0
15,AMER,1395.2,83.05,1,20.2,1,0.0,625,5.89,0.042,0.014,10,87.67,ISO9001+ISO14001,0,0
15,AMER,1395.2,83.05,1,30.19,1,0.0,1078,5.71,0.0,0.035,29,73.57,ISO9001,0,0
15,AMER,1395.2,83.05,1,24.58,0,2.98,888,4.26,0.071,0.012,4,66.67,None,0,0
15,AMER,1395.2,83.05,1,25.96,1,0.0,924,4.77,0.04,0.034,36,81.19,None,0,0
15,AMER,1395.2,83.05,1,30.01,0,6.53,1085,4.69,0.02,0.022,22,71.99,ISO9001,0,0
15,AMER,1395.2,83.05,1,22.64,1,0.0,876,5.01,0.0,0.023,22,73.0,ISO9001,0,0
15,AMER,1395.2,83.05,1,24.82,1,0.0,1122,4.75,0.052,0.022,21,59.15,ISO9001,1,0
15,AMER,1395.2,83.05,1,25.55,0,4.32,1214,5.7,0.055,0.036,49,78.76,None,0,0
15,AMER,1395.2,83.05,1,24.79,1,0.0,1035,6.44,0.04,0.023,21,70.58,None,0,0
15,AMER,1395.2,83.05,1,20.19,0,4.63,598,5.16,0.042,0.037,24,90.92,ISO9001,0,0
15,AMER,1395.2,83.05,1,20.06,1,0.0,1009,3.76,0.041,0.025,23,80.66,ISO9001+ISO14001,1,0
15,AMER,1395.2,83.05,1,21.37,1,0.0,556,5.07,0.071,0.027,13,77.88,ISO9001,1,0
15,AMER,1395.2,83.05,1,21.28,1,0.0,1026,4.42,0.06,0.026,22,76.0,None,0,0
15,AMER,1395.2,83.05,1,22.44,1,0.0,898,5.04,0.026,0.011,9,67.49,ISO9001,0,0
15,AMER,1395.2,83.05,1,27.13,1,0.0,1032,3.67,0.019,0.02,23,51.69,ISO9001+ISO14001,1,0
16,EMEA,2454.48,57.94,12,25.23,1,0.0,1153,4.78,0.057,0.017,25,84.25,ISO9001,0,0
16,EMEA,2454.48,57.94,12,30.73,1,0.0,747,4.54,0.053,0.012,10,78.28,ISO9001,1,0
16,EMEA,2454.48,57.94,12,23.24,1,0.0,1234,5.52,0.066,0.019,14,85.58,None,0,0
16,EMEA,2454.48,57.94,12,33.03,1,0.0,1195,6.1,0.051,0.007,4,89.19,ISO9001,0,0
16,EMEA,2454.48,57.94,12,28.28,1,0.0,1138,4.58,0.043,0.023,28,70.56,ISO9001,0,0
16,EMEA,2454.48,57.94,12,26.0,0,7.23,1473,5.72,0.054,0.027,39,91.17,None,0,0
16,EMEA,2454.48,57.94,12,28.78,1,0.0,886,4.7,0.028,0.003,3,83.03,ISO9001,0,0
16,EMEA,2454.48,57.94,12,28.83,1,0.0,852,4.94,0.001,0.0,0,58.41,ISO9001,1,0
16,EMEA,2454.48,57.94,12,29.23,1,0.0,885,5.98,0.071,0.025,22,100.0,None,1,0
16,EMEA,2454.48,57.94,12,29.39,1,0.0,675,4.24,0.08,0.01,7,77.63,ISO9001,1,0
16,EMEA,2454.48,57.94,12,27.13,1,0.0,699,4.16,0.019,0.019,6,98.7,ISO9001,0,0
16,EMEA,2454.48,57.94,12,29.32,1,0.0,672,5.01,0.0,0.013,7,94.27,ISO9001,1,0
16,EMEA,2454.48,57.94,12,26.73,1,0.0,885,4.77,0.058,0.036,30,70.63,ISO9001,1,0
16,EMEA,2454.48,57.94,12,26.84,1,0.0,1029,5.23,0.042,0.004,6,76.93,ISO9001+ISO14001,0,0
16,EMEA,2454.48,57.94,12,24.84,1,0.0,894,4.67,0.013,0.0,0,95.43,ISO9001+ISO14001,0,0
16,EMEA,2454.48,57.94,12,34.2,1,0.0,1145,5.03,0.058,0.021,23,81.27,None,0,0
16,EMEA,2454.48,57.94,12,31.4,1,0.0,975,4.77,0.028,0.0,0,85.45,ISO9001,0,0
16,EMEA,2454.48,57.94,12,26.4,1,0.0,896,3.91,0.015,0.013,12,78.1,ISO9001,1,0
16,EMEA,2454.48,57.94,12,34.33,1,0.0,702,4.65,0.021,0.014,11,72.11,None,0,0
16,EMEA,2454.48,57.94,12,28.05,1,0.0,945,4.89,0.062,0.021,20,89.38,ISO9001+ISO14001,1,0
16,EMEA,2454.48,57.94,12,31.1,1,0.0,1015,3.99,0.046,0.01,11,60.25,ISO9001,0,0
16,EMEA,2454.48,57.94,12,31.53,1,0.0,746,6.53,0.011,0.015,14,63.73,ISO9001,1,0
16,EMEA,2454.48,57.94,12,30.59,1,0.0,992,5.13,0.0,0.026,25,87.34,ISO9001+ISO14001,1,0
16,EMEA,2454.48,57.94,12,28.84,1,0.0,1118,5.05,0.024,0.001,1,72.27,ISO9001+ISO14001,0,0
16,EMEA,2454.48,57.94,12,28.17,1,0.0,1119,5.19,0.048,0.018,17,77.96,ISO9001,1,0
16,EMEA,2454.48,57.94,12,31.71,0,8.11,1014,5.69,0.035,0.007,5,89.03,None,0,0
16,EMEA,2454.48,57.94,12,28.21,1,0.0,1216,5.17,0.004,0.012,13,79.38,None,0,0
16,EMEA,2454.48,57.94,12,27.7,1,0.0,985,5.02,0.038,0.001,3,87.93,None,0,0
16,EMEA,2454.48,57.94,12,24.55,0,7.82,853,4.4,0.043,0.0,0,56.16,ISO9001,1,1
16,EMEA,2454.48,57.94,12,27.16,1,0.0,1097,4.9,0.023,0.012,13,84.7,ISO9001+ISO14001,1,0
16,EMEA,2454.48,57.94,12,30.08,1,0.0,764,4.85,0.039,0.0,0,92.62,ISO9001,1,0
16,EMEA,2454.48,57.94,12,28.49,0,4.3,1141,4.76,0.007,0.01,16,77.27,ISO9001+ISO14001,0,0
16,EMEA,2454.48,57.94,12,24.73,1,0.0,1238,4.47,0.037,0.028,38,76.53,None,0,0
16,EMEA,2454.48,57.94,12,33.98,1,0.0,1154,5.04,0.033,0.013,18,75.28,ISO9001,0,0
16,EMEA,2454.48,57.94,12,25.03,1,0.0,692,5.44,0.039,0.029,22,82.07,ISO9001,1,0
16,EMEA,2454.48,57.94,12,30.95,0,10.63,843,5.76,0.044,0.018,19,72.87,ISO9001,1,0
16,EMEA,2454.48,57.94,12,23.93,1,0.0,629,5.91,0.03,0.019,18,79.31,ISO9001,1,0
16,EMEA,2454.48,57.94,12,26.94,0,7.64,1302,5.81,0.042,0.015,19,61.77,ISO9001,1,0
16,EMEA,2454.48,57.94,12,26.84,0,8.1,1042,5.68,0.041,0.0,0,73.85,ISO9001,1,0
16,EMEA,2454.48,57.94,12,25.46,1,0.0,778,5.02,0.037,0.026,27,86.55,ISO9001,1,0
16,EMEA,2454.48,57.94,12,28.37,1,0.0,1405,3.55,0.032,0.02,29,89.88,ISO9001,1,0
16,EMEA,2454.48,57.94,12,30.63,1,0.0,542,4.83,0.011,0.023,8,70.08,ISO9001,1,0
16,EMEA,2454.48,57.94,12,25.63,1,0.0,746,5.28,0.065,0.014,9,87.83,None,1,0
16,EMEA,2454.48,57.94,12,34.96,1,0.0,1327,5.75,0.0,0.002,2,68.82,ISO9001,1,0
16,EMEA,2454.48,57.94,12,27.55,0,5.9,1075,4.85,0.058,0.009,9,95.33,None,0,0
16,EMEA,2454.48,57.94,12,29.99,0,2.19,1074,4.24,0.019,0.024,28,69.93,ISO9001+ISO14001,1,0
16,EMEA,2454.48,57.94,12,33.84,1,0.0,724,4.38,0.017,0.018,18,78.49,ISO9001,1,0
16,EMEA,2454.48,57.94,12,28.41,1,0.0,984,5.22,0.051,0.024,20,73.03,ISO9001,1,0
16,EMEA,2454.48,57.94,12,28.86,1,0.0,897,5.31,0.024,0.005,3,95.98,None,0,0
16,EMEA,2454.48,57.94,12,31.97,1,0.0,732,6.64,0.016,0.014,11,67.45,ISO9001,1,0
16,EMEA,2454.48,57.94,12,27.97,0,6.13,947,5.96,0.017,0.026,19,75.33,ISO9001+ISO14001,1,0
17,EMEA,2499.47,59.04,4,27.82,0,4.25,838,4.99,0.043,0.024,20,68.99,ISO9001,1,0
17,EMEA,2499.47,59.04,4,19.47,0,1.0,773,4.3,0.052,0.011,10,78.19,None,0,0
17,EMEA,2499.47,59.04,4,23.37,1,0.0,1103,5.48,0.075,0.026,25,78.14,ISO9001,1,0
17,EMEA,2499.47,59.04,4,27.01,1,0.0,1503,3.89,0.044,0.028,46,76.75,ISO9001,0,0
17,EMEA,2499.47,59.04,4,26.65,1,0.0,991,4.76,0.027,0.03,31,64.55,ISO9001,1,0
17,EMEA,2499.47,59.04,4,29.29,1,0.0,1060,4.41,0.023,0.015,10,76.8,None,0,0
17,EMEA,2499.47,59.04,4,26.49,1,0.0,594,3.67,0.021,0.016,8,59.5,ISO9001,0,0
17,EMEA,2499.47,59.04,4,25.56,0,9.72,1039,4.8,0.051,0.015,17,90.75,ISO9001+ISO14001,1,0
17,EMEA,2499.47,59.04,4,27.53,0,8.28,594,4.55,0.042,0.028,14,84.81,ISO9001,0,0
17,EMEA,2499.47,59.04,4,26.49,1,0.0,1205,4.79,0.032,0.018,22,68.33,None,0,0
17,EMEA,2499.47,59.04,4,23.26,1,0.0,593,6.21,0.071,0.034,23,72.57,ISO9001,0,0
17,EMEA,2499.47,59.04,4,28.41,1,0.0,809,5.61,0.021,0.024,14,57.38,ISO9001,0,0
17,EMEA,2499.47,59.04,4,26.51,1,0.0,1184,4.93,0.062,0.0,0,80.24,None,0,0
17,EMEA,2499.47,59.04,4,23.97,1,0.0,721,4.59,0.049,0.019,15,79.31,ISO9001,1,0
17,EMEA,2499.47,59.04,4,31.07,1,0.0,440,5.36,0.038,0.014,7,88.42,ISO9001+ISO14001,1,0
17,EMEA,2499.47,59.04,4,25.95,1,0.0,975,4.17,0.039,0.026,24,79.94,ISO9001,1,0
17,EMEA,2499.47,59.04,4,29.31,1,0.0,918,4.41,0.018,0.03,32,82.49,ISO9001+ISO14001,1,0
17,EMEA,2499.47,59.04,4,31.53,1,0.0,1025,4.49,0.002,0.024,20,72.63,ISO9001,1,0
17,EMEA,2499.47,59.04,4,27.27,1,0.0,1246,4.65,0.02,0.039,40,70.89,ISO9001,0,0
17,EMEA,2499.47,59.04,4,27.43,1,0.0,1172,5.72,0.03,0.009,11,75.02,None,1,0
18,EMEA,3401.54,74.77,2,24.73,1,0.0,1364,5.41,0.012,0.01,12,81.42,ISO9001,1,0
18,EMEA,3401.54,74.77,2,32.67,1,0.0,507,5.45,0.027,0.017,6,59.65,ISO9001,1,0
18,EMEA,3401.54,74.77,2,33.3,1,0.0,1254,4.74,0.027,0.007,12,61.98,ISO9001,0,0
18,EMEA,3401.54,74.77,2,27.7,1,0.0,1070,5.25,0.026,0.028,30,56.92,None,0,0
18,EMEA,3401.54,74.77,2,36.32,0,6.64,1098,5.63,0.049,0.019,22,76.47,ISO9001+ISO14001,0,0
18,EMEA,3401.54,74.77,2,27.45,1,0.0,1077,5.54,0.042,0.02,13,68.59,ISO9001,1,0
18,EMEA,3401.54,74.77,2,29.77,0,8.07,681,4.94,0.028,0.042,27,75.57,ISO9001,1,0
18,EMEA,3401.54,74.77,2,31.65,1,0.0,1369,5.39,0.074,0.038,65,80.7,None,1,0
18,EMEA,3401.54,74.77,2,33.58,1,0.0,1156,4.97,0.026,0.017,24,79.98,None,0,0
18,EMEA,3401.54,74.77,2,32.83,1,0.0,781,4.77,0.018,0.039,19,75.65,ISO9001,0,0
18,EMEA,3401.54,74.77,2,30.94,1,0.0,916,4.72,0.053,0.015,12,73.59,ISO9001+ISO14001,1,0
18,EMEA,3401.54,74.77,2,29.02,1,0.0,965,4.84,0.044,0.029,25,63.9,ISO9001,1,0
18,EMEA,3401.54,74.77,2,34.83,0,5.21,1262,5.43,0.04,0.032,46,81.35,ISO9001+ISO14001,0,0
18,EMEA,3401.54,74.77,2,33.29,0,6.18,1275,5.47,0.02,0.024,29,75.4,ISO9001+ISO14001,1,0
18,EMEA,3401.54,74.77,2,31.29,1,0.0,1075,6.06,0.041,0.024,24,90.39,ISO9001+ISO14001,1,0
18,EMEA,3401.54,74.77,2,27.39,1,0.0,1059,5.26,0.044,0.026,33,65.4,ISO9001,0,0
18,EMEA,3401.54,74.77,2,31.88,1,0.0,804,4.69,0.02,0.041,41,60.99,ISO9001,0,0
18,EMEA,3401.54,74.77,2,31.11,1,0.0,466,4.75,0.008,0.029,15,73.29,ISO9001+ISO14001,1,0
18,EMEA,3401.54,74.77,2,32.58,1,0.0,866,4.11,0.037,0.048,48,66.19,ISO9001,0,0
18,EMEA,3401.54,74.77,2,33.91,1,0.0,935,3.93,0.03,0.039,39,70.81,ISO9001+ISO14001,1,0
18,EMEA,3401.54,74.77,2,26.0,0,5.78,850,4.77,0.046,0.021,23,76.65,ISO9001,1,0
18,EMEA,3401.54,74.77,2,31.11,0,4.52,1093,4.7,0.051,0.038,31,74.66,ISO9001,1,0
18,EMEA,3401.54,74.77,2,34.24,1,0.0,794,4.93,0.05,0.03,31,79.64,ISO9001+ISO14001,0,0
18,EMEA,3401.54,74.77,2,30.79,1,0.0,476,4.85,0.014,0.041,24,88.65,ISO9001,1,0
18,EMEA,3401.54,74.77,2,30.11,1,0.0,945,5.35,0.023,0.021,21,77.88,ISO9001+ISO14001,0,0
18,EMEA,3401.54,74.77,2,38.24,1,0.0,708,4.23,0.04,0.018,12,71.93,ISO9001,1,0
18,EMEA,3401.54,74.77,2,34.42,1,0.0,1060,4.99,0.043,0.028,32,78.99,ISO9001,1,0
18,EMEA,3401.54,74.77,2,27.68,1,0.0,1428,5.1,0.013,0.041,56,70.07,ISO9001+ISO14001,1,0
18,EMEA,3401.54,74.77,2,33.36,1,0.0,1303,5.36,0.043,0.008,11,62.32,ISO9001,0,0
18,EMEA,3401.54,74.77,2,28.52,1,0.0,1112,3.86,0.002,0.025,36,75.84,ISO9001,1,0
18,EMEA,3401.54,74.77,2,31.64,0,7.6,971,5.15,0.053,0.022,25,81.54,ISO9001,1,0
18,EMEA,3401.54,74.77,2,35.52,1,0.0,1223,5.15,0.021,0.027,30,68.11,ISO9001+ISO14001,0,0
18,EMEA,3401.54,74.77,2,34.72,1,0.0,1027,4.12,0.043,0.039,36,81.38,ISO9001+ISO14001,0,0
18,EMEA,3401.54,74.77,2,28.68,1,0.0,665,4.26,0.059,0.018,11,91.15,ISO9001+ISO14001,0,0
18,EMEA,3401.54,74.77,2,28.09,1,0.0,739,5.02,0.038,0.023,13,78.43,ISO9001,0,0
18,EMEA,3401.54,74.77,2,34.2,1,0.0,989,6.3,0.0,0.021,21,55.43,ISO9001,0,0
18,EMEA,3401.54,74.77,2,42.9,1,0.0,1441,5.76,0.032,0.032,49,89.89,None,0,0
18,EMEA,3401.54,74.77,2,33.07,0,4.98,1080,5.32,0.022,0.024,24,72.14,None,0,0
18,EMEA,3401.54,74.77,2,31.88,1,0.0,646,4.37,0.047,0.011,11,76.01,ISO9001,1,0
18,EMEA,3401.54,74.77,2,32.38,1,0.0,828,4.48,0.027,0.028,16,100.0,ISO9001+ISO14001,1,0
18,EMEA,3401.54,74.77,2,30.84,0,5.4,382,5.78,0.019,0.027,10,59.69,None,0,0
18,EMEA,3401.54,74.77,2,34.1,1,0.0,846,5.29,0.033,0.028,37,74.78,None,0,0
18,EMEA,3401.54,74.77,2,31.14,1,0.0,1016,4.51,0.075,0.023,23,80.73,ISO9001,0,0
18,EMEA,3401.54,74.77,2,25.01,1,0.0,940,4.25,0.043,0.05,45,78.22,ISO9001,1,0
18,EMEA,3401.54,74.77,2,35.5,1,0.0,947,4.81,0.083,0.024,31,86.23,ISO9001+ISO14001,1,0
18,EMEA,3401.54,74.77,2,34.51,1,0.0,563,5.36,0.053,0.021,18,75.36,ISO9001,1,0
18,EMEA,3401.54,74.77,2,29.77,1,0.0,924,4.19,0.039,0.012,11,73.9,ISO9001,1,0
18,EMEA,3401.54,74.77,2,34.05,1,0.0,1320,4.17,0.066,0.029,43,72.62,ISO9001,1,0
18,EMEA,3401.54,74.77,2,35.64,0,6.24,825,4.73,0.052,0.046,33,62.64,ISO9001,0,0
18,EMEA,3401.54,74.77,2,29.26,0,6.88,639,4.36,0.064,0.03,18,78.31,ISO9001,1,0
19,AMER,989.16,52.98,5,18.79,1,0.0,1165,4.47,0.037,0.021,23,81.68,None,0,0
19,AMER,989.16,52.98,5,23.83,1,0.0,657,5.59,0.039,0.025,13,78.71,ISO9001,1,0
19,AMER,989.16,52.98,5,25.09,1,0.0,1171,5.78,0.009,0.025,23,72.65,ISO9001,0,0
19,AMER,989.16,52.98,5,18.73,1,0.0,1154,5.48,0.025,0.007,11,98.3,None,0,0
19,AMER,989.16,52.98,5,18.8,0,4.17,754,5.93,0.039,0.025,26,65.23,ISO9001+ISO14001,0,1
19,AMER,989.16,52.98,5,22.67,1,0.0,920,5.17,0.041,0.036,24,73.46,ISO9001+ISO14001,0,0
19,AMER,989.16,52.98,5,24.56,1,0.0,1352,4.65,0.037,0.017,26,79.39,None,0,0
19,AMER,989.16,52.98,5,21.18,1,0.0,1261,5.52,0.053,0.018,23,71.82,ISO9001,1,0
19,AMER,989.16,52.98,5,21.69,0,3.52,818,4.27,0.048,0.014,12,71.8,None,0,0
19,AMER,989.16,52.98,5,26.05,1,0.0,1207,4.69,0.04,0.008,6,70.76,None,0,0
19,AMER,989.16,52.98,5,20.14,1,0.0,1374,4.9,0.034,0.017,25,100.0,None,0,0
19,AMER,989.16,52.98,5,23.94,0,4.42,1043,5.05,0.02,0.013,14,80.48,ISO9001,0,0
19,AMER,989.16,52.98,5,22.13,0,3.1,1051,4.13,0.053,0.01,9,63.15,None,1,1
19,AMER,989.16,52.98,5,20.07,1,0.0,1105,5.12,0.069,0.009,11,59.8,ISO9001,1,0
19,AMER,989.16,52.98,5,22.92,1,0.0,626,4.5,0.034,0.029,16,80.1,ISO9001,0,0
19,AMER,989.16,52.98,5,24.46,1,0.0,1657,4.88,0.068,0.009,7,70.11,ISO9001,0,0
19,AMER,989.16,52.98,5,19.29,1,0.0,979,4.72,0.049,0.02,24,75.43,None,0,0
19,AMER,989.16,52.98,5,22.32,1,0.0,1007,5.32,0.021,0.032,28,90.84,ISO9001,1,0
19,AMER,989.16,52.98,5,17.19,1,0.0,1030,5.47,0.033,0.018,14,90.35,ISO9001,0,0
19,AMER,989.16,52.98,5,24.53,1,0.0,1060,4.65,0.018,0.003,3,60.1,ISO9001,1,0
20,APAC,3371.83,64.85,5,26.51,1,0.0,1028,4.43,0.029,0.019,20,96.64,None,0,0
20,APAC,3371.83,64.85,5,37.63,1,0.0,1352,3.46,0.059,0.012,17,60.31,ISO9001,0,0
20,APAC,3371.83,64.85,5,34.95,1,0.0,985,4.54,0.022,0.012,11,82.67,ISO9001,0,0
20,APAC,3371.83,64.85,5,33.98,1,0.0,1555,6.25,0.009,0.007,13,65.86,None,1,0
20,APAC,3371.83,64.85,5,28.48,1,0.0,926,5.45,0.024,0.009,9,87.71,None,0,0
20,APAC,3371.83,64.85,5,34.19,1,0.0,1045,4.61,0.051,0.02,16,68.44,ISO9001,1,0
20,APAC,3371.83,64.85,5,34.85,0,6.6,1043,4.47,0.009,0.009,11,78.46,None,0,0
20,APAC,3371.83,64.85,5,27.27,1,0.0,992,3.88,0.037,0.0,0,54.12,None,0,0
20,APAC,3371.83,64.85,5,26.91,1,0.0,872,5.85,0.059,0.023,18,91.72,None,0,0
20,APAC,3371.83,64.85,5,33.31,1,0.0,1051,4.84,0.0,0.019,24,82.15,ISO9001+ISO14001,1,0
20,APAC,3371.83,64.85,5,33.53,1,0.0,1185,5.43,0.002,0.009,9,83.46,ISO9001,0,0
20,APAC,3371.83,64.85,5,25.72,1,0.0,1168,5.71,0.064,0.003,3,75.01,ISO9001+ISO14001,1,0
20,APAC,3371.83,64.85,5,27.48,0,7.28,1112,3.7,0.018,0.02,9,64.69,None,0,0
20,APAC,3371.83,64.85,5,34.03,1,0.0,1060,4.72,0.031,0.011,12,85.87,ISO9001,0,0
20,APAC,3371.83,64.85,5,26.36,1,0.0,950,5.65,0.033,0.021,23,93.43,ISO9001,0,0
20,APAC,3371.83,64.85,5,30.89,1,0.0,592,4.88,0.026,0.005,3,76.75,ISO9001,1,0
20,APAC,3371.83,64.85,5,32.72,1,0.0,776,4.29,0.037,0.0,0,80.89,ISO9001,1,0
20,APAC,3371.83,64.85,5,32.14,1,0.0,1451,5.35,0.005,0.022,37,65.41,ISO9001,1,0
20,APAC,3371.83,64.85,5,28.93,1,0.0,853,4.6,0.02,0.009,9,92.87,None,1,0
20,APAC,3371.83,64.85,5,33.09,1,0.0,900,5.65,0.031,0.008,4,71.58,ISO9001,1,0
20,APAC,3371.83,64.85,5,31.77,1,0.0,1228,4.64,0.016,0.019,22,60.61,ISO9001,1,0
20,APAC,3371.83,64.85,5,28.06,1,0.0,1074,3.99,0.013,0.006,8,79.28,None,0,0
20,APAC,3371.83,64.85,5,30.41,1,0.0,896,4.57,0.011,0.023,14,80.41,ISO9001,1,0
20,APAC,3371.83,64.85,5,29.2,1,0.0,989,4.44,0.045,0.0,0,84.75,ISO9001,1,0
20,APAC,3371.83,64.85,5,35.37,1,0.0,834,4.94,0.023,0.0,2,67.36,None,0,0
20,APAC,3371.83,64.85,5,26.05,1,0.0,1105,5.02,0.01,0.022,20,66.22,ISO9001,0,0
20,APAC,3371.83,64.85,5,25.22,1,0.0,1056,5.08,0.015,0.009,8,64.39,ISO9001,0,0
20,APAC,3371.83,64.85,5,29.26,1,0.0,861,4.94,0.031,0.011,8,78.75,ISO9001,0,0
20,APAC,3371.83,64.85,5,33.03,1,0.0,628,4.55,0.036,0.021,9,84.4,ISO9001,1,0
20,APAC,3371.83,64.85,5,32.42,1,0.0,870,5.65,0.042,0.021,15,74.2,None,0,0
20,APAC,3371.83,64.85,5,32.35,0,4.3,1155,4.68,0.033,0.0,0,93.16,ISO9001+ISO14001,1,0
20,APAC,3371.83,64.85,5,32.41,0,9.06,1027,4.08,0.025,0.024,30,83.56,ISO9001,0,0
20,APAC,3371.83,64.85,5,31.53,1,0.0,587,4.41,0.043,0.01,6,81.43,ISO9001+ISO14001,0,0
20,APAC,3371.83,64.85,5,31.9,1,0.0,822,4.9,0.001,0.0,0,91.34,ISO9001+ISO14001,1,0
20,APAC,3371.83,64.85,5,31.55,1,0.0,880,5.33,0.044,0.0,0,89.8,None,0,0
20,APAC,3371.83,64.85,5,38.68,1,0.0,1382,4.74,0.042,0.012,17,82.08,ISO9001,1,0
21,EMEA,1849.84,56.15,7,22.5,0,4.59,886,5.03,0.026,0.03,26,73.54,None,0,0
21,EMEA,1849.84,56.15,7,25.11,1,0.0,583,5.6,0.029,0.012,4,62.37,ISO9001,1,0
21,EMEA,1849.84,56.15,7,29.06,1,0.0,674,5.02,0.012,0.016,10,67.26,ISO9001,1,0
21,EMEA,1849.84,56.15,7,25.01,1,0.0,778,4.91,0.019,0.014,13,75.16,None,0,0
21,EMEA,1849.84,56.15,7,29.16,0,6.8,1086,4.67,0.004,0.02,18,88.04,ISO9001,0,0
21,EMEA,1849.84,56.15,7,26.25,1,0.0,1041,4.95,0.036,0.003,4,71.72,ISO9001,1,0
21,EMEA,1849.84,56.15,7,18.09,1,0.0,423,6.05,0.044,0.019,9,71.42,None,0,0
21,EMEA,1849.84,56.15,7,25.17,0,5.15,1141,5.29,0.01,0.0,0,77.89,ISO9001,1,0
21,EMEA,1849.84,56.15,7,29.85,1,0.0,1045,5.58,0.062,0.013,13,80.5,ISO9001,1,0
21,EMEA,1849.84,56.15,7,23.7,1,0.0,979,4.59,0.046,0.009,6,91.95,ISO9001,1,0
21,EMEA,1849.84,56.15,7,28.25,1,0.0,1307,5.25,0.03,0.019,16,72.67,ISO9001,0,0
21,EMEA,1849.84,56.15,7,24.75,1,0.0,742,5.27,0.007,0.018,19,82.56,ISO9001,1,0
21,EMEA,1849.84,56.15,7,33.87,1,0.0,1019,4.53,0.058,0.008,10,87.6,ISO9001,1,0
21,EMEA,1849.84,56.15,7,24.15,0,4.16,779,5.22,0.008,0.004,2,85.52,ISO9001,1,0
21,EMEA,1849.84,56.15,7,24.1,1,0.0,1044,5.33,0.02,0.011,13,85.88,ISO9001,1,0
21,EMEA,1849.84,56.15,7,23.07,1,0.0,847,5.36,0.042,0.016,15,91.54,ISO9001,0,0
21,EMEA,1849.84,56.15,7,24.19,0,2.49,1442,3.81,0.037,0.017,31,79.02,ISO9001,0,0
21,EMEA,1849.84,56.15,7,27.49,1,0.0,1109,4.77,0.032,0.015,23,73.96,None,0,0
21,EMEA,1849.84,56.15,7,28.25,0,1.96,1250,5.6,0.028,0.009,13,84.79,None,0,0
21,EMEA,1849.84,56.15,7,22.3,1,0.0,999,4.17,0.032,0.018,14,66.27,None,0,0
21,EMEA,1849.84,56.15,7,26.91,1,0.0,889,4.7,0.0,0.007,6,71.45,ISO9001,1,0
21,EMEA,1849.84,56.15,7,21.51,1,0.0,1050,4.78,0.041,0.021,22,73.37,None,0,0
21,EMEA,1849.84,56.15,7,22.61,1,0.0,979,4.61,0.016,0.016,20,86.94,ISO9001,0,0
21,EMEA,1849.84,56.15,7,27.49,1,0.0,1137,5.65,0.015,0.012,13,73.16,ISO9001,0,0
21,EMEA,1849.84,56.15,7,28.03,1,0.0,1099,4.69,0.053,0.014,12,77.13,ISO9001,1,0
21,EMEA,1849.84,56.15,7,25.48,1,0.0,967,5.29,0.011,0.013,15,77.65,ISO9001+ISO14001,1,0
21,EMEA,1849.84,56.15,7,21.78,1,0.0,800,5.3,0.023,0.014,10,82.37,ISO9001,1,0
21,EMEA,1849.84,56.15,7,23.3,1,0.0,973,5.45,0.046,0.03,23,80.43,None,0,0
21,EMEA,1849.84,56.15,7,27.23,1,0.0,1079,4.68,0.037,0.016,23,79.09,ISO9001+ISO14001,0,0
21,EMEA,1849.84,56.15,7,23.9,1,0.0,1049,3.76,0.032,0.0,0,97.37,ISO9001,1,0
21,EMEA,1849.84,56.15,7,27.63,1,0.0,1131,5.01,0.01,0.019,22,66.28,ISO9001,1,0
21,EMEA,1849.84,56.15,7,22.52,1,0.0,1377,5.81,0.009,0.029,41,80.35,None,0,0
21,EMEA,1849.84,56.15,7,24.65,1,0.0,1035,3.97,0.071,0.021,26,68.62,ISO9001,1,0
21,EMEA,1849.84,56.15,7,25.53,1,0.0,1055,4.66,0.017,0.021,25,77.85,ISO9001,1,0
21,EMEA,1849.84,56.15,7,27.61,1,0.0,822,5.76,0.034,0.005,5,75.81,ISO9001+ISO14001,1,0
21,EMEA,1849.84,56.15,7,29.26,1,0.0,934,5.76,0.065,0.019,12,80.38,ISO9001+ISO14001,1,0
21,EMEA,1849.84,56.15,7,22.8,1,0.0,949,4.77,0.004,0.022,17,79.57,None,0,0
21,EMEA,1849.84,56.15,7,23.81,1,0.0,1064,4.76,0.03,0.02,26,78.71,ISO9001,0,0
21,EMEA,1849.84,56.15,7,25.97,1,0.0,972,4.6,0.058,0.02,20,83.57,ISO9001+ISO14001,0,0
21,EMEA,1849.84,56.15,7,27.42,1,0.0,660,4.98,0.025,0.007,3,76.05,None,0,0
21,EMEA,1849.84,56.15,7,22.18,1,0.0,1134,4.08,0.049,0.022,26,75.84,ISO9001+ISO14001,1,0
21,EMEA,1849.84,56.15,7,20.16,1,0.0,1012,4.58,0.015,0.019,19,92.98,ISO9001,1,0
21,EMEA,1849.84,56.15,7,20.42,1,0.0,1036,6.28,0.03,0.009,13,72.08,None,1,0
21,EMEA,1849.84,56.15,7,27.53,1,0.0,880,4.49,0.052,0.031,27,74.56,ISO9001,1,0
21,EMEA,1849.84,56.15,7,23.64,1,0.0,710,4.92,0.03,0.009,4,71.78,ISO9001+ISO14001,1,0
21,EMEA,1849.84,56.15,7,22.62,1,0.0,879,4.51,0.044,0.019,12,71.62,ISO9001,1,0
21,EMEA,1849.84,56.15,7,26.44,0,5.75,993,5.64,0.016,0.022,24,82.9,ISO9001,1,0
21,EMEA,1849.84,56.15,7,28.0,0,9.38,726,4.47,0.026,0.021,12,84.35,ISO9001,1,0
21,EMEA,1849.84,56.15,7,26.56,1,0.0,1673,5.11,0.0,0.009,8,68.48,ISO9001,0,0
21,EMEA,1849.84,56.15,7,21.87,0,3.87,952,3.5,0.051,0.014,10,78.69,ISO9001,0,0
21,EMEA,1849.84,56.15,7,25.25,1,0.0,1259,5.27,0.027,0.005,7,91.54,ISO9001,0,0
22,APAC,3462.88,41.95,9,29.68,1,0.0,1631,5.71,0.011,0.02,31,63.89,ISO9001,1,0
22,APAC,3462.88,41.95,9,38.93,1,0.0,1010,4.78,0.041,0.031,27,61.57,ISO9001,0,0
22,APAC,3462.88,41.95,9,32.68,1,0.0,1058,5.87,0.025,0.026,31,91.15,ISO9001,1,0
22,APAC,3462.88,41.95,9,34.5,1,0.0,648,5.31,0.064,0.029,23,63.46,None,0,0
22,APAC,3462.88,41.95,9,30.49,1,0.0,1251,5.53,0.047,0.004,5,61.13,ISO9001,1,0
22,APAC,3462.88,41.95,9,33.32,1,0.0,1097,4.68,0.031,0.012,13,78.45,ISO9001,1,0
22,APAC,3462.88,41.95,9,34.0,1,0.0,1456,4.33,0.046,0.032,47,88.64,ISO9001,1,0
22,APAC,3462.88,41.95,9,35.5,1,0.0,445,4.6,0.035,0.017,7,89.26,None,0,0
22,APAC,3462.88,41.95,9,33.53,1,0.0,752,4.72,0.039,0.031,22,74.06,ISO9001,0,0
22,APAC,3462.88,41.95,9,22.71,1,0.0,1114,4.78,0.017,0.025,25,95.21,None,0,0
22,APAC,3462.88,41.95,9,29.32,1,0.0,989,5.37,0.061,0.032,35,66.66,ISO9001,1,0
22,APAC,3462.88,41.95,9,33.32,1,0.0,859,4.96,0.026,0.029,22,69.35,None,1,0
22,APAC,3462.88,41.95,9,31.49,1,0.0,971,5.08,0.033,0.019,14,55.18,ISO9001,1,0
22,APAC,3462.88,41.95,9,31.12,1,0.0,1249,4.46,0.047,0.033,47,92.34,None,0,0
22,APAC,3462.88,41.95,9,28.26,0,8.03,1209,5.48,0.038,0.016,21,86.72,ISO9001,1,0
22,APAC,3462.88,41.95,9,34.61,1,0.0,1222,5.17,0.059,0.031,38,84.83,ISO9001,1,0
22,APAC,3462.88,41.95,9,32.04,1,0.0,1179,4.19,0.055,0.038,38,71.04,ISO9001,0,0
22,APAC,3462.88,41.95,9,34.65,0,8.26,668,5.37,0.04,0.029,20,76.18,ISO9001,1,1
22,APAC,3462.88,41.95,9,33.94,1,0.0,1051,5.61,0.042,0.026,23,70.93,ISO9001+ISO14001,1,0
22,APAC,3462.88,41.95,9,31.69,1,0.0,1113,4.36,0.044,0.034,44,71.39,ISO9001,0,0
22,APAC,3462.88,41.95,9,30.04,1,0.0,997,5.02,0.025,0.024,31,70.66,ISO9001,1,0
22,APAC,3462.88,41.95,9,29.56,1,0.0,721,4.98,0.024,0.008,6,92.57,ISO9001+ISO14001,0,0
22,APAC,3462.88,41.95,9,27.8,1,0.0,1564,3.77,0.011,0.034,47,77.94,ISO9001,1,0
22,APAC,3462.88,41.95,9,29.12,1,0.0,1375,4.8,0.04,0.033,48,95.73,ISO9001+ISO14001,1,0
22,APAC,3462.88,41.95,9,30.3,1,0.0,910,4.65,0.004,0.002,2,69.08,None,0,0
22,APAC,3462.88,41.95,9,30.4,1,0.0,1170,5.46,0.035,0.021,25,94.59,ISO9001+ISO14001,0,0
22,APAC,3462.88,41.95,9,27.18,1,0.0,944,6.14,0.031,0.029,30,85.38,ISO9001+ISO14001,1,0
22,APAC,3462.88,41.95,9,36.55,1,0.0,983,4.84,0.03,0.018,7,53.4,None,0,0
23,APAC,3789.12,100.0,7,38.28,1,0.0,971,4.7,0.026,0.017,16,86.02,ISO9001,1,0
23,APAC,3789.12,100.0,7,33.51,0,6.7,832,4.59,0.032,0.0,0,84.41,ISO9001,0,0
23,APAC,3789.12,100.0,7,31.46,1,0.0,968,5.09,0.027,0.002,2,94.25,None,0,0
23,APAC,3789.12,100.0,7,36.03,0,6.76,1028,6.57,0.05,0.02,15,76.47,ISO9001+ISO14001,0,0
23,APAC,3789.12,100.0,7,34.49,1,0.0,1312,5.39,0.061,0.013,18,85.12,ISO9001,1,0
23,APAC,3789.12,100.0,7,34.13,1,0.0,1344,4.73,0.03,0.003,7,80.5,ISO9001,1,0
23,APAC,3789.12,100.0,7,32.87,0,6.06,978,4.72,0.049,0.017,18,81.68,ISO9001+ISO14001,0,0
23,APAC,3789.12,100.0,7,29.53,1,0.0,1018,4.67,0.014,0.004,1,100.0,ISO9001,1,0
23,APAC,3789.12,100.0,7,36.02,1,0.0,1262,4.3,0.01,0.042,48,79.86,ISO9001,1,0
23,APAC,3789.12,100.0,7,36.11,1,0.0,1075,5.0,0.044,0.012,13,75.14,ISO9001+ISO14001,0,0
23,APAC,3789.12,100.0,7,36.07,0,6.49,1407,4.77,0.042,0.008,7,87.0,None,0,0
23,APAC,3789.12,100.0,7,37.14,1,0.0,684,4.83,0.041,0.0,0,87.83,None,0,0
23,APAC,3789.12,100.0,7,31.38,1,0.0,605,4.77,0.033,0.014,11,79.73,ISO9001,1,0
23,APAC,3789.12,100.0,7,31.95,1,0.0,1140,5.38,0.05,0.022,32,62.95,None,0,0
23,APAC,3789.12,100.0,7,31.38,0,7.76,980,5.09,0.055,0.007,3,77.24,ISO9001,1,0
23,APAC,3789.12,100.0,7,37.32,1,0.0,1185,4.7,0.012,0.01,13,54.82,None,0,0
23,APAC,3789.12,100.0,7,33.45,1,0.0,1266,4.99,0.049,0.031,38,87.19,ISO9001+ISO14001,0,0
23,APAC,3789.12,100.0,7,33.96,0,6.97,1265,4.09,0.025,0.017,21,72.19,ISO9001,1,0
23,APAC,3789.12,100.0,7,34.5,1,0.0,1354,5.3,0.017,0.013,19,85.71,ISO9001+ISO14001,0,0
23,APAC,3789.12,100.0,7,34.3,1,0.0,1177,5.27,0.04,0.019,25,83.95,ISO9001+ISO14001,1,0
23,APAC,3789.12,100.0,7,36.68,1,0.0,1013,4.32,0.053,0.005,6,73.17,ISO9001+ISO14001,0,0
23,APAC,3789.12,100.0,7,32.52,1,0.0,1196,5.83,0.059,0.002,1,84.85,ISO9001+ISO14001,1,0
23,APAC,3789.12,100.0,7,29.18,0,6.78,926,4.45,0.038,0.003,3,58.59,ISO9001,1,0
23,APAC,3789.12,100.0,7,32.76,1,0.0,1230,5.12,0.026,0.004,0,64.51,ISO9001,1,0
23,APAC,3789.12,100.0,7,35.09,1,0.0,969,3.99,0.046,0.02,13,69.07,ISO9001,1,0
23,APAC,3789.12,100.0,7,35.26,1,0.0,924,4.57,0.008,0.0,0,81.54,ISO9001,1,0
23,APAC,3789.12,100.0,7,25.74,1,0.0,779,4.93,0.009,0.014,7,65.77,ISO9001,0,0
23,APAC,3789.12,100.0,7,35.83,1,0.0,849,4.87,0.07,0.0,0,82.92,ISO9001+ISO14001,0,0
23,APAC,3789.12,100.0,7,35.07,1,0.0,1065,5.17,0.019,0.008,4,64.3,ISO9001,1,0
23,APAC,3789.12,100.0,7,32.46,1,0.0,1093,5.28,0.051,0.0,0,84.2,ISO9001,1,0
24,AMER,1413.01,86.55,8,25.5,1,0.0,1436,5.71,0.033,0.011,18,81.52,ISO9001+ISO14001,0,0
24,AMER,1413.01,86.55,8,25.88,1,0.0,810,5.21,0.019,0.008,4,60.1,ISO9001+ISO14001,1,0
24,AMER,1413.01,86.55,8,23.3,0,5.07,834,6.15,0.022,0.02,17,97.37,None,0,0
24,AMER,1413.01,86.55,8,21.32,1,0.0,920,4.37,0.055,0.019,17,71.42,None,0,0
24,AMER,1413.01,86.55,8,31.43,1,0.0,868,4.85,0.014,0.012,17,80.34,ISO9001,1,0
24,AMER,1413.01,86.55,8,19.45,1,0.0,1337,5.66,0.027,0.009,11,78.27,ISO9001+ISO14001,1,0
24,AMER,1413.01,86.55,8,26.22,1,0.0,1035,3.55,0.035,0.023,16,58.54,None,1,0
24,AMER,1413.01,86.55,8,21.55,1,0.0,1277,5.15,0.042,0.008,11,72.26,ISO9001,0,0
24,AMER,1413.01,86.55,8,26.23,1,0.0,779,4.17,0.055,0.0,0,68.99,ISO9001,1,0
24,AMER,1413.01,86.55,8,29.94,1,0.0,1147,5.4,0.0,0.002,2,76.73,ISO9001+ISO14001,1,0
24,AMER,1413.01,86.55,8,23.14,1,0.0,777,4.51,0.051,0.014,10,76.69,ISO9001+ISO14001,1,0
24,AMER,1413.01,86.55,8,21.65,1,0.0,588,5.38,0.049,0.014,6,84.43,ISO9001+ISO14001,1,0
24,AMER,1413.01,86.55,8,24.24,1,0.0,749,5.41,0.051,0.018,9,87.9,None,1,0
24,AMER,1413.01,86.55,8,21.61,1,0.0,906,4.22,0.032,0.009,4,61.18,ISO9001,1,0
24,AMER,1413.01,86.55,8,19.64,1,0.0,1170,4.83,0.047,0.012,12,90.11,ISO9001,1,0
24,AMER,1413.01,86.55,8,25.1,1,0.0,1058,4.74,0.015,0.007,8,74.27,ISO9001,1,0
24,AMER,1413.01,86.55,8,23.37,1,0.0,1038,5.9,0.053,0.005,3,83.8,ISO9001+ISO14001,0,0
24,AMER,1413.01,86.55,8,22.91,1,0.0,668,3.57,0.034,0.022,12,70.99,ISO9001,1,0
24,AMER,1413.01,86.55,8,24.41,1,0.0,940,4.93,0.0,0.012,13,78.36,ISO9001,0,0
24,AMER,1413.01,86.55,8,23.5,1,0.0,1082,4.75,0.009,0.006,3,75.53,ISO9001,1,0
24,AMER,1413.01,86.55,8,22.17,1,0.0,1072,5.31,0.016,0.0,0,98.33,ISO9001,0,0
24,AMER,1413.01,86.55,8,18.45,1,0.0,1046,5.3,0.023,0.0,0,81.73,ISO9001,1,0
24,AMER,1413.01,86.55,8,22.13,1,0.0,979,4.33,0.031,0.0,0,88.93,ISO9001+ISO14001,1,0
24,AMER,1413.01,86.55,8,24.18,1,0.0,471,4.9,0.062,0.0,0,77.94,None,0,0
24,AMER,1413.01,86.55,8,16.55,1,0.0,861,5.06,0.037,0.014,13,90.77,ISO9001,1,0
24,AMER,1413.01,86.55,8,20.69,1,0.0,1770,6.31,0.046,0.017,24,89.24,ISO9001+ISO14001,0,0
24,AMER,1413.01,86.55,8,22.46,0,8.7,482,5.19,0.0,0.004,5,78.67,ISO9001,1,0
25,EMEA,2447.4,52.06,4,29.64,1,0.0,1163,4.74,0.028,0.028,29,78.28,ISO9001,1,0
25,EMEA,2447.4,52.06,4,19.12,1,0.0,893,4.15,0.035,0.013,10,97.02,None,0,0
25,EMEA,2447.4,52.06,4,31.8,0,4.69,1319,4.9,0.037,0.014,20,65.23,ISO9001+ISO14001,1,1
25,EMEA,2447.4,52.06,4,23.15,1,0.0,1434,5.94,0.032,0.018,23,82.3,ISO9001+ISO14001,1,0
25,EMEA,2447.4,52.06,4,26.28,1,0.0,1273,6.53,0.021,0.0,0,85.27,ISO9001,0,0
25,EMEA,2447.4,52.06,4,31.39,0,3.58,504,4.95,0.011,0.019,5,64.54,ISO9001,1,0
25,EMEA,2447.4,52.06,4,23.31,1,0.0,881,5.34,0.06,0.015,7,68.64,ISO9001+ISO14001,1,0
25,EMEA,2447.4,52.06,4,29.53,1,0.0,1355,5.59,0.047,0.024,35,68.68,None,0,0
25,EMEA,2447.4,52.06,4,27.99,0,6.16,1000,4.73,0.001,0.025,19,83.12,None,0,0
25,EMEA,2447.4,52.06,4,28.89,1,0.0,534,4.26,0.022,0.032,17,68.69,ISO9001,1,0
25,EMEA,2447.4,52.06,4,26.24,1,0.0,476,3.29,0.047,0.017,11,71.22,ISO9001+ISO14001,0,0
25,EMEA,2447.4,52.06,4,21.43,1,0.0,1270,4.58,0.027,0.026,27,74.58,ISO9001+ISO14001,0,0
25,EMEA,2447.4,52.06,4,23.74,1,0.0,562,5.58,0.001,0.017,10,62.6,ISO9001,1,0
25,EMEA,2447.4,52.06,4,31.07,1,0.0,971,5.05,0.038,0.023,23,73.26,ISO9001,1,0
25,EMEA,2447.4,52.06,4,31.14,1,0.0,1162,4.55,0.025,0.003,1,74.29,ISO9001+ISO14001,1,0
25,EMEA,2447.4,52.06,4,23.93,1,0.0,962,5.74,0.054,0.0,0,74.63,ISO9001,0,0
25,EMEA,2447.4,52.06,4,30.02,0,5.02,1049,3.86,0.038,0.01,5,69.75,None,0,0
25,EMEA,2447.4,52.06,4,25.83,1,0.0,1131,4.95,0.019,0.019,24,92.42,ISO9001,0,0
25,EMEA,2447.4,52.06,4,27.02,1,0.0,580,5.33,0.044,0.019,11,66.05,ISO9001,1,0
25,EMEA,2447.4,52.06,4,27.99,1,0.0,725,5.32,0.054,0.011,12,70.2,None,0,0
25,EMEA,2447.4,52.06,4,29.16,1,0.0,1242,6.36,0.057,0.002,3,76.3,None,0,0
25,EMEA,2447.4,52.06,4,24.03,1,0.0,719,5.18,0.034,0.002,2,60.03,ISO9001,1,0
25,EMEA,2447.4,52.06,4,29.16,1,0.0,162,4.68,0.019,0.013,4,64.89,ISO9001+ISO14001,0,0
25,EMEA,2447.4,52.06,4,35.83,1,0.0,941,4.95,0.031,0.018,18,73.05,ISO9001+ISO14001,0,0
25,EMEA,2447.4,52.06,4,30.17,1,0.0,1323,5.11,0.014,0.0,0,70.13,ISO9001,0,0
25,EMEA,2447.4,52.06,4,30.91,0,4.49,1183,5.68,0.024,0.02,19,90.91,ISO9001+ISO14001,1,0
25,EMEA,2447.4,52.06,4,21.42,0,5.49,1021,4.7,0.008,0.015,15,76.04,ISO9001,1,0
25,EMEA,2447.4,52.06,4,32.01,1,0.0,1287,4.39,0.04,0.028,32,78.26,ISO9001,0,0
25,EMEA,2447.4,52.06,4,29.28,0,2.88,1048,4.4,0.047,0.004,3,58.71,ISO9001+ISO14001,1,1
25,EMEA,2447.4,52.06,4,28.14,0,3.82,988,5.12,0.014,0.027,25,78.89,None,0,0
25,EMEA,2447.4,52.06,4,22.41,1,0.0,942,4.84,0.048,0.031,29,74.59,None,1,0
25,EMEA,2447.4,52.06,4,32.27,0,7.63,928,4.78,0.05,0.008,8,66.44,ISO9001,1,1
25,EMEA,2447.4,52.06,4,26.89,1,0.0,1115,4.76,0.049,0.02,22,91.99,ISO9001,1,0
25,EMEA,2447.4,52.06,4,27.07,1,0.0,842,6.69,0.029,0.022,14,90.76,None,0,0
25,EMEA,2447.4,52.06,4,26.5,1,0.0,674,4.67,0.059,0.024,10,77.53,ISO9001,1,0
25,EMEA,2447.4,52.06,4,29.78,0,3.73,1043,4.87,0.023,0.006,4,70.44,ISO9001,1,0
25,EMEA,2447.4,52.06,4,28.79,1,0.0,946,4.74,0.074,0.0,0,89.17,ISO9001,0,0
25,EMEA,2447.4,52.06,4,26.17,1,0.0,695,4.15,0.031,0.0,0,85.61,None,0,0
25,EMEA,2447.4,52.06,4,26.06,1,0.0,1060,5.11,0.036,0.021,32,84.69,ISO9001+ISO14001,1,0
25,EMEA,2447.4,52.06,4,27.79,1,0.0,587,4.9,0.009,0.03,16,100.0,None,0,0
25,EMEA,2447.4,52.06,4,27.37,1,0.0,1043,5.64,0.053,0.0,0,90.93,ISO9001,1,0
25,EMEA,2447.4,52.06,4,31.97,1,0.0,651,4.19,0.035,0.025,12,92.28,None,0,0
25,EMEA,2447.4,52.06,4,32.59,1,0.0,1358,5.13,0.038,0.014,29,80.25,ISO9001,0,0
25,EMEA,2447.4,52.06,4,27.32,1,0.0,1070,5.04,0.028,0.014,20,75.0,ISO9001,0,0
25,EMEA,2447.4,52.06,4,25.94,1,0.0,1159,4.87,0.031,0.014,13,78.93,ISO9001+ISO14001,0,0
25,EMEA,2447.4,52.06,4,22.81,0,1.0,1194,5.65,0.06,0.018,23,88.76,None,0,0
25,EMEA,2447.4,52.06,4,23.1,1,0.0,846,5.54,0.067,0.012,13,81.0,ISO9001,0,0
26,APAC,3489.29,48.09,4,31.34,1,0.0,1114,4.43,0.056,0.006,2,75.33,ISO9001+ISO14001,0,0
26,APAC,3489.29,48.09,4,27.1,1,0.0,825,5.45,0.053,0.023,18,74.68,None,0,0
26,APAC,3489.29,48.09,4,29.08,1,0.0,1131,5.1,0.042,0.022,27,73.51,ISO9001,0,0
26,APAC,3489.29,48.09,4,35.24,1,0.0,1048,4.09,0.041,0.015,16,100.0,ISO9001,0,0
26,APAC,3489.29,48.09,4,34.69,1,0.0,468,5.14,0.055,0.011,1,81.49,ISO9001,1,0
26,APAC,3489.29,48.09,4,30.83,1,0.0,647,6.32,0.029,0.016,5,83.17,ISO9001,0,0
26,APAC,3489.29,48.09,4,31.07,1,0.0,1015,5.08,0.034,0.022,27,91.33,ISO9001+ISO14001,0,0
26,APAC,3489.29,48.09,4,30.24,0,7.12,1092,5.54,0.011,0.026,28,72.93,ISO9001+ISO14001,1,0
26,APAC,3489.29,48.09,4,26.01,1,0.0,1028,4.13,0.036,0.039,36,70.83,None,0,0
26,APAC,3489.29,48.09,4,29.46,1,0.0,894,5.76,0.054,0.016,13,84.57,ISO9001,1,0
26,APAC,3489.29,48.09,4,33.15,1,0.0,604,5.75,0.002,0.029,18,59.59,ISO9001,1,0
26,APAC,3489.29,48.09,4,30.57,1,0.0,966,4.96,0.02,0.022,24,84.51,ISO9001+ISO14001,0,0
26,APAC,3489.29,48.09,4,28.47,1,0.0,1151,6.45,0.056,0.027,39,88.62,ISO9001,1,0
26,APAC,3489.29,48.09,4,30.27,1,0.0,1264,5.12,0.064,0.009,6,77.41,ISO9001+ISO14001,1,0
26,APAC,3489.29,48.09,4,26.25,1,0.0,1046,4.4,0.011,0.015,8,88.52,ISO9001,0,0
26,APAC,3489.29,48.09,4,33.36,1,0.0,1052,5.43,0.045,0.032,40,63.07,None,0,0
26,APAC,3489.29,48.09,4,32.23,1,0.0,840,4.79,0.057,0.018,16,62.63,ISO9001,1,0
26,APAC,3489.29,48.09,4,31.13,1,0.0,792,4.88,0.06,0.031,24,76.35,ISO9001,0,0
26,APAC,3489.29,48.09,4,32.87,1,0.0,1257,6.18,0.046,0.033,33,64.0,ISO9001,0,0
26,APAC,3489.29,48.09,4,35.96,1,0.0,1110,5.87,0.025,0.03,27,85.57,None,0,0
26,APAC,3489.29,48.09,4,33.24,1,0.0,1149,5.38,0.024,0.027,36,86.04,ISO9001,1,0
26,APAC,3489.29,48.09,4,28.68,1,0.0,1478,4.2,0.053,0.032,58,69.62,ISO9001,1,0
26,APAC,3489.29,48.09,4,29.7,1,0.0,1162,5.08,0.055,0.026,24,63.72,ISO9001,1,0
26,APAC,3489.29,48.09,4,29.93,1,0.0,1118,5.09,0.076,0.0,0,59.51,None,0,0
26,APAC,3489.29,48.09,4,29.25,1,0.0,1124,4.27,0.026,0.032,34,92.61,ISO9001+ISO14001,0,0
26,APAC,3489.29,48.09,4,30.92,1,0.0,965,4.08,0.028,0.039,43,80.25,ISO9001,1,0
27,AMER,1591.05,53.39,5,22.33,1,0.0,1302,5.92,0.026,0.014,26,81.54,None,0,0
27,AMER,1591.05,53.39,5,26.22,0,5.48,1726,5.82,0.054,0.032,65,100.0,ISO9001+ISO14001,0,0
27,AMER,1591.05,53.39,5,25.42,1,0.0,871,5.18,0.043,0.022,25,71.15,ISO9001,0,0
27,AMER,1591.05,53.39,5,26.9,1,0.0,1077,3.63,0.071,0.006,5,67.46,ISO9001,1,0
27,AMER,1591.05,53.39,5,23.3,1,0.0,903,5.15,0.052,0.02,16,78.07,ISO9001,0,0
27,AMER,1591.05,53.39,5,22.29,1,0.0,802,5.75,0.04,0.037,26,69.68,None,0,0
27,AMER,1591.05,53.39,5,23.83,1,0.0,823,4.98,0.031,0.03,23,75.05,ISO9001,0,0
27,AMER,1591.05,53.39,5,24.21,0,7.54,1110,5.52,0.023,0.019,19,85.83,ISO9001+ISO14001,0,0
27,AMER,1591.05,53.39,5,24.76,1,0.0,1033,4.39,0.043,0.011,8,63.42,ISO9001+ISO14001,1,0
27,AMER,1591.05,53.39,5,18.28,1,0.0,821,2.95,0.037,0.032,26,79.4,None,0,0
27,AMER,1591.05,53.39,5,26.27,1,0.0,1051,5.93,0.048,0.024,35,56.53,ISO9001+ISO14001,1,0
27,AMER,1591.05,53.39,5,26.79,1,0.0,1100,4.44,0.076,0.011,12,77.31,ISO9001+ISO14001,1,0
27,AMER,1591.05,53.39,5,21.93,1,0.0,1255,5.54,0.0,0.025,41,55.02,ISO9001+ISO14001,1,0
27,AMER,1591.05,53.39,5,23.14,1,0.0,1132,4.33,0.07,0.02,19,58.63,None,0,0
27,AMER,1591.05,53.39,5,28.22,1,0.0,791,5.58,0.075,0.031,27,91.8,ISO9001,1,0
27,AMER,1591.05,53.39,5,27.29,1,0.0,610,4.6,0.04,0.027,12,73.77,ISO9001,1,0
27,AMER,1591.05,53.39,5,24.78,1,0.0,1135,5.0,0.044,0.018,20,83.91,None,0,0
27,AMER,1591.05,53.39,5,24.45,1,0.0,824,4.83,0.042,0.023,18,69.86,ISO9001+ISO14001,0,0
27,AMER,1591.05,53.39,5,24.98,1,0.0,1322,4.85,0.0,0.021,21,57.71,ISO9001,1,0
27,AMER,1591.05,53.39,5,26.21,1,0.0,855,4.98,0.004,0.027,21,72.57,ISO9001+ISO14001,0,0
27,AMER,1591.05,53.39,5,27.52,1,0.0,1267,4.45,0.053,0.018,24,67.84,ISO9001,1,0
27,AMER,1591.05,53.39,5,25.74,1,0.0,1218,3.46,0.031,0.003,2,72.23,ISO9001+ISO14001,0,0
27,AMER,1591.05,53.39,5,21.01,1,0.0,942,5.98,0.045,0.028,21,93.49,ISO9001,0,0
27,AMER,1591.05,53.39,5,21.57,1,0.0,1272,5.85,0.038,0.016,18,68.44,None,0,0
27,AMER,1591.05,53.39,5,28.6,1,0.0,472,5.87,0.007,0.026,11,63.53,ISO9001,0,0
27,AMER,1591.05,53.39,5,25.05,1,0.0,1027,5.37,0.075,0.034,34,69.55,ISO9001,0,0
27,AMER,1591.05,53.39,5,23.87,1,0.0,865,5.43,0.04,0.026,29,76.23,None,0,0
27,AMER,1591.05,53.39,5,29.3,1,0.0,1129,5.41,0.061,0.03,34,78.57,None,0,0
27,AMER,1591.05,53.39,5,25.22,1,0.0,939,6.49,0.002,0.023,22,88.35,ISO9001,1,0
27,AMER,1591.05,53.39,5,20.79,1,0.0,1173,4.87,0.073,0.025,27,78.23,ISO9001,1,0
27,AMER,1591.05,53.39,5,24.96,0,5.08,899,5.2,0.011,0.008,10,80.91,ISO9001,1,0
27,AMER,1591.05,53.39,5,23.93,0,9.03,630,6.08,0.023,0.027,16,73.72,ISO9001,1,0
27,AMER,1591.05,53.39,5,27.07,0,3.77,1539,5.89,0.042,0.02,25,79.3,ISO9001+ISO14001,0,0
27,AMER,1591.05,53.39,5,21.73,1,0.0,826,5.84,0.075,0.022,14,81.78,ISO9001+ISO14001,0,0
27,AMER,1591.05,53.39,5,21.83,0,5.56,970,5.93,0.044,0.005,3,79.86,ISO9001+ISO14001,0,0
27,AMER,1591.05,53.39,5,30.28,1,0.0,971,5.32,0.044,0.009,7,77.6,ISO9001+ISO14001,1,0
27,AMER,1591.05,53.39,5,31.84,1,0.0,781,4.55,0.026,0.016,7,76.96,ISO9001,1,0
27,AMER,1591.05,53.39,5,20.03,1,0.0,1299,5.85,0.009,0.007,10,77.73,ISO9001,1,0
27,AMER,1591.05,53.39,5,25.23,1,0.0,1105,4.72,0.078,0.023,23,65.31,ISO9001,1,0
27,AMER,1591.05,53.39,5,24.7,1,0.0,707,5.73,0.081,0.027,17,64.86,ISO9001,0,0
27,AMER,1591.05,53.39,5,20.8,0,3.83,978,5.42,0.015,0.042,46,87.06,ISO9001,1,0
27,AMER,1591.05,53.39,5,29.87,1,0.0,1477,5.7,0.021,0.018,29,95.16,None,1,0
27,AMER,1591.05,53.39,5,25.26,1,0.0,830,4.94,0.026,0.019,17,81.12,ISO9001+ISO14001,0,0
27,AMER,1591.05,53.39,5,24.98,0,6.97,1335,5.43,0.054,0.021,25,82.15,None,0,0
27,AMER,1591.05,53.39,5,27.36,1,0.0,1010,5.33,0.018,0.037,41,70.67,ISO9001,0,0
27,AMER,1591.05,53.39,5,27.45,1,0.0,773,3.92,0.033,0.011,8,81.8,ISO9001+ISO14001,1,0
27,AMER,1591.05,53.39,5,20.77,1,0.0,1333,5.24,0.046,0.028,41,82.21,ISO9001,1,0
27,AMER,1591.05,53.39,5,20.91,0,4.79,820,4.9,0.029,0.016,10,83.4,None,0,0
27,AMER,1591.05,53.39,5,22.49,0,8.93,1088,5.95,0.049,0.001,1,80.24,ISO9001+ISO14001,0,0
27,AMER,1591.05,53.39,5,21.4,1,0.0,626,4.68,0.063,0.03,26,59.23,ISO9001,1,0
27,AMER,1591.05,53.39,5,24.05,1,0.0,878,4.86,0.069,0.004,3,72.67,None,0,0
27,AMER,1591.05,53.39,5,22.74,1,0.0,1062,4.68,0.055,0.033,42,76.88,ISO9001,1,0
27,AMER,1591.05,53.39,5,24.81,1,0.0,1292,5.19,0.055,0.009,12,85.23,None,0,0
27,AMER,1591.05,53.39,5,20.25,1,0.0,1007,5.19,0.035,0.028,34,71.7,ISO9001,1,0
27,AMER,1591.05,53.39,5,24.93,0,4.17,1190,4.52,0.032,0.021,23,88.95,ISO9001,0,0
27,AMER,1591.05,53.39,5,20.19,1,0.0,1252,5.47,0.019,0.011,10,85.22,ISO9001,1,0
27,AMER,1591.05,53.39,5,23.04,1,0.0,1605,5.99,0.056,0.009,17,79.57,None,1,0
27,AMER,1591.05,53.39,5,28.67,1,0.0,1101,5.13,0.024,0.04,46,63.52,ISO9001,1,0
27,AMER,1591.05,53.39,5,17.96,1,0.0,775,5.53,0.058,0.029,18,78.74,ISO9001,0,0
28,AMER,1706.37,91.64,13,27.54,1,0.0,1040,4.3,0.052,0.002,1,77.35,ISO9001+ISO14001,1,0
28,AMER,1706.37,91.64,13,26.45,1,0.0,1075,4.44,0.062,0.008,10,89.76,ISO9001,1,0
28,AMER,1706.37,91.64,13,22.04,0,6.93,896,5.28,0.019,0.02,21,67.17,ISO9001+ISO14001,1,0
28,AMER,1706.37,91.64,13,19.29,1,0.0,1062,4.5,0.078,0.025,26,90.94,None,0,0
28,AMER,1706.37,91.64,13,26.59,1,0.0,1169,4.93,0.06,0.027,31,72.9,None,0,0
28,AMER,1706.37,91.64,13,27.04,1,0.0,988,5.42,0.042,0.026,21,81.87,ISO9001+ISO14001,0,0
28,AMER,1706.37,91.64,13,27.52,1,0.0,928,4.86,0.001,0.01,11,52.83,ISO9001+ISO14001,1,0
28,AMER,1706.37,91.64,13,30.67,0,5.83,1058,5.49,0.018,0.012,15,75.77,ISO9001+ISO14001,1,0
28,AMER,1706.37,91.64,13,18.98,1,0.0,1679,4.45,0.105,0.013,24,89.65,ISO9001,0,0
28,AMER,1706.37,91.64,13,21.23,1,0.0,466,5.74,0.01,0.018,6,82.77,ISO9001,1,0
28,AMER,1706.37,91.64,13,24.72,0,5.17,1028,4.41,0.007,0.005,6,80.6,ISO9001+ISO14001,1,0
28,AMER,1706.37,91.64,13,25.98,1,0.0,1046,5.72,0.036,0.018,26,76.4,ISO9001,0,0
28,AMER,1706.37,91.64,13,21.29,1,0.0,862,5.63,0.071,0.011,10,50.69,ISO9001,1,0
28,AMER,1706.37,91.64,13,19.78,1,0.0,996,3.6,0.047,0.018,26,81.77,ISO9001,1,0
28,AMER,1706.37,91.64,13,23.03,1,0.0,759,5.94,0.041,0.0,0,96.72,ISO9001,0,0
28,AMER,1706.37,91.64,13,25.3,0,5.56,375,4.39,0.061,0.027,11,75.69,None,0,0
28,AMER,1706.37,91.64,13,24.82,1,0.0,1174,4.36,0.05,0.0,0,94.41,ISO9001,1,0
28,AMER,1706.37,91.64,13,23.01,1,0.0,1200,5.49,0.04,0.019,25,84.05,None,0,0
28,AMER,1706.37,91.64,13,17.75,1,0.0,998,4.88,0.03,0.016,17,76.69,ISO9001,0,0
28,AMER,1706.37,91.64,13,19.01,1,0.0,1246,4.18,0.027,0.018,25,95.74,ISO9001+ISO14001,0,0
28,AMER,1706.37,91.64,13,28.56,1,0.0,817,5.0,0.018,0.036,21,88.14,None,0,0
28,AMER,1706.37,91.64,13,27.64,1,0.0,873,4.75,0.002,0.013,5,88.09,None,0,0
28,AMER,1706.37,91.64,13,27.5,1,0.0,884,5.77,0.042,0.005,4,84.26,ISO9001,0,0
28,AMER,1706.37,91.64,13,27.93,1,0.0,872,5.27,0.068,0.015,9,72.04,ISO9001+ISO14001,1,0
28,AMER,1706.37,91.64,13,25.62,1,0.0,1256,5.08,0.055,0.038,48,76.72,ISO9001+ISO14001,0,0
28,AMER,1706.37,91.64,13,24.63,1,0.0,849,5.36,0.034,0.0,0,76.51,ISO9001+ISO14001,1,0
28,AMER,1706.37,91.64,13,23.09,1,0.0,1304,4.63,0.035,0.019,25,86.64,None,0,0
28,AMER,1706.37,91.64,13,28.05,1,0.0,870,6.27,0.051,0.003,2,73.94,None,0,0
28,AMER,1706.37,91.64,13,18.91,1,0.0,1206,5.16,0.024,0.016,20,85.57,None,0,0
28,AMER,1706.37,91.64,13,23.14,1,0.0,1072,4.2,0.02,0.032,43,68.85,ISO9001,1,0
28,AMER,1706.37,91.64,13,28.76,1,0.0,891,4.28,0.027,0.022,12,85.88,None,0,0
28,AMER,1706.37,91.64,13,24.11,1,0.0,1037,4.62,0.02,0.007,6,77.94,ISO9001,0,0
28,AMER,1706.37,91.64,13,26.49,1,0.0,1312,5.34,0.045,0.015,17,92.27,ISO9001,0,0
28,AMER,1706.37,91.64,13,25.93,1,0.0,907,5.14,0.024,0.026,21,86.09,ISO9001,0,0
28,AMER,1706.37,91.64,13,28.25,1,0.0,895,5.47,0.045,0.035,30,76.59,None,0,0
29,APAC,3735.2,94.28,11,31.47,1,0.0,1141,5.45,0.043,0.0,0,72.18,ISO9001,0,0
29,APAC,3735.2,94.28,11,28.79,1,0.0,954,5.27,0.043,0.01,7,73.11,ISO9001,0,0
29,APAC,3735.2,94.28,11,32.03,1,0.0,1282,5.03,0.024,0.005,4,80.38,None,0,0
29,APAC,3735.2,94.28,11,28.11,1,0.0,649,5.93,0.048,0.002,3,75.38,None,0,0
29,APAC,3735.2,94.28,11,34.21,0,4.03,1319,4.64,0.036,0.019,21,85.6,ISO9001+ISO14001,0,0
29,APAC,3735.2,94.28,11,32.92,1,0.0,1308,4.09,0.02,0.0,0,70.08,ISO9001,1,0
29,APAC,3735.2,94.28,11,39.56,1,0.0,695,5.05,0.007,0.015,14,93.07,None,0,0
29,APAC,3735.2,94.28,11,32.49,1,0.0,490,4.94,0.042,0.023,14,76.42,ISO9001,1,0
29,APAC,3735.2,94.28,11,36.22,1,0.0,718,5.67,0.038,0.014,9,66.93,ISO9001,0,0
29,APAC,3735.2,94.28,11,26.75,1,0.0,888,5.35,0.06,0.01,8,98.36,None,0,0
29,APAC,3735.2,94.28,11,29.03,1,0.0,918,4.87,0.042,0.0,0,81.18,None,1,0
29,APAC,3735.2,94.28,11,34.15,1,0.0,904,4.29,0.041,0.003,3,84.55,ISO9001,1,0
29,APAC,3735.2,94.28,11,29.79,1,0.0,884,5.34,0.027,0.017,19,80.04,ISO9001,1,0
29,APAC,3735.2,94.28,11,35.04,1,0.0,821,5.8,0.031,0.0,0,84.9,None,1,0
29,APAC,3735.2,94.28,11,31.43,1,0.0,1060,3.83,0.04,0.0,0,94.44,ISO9001,0,0
29,APAC,3735.2,94.28,11,28.06,1,0.0,1045,5.44,0.024,0.0,0,78.54,None,0,0
29,APAC,3735.2,94.28,11,30.76,1,0.0,987,4.24,0.021,0.009,5,74.99,ISO9001,1,0
29,APAC,3735.2,94.28,11,34.27,1,0.0,889,5.46,0.017,0.011,8,79.7,ISO9001+ISO14001,1,0
29,APAC,3735.2,94.28,11,32.51,1,0.0,1092,4.43,0.066,0.01,8,77.7,ISO9001,0,0
29,APAC,3735.2,94.28,11,33.21,1,0.0,814,4.43,0.016,0.022,25,73.57,ISO9001,1,0
29,APAC,3735.2,94.28,11,35.09,1,0.0,763,5.34,0.032,0.007,6,85.17,ISO9001,1,0
29,APAC,3735.2,94.28,11,36.54,1,0.0,1056,4.39,0.063,0.019,24,91.9,ISO9001,0,0
29,APAC,3735.2,94.28,11,31.34,1,0.0,1346,3.83,0.03,0.009,12,90.23,ISO9001,1,0
29,APAC,3735.2,94.28,11,32.34,1,0.0,801,5.03,0.02,0.013,17,64.48,ISO9001,1,0
29,APAC,3735.2,94.28,11,35.14,1,0.0,448,4.47,0.025,0.033,17,93.36,ISO9001,0,0
29,APAC,3735.2,94.28,11,36.69,1,0.0,1311,5.2,0.017,0.0,0,78.74,None,1,0
29,APAC,3735.2,94.28,11,28.0,1,0.0,305,6.12,0.021,0.017,6,99.01,None,0,0
29,APAC,3735.2,94.28,11,39.82,1,0.0,967,5.14,0.052,0.024,24,81.12,ISO9001+ISO14001,1,0
29,APAC,3735.2,94.28,11,33.87,0,7.05,1465,4.47,0.041,0.028,50,93.17,ISO9001,0,0
29,APAC,3735.2,94.28,11,30.76,1,0.0,1079,4.85,0.0,0.002,3,85.29,ISO9001,1,0
29,APAC,3735.2,94.28,11,31.82,1,0.0,855,7.17,0.031,0.006,4,73.98,ISO9001,1,0
29,APAC,3735.2,94.28,11,32.81,1,0.0,1377,4.0,0.039,0.024,42,59.99,None,0,0
29,APAC,3735.2,94.28,11,34.54,0,6.9,1073,4.57,0.036,0.022,29,78.13,ISO9001+ISO14001,1,0
29,APAC,3735.2,94.28,11,35.47,1,0.0,1015,4.58,0.04,0.021,20,83.19,None,1,0
29,APAC,3735.2,94.28,11,31.69,1,0.0,1015,5.06,0.026,0.0,0,79.22,None,0,0
29,APAC,3735.2,94.28,11,32.12,1,0.0,1059,3.86,0.026,0.0,0,89.92,ISO9001+ISO14001,0,0
30,APAC,3208.78,35.5,4,26.19,1,0.0,1080,5.4,0.071,0.033,35,70.74,ISO9001,1,0
30,APAC,3208.78,35.5,4,27.63,1,0.0,1231,4.86,0.026,0.064,89,83.1,ISO9001+ISO14001,1,0
30,APAC,3208.78,35.5,4,33.86,1,0.0,1180,4.44,0.054,0.009,7,78.86,ISO9001+ISO14001,0,0
30,APAC,3208.78,35.5,4,36.75,1,0.0,1269,4.68,0.046,0.018,22,100.0,ISO9001,0,0
30,APAC,3208.78,35.5,4,33.27,1,0.0,1041,4.86,0.052,0.027,20,73.09,ISO9001,1,0
30,APAC,3208.78,35.5,4,32.75,1,0.0,1093,4.92,0.018,0.016,21,67.1,ISO9001,0,0
30,APAC,3208.78,35.5,4,34.34,1,0.0,481,5.44,0.03,0.024,10,100.0,ISO9001,0,0
30,APAC,3208.78,35.5,4,33.82,1,0.0,1252,4.64,0.025,0.02,27,90.95,None,0,0
30,APAC,3208.78,35.5,4,34.49,1,0.0,1282,4.82,0.059,0.024,33,71.84,ISO9001,1,0
30,APAC,3208.78,35.5,4,29.14,0,9.37,907,3.9,0.0,0.0,0,68.53,None,1,1
30,APAC,3208.78,35.5,4,29.95,1,0.0,1292,5.25,0.047,0.039,42,91.75,ISO9001,0,0
30,APAC,3208.78,35.5,4,26.86,0,1.85,1473,4.91,0.043,0.027,37,95.63,ISO9001+ISO14001,1,0
30,APAC,3208.78,35.5,4,31.89,0,2.51,1246,4.57,0.031,0.027,41,75.87,ISO9001+ISO14001,0,1
30,APAC,3208.78,35.5,4,31.47,1,0.0,1017,5.45,0.035,0.038,35,67.6,None,0,0
30,APAC,3208.78,35.5,4,34.61,1,0.0,849,4.81,0.043,0.023,27,78.1,ISO9001,0,0
30,APAC,3208.78,35.5,4,32.76,1,0.0,1363,5.3,0.07,0.013,27,91.98,ISO9001,0,0
30,APAC,3208.78,35.5,4,33.29,1,0.0,749,4.89,0.0,0.031,24,72.68,ISO9001,1,0
30,APAC,3208.78,35.5,4,31.07,1,0.0,765,4.99,0.062,0.019,12,64.21,ISO9001,0,0
30,APAC,3208.78,35.5,4,30.88,1,0.0,698,5.15,0.003,0.022,16,80.95,ISO9001,1,0
30,APAC,3208.78,35.5,4,33.54,1,0.0,978,6.55,0.04,0.016,21,79.28,None,0,0
30,APAC,3208.78,35.5,4,34.01,1,0.0,1168,5.36,0.08,0.019,30,61.6,ISO9001+ISO14001,0,0
30,APAC,3208.78,35.5,4,26.12,1,0.0,1116,4.75,0.021,0.037,51,72.83,ISO9001,0,0
30,APAC,3208.78,35.5,4,26.93,1,0.0,1653,4.93,0.019,0.023,36,68.98,None,0,0
30,APAC,3208.78,35.5,4,30.9,1,0.0,1148,3.95,0.009,0.033,30,70.33,ISO9001,1,0
30,APAC,3208.78,35.5,4,26.6,1,0.0,749,5.19,0.065,0.047,28,74.17,None,0,0
30,APAC,3208.78,35.5,4,33.4,1,0.0,910,5.2,0.05,0.017,20,83.37,ISO9001+ISO14001,0,0
30,APAC,3208.78,35.5,4,30.26,0,6.42,1313,5.95,0.03,0.016,23,66.74,ISO9001+ISO14001,1,1
30,APAC,3208.78,35.5,4,31.88,1,0.0,1107,4.95,0.019,0.019,16,76.14,ISO9001,0,0
30,APAC,3208.78,35.5,4,29.68,1,0.0,890,5.16,0.034,0.016,11,59.33,ISO9001,0,0
30,APAC,3208.78,35.5,4,33.57,0,5.95,1178,4.96,0.05,0.034,36,57.9,ISO9001,1,1
30,APAC,3208.78,35.5,4,35.1,1,0.0,1137,6.07,0.033,0.026,26,79.07,ISO9001+ISO14001,0,0
30,APAC,3208.78,35.5,4,33.46,1,0.0,1022,4.81,0.033,0.021,19,58.13,ISO9001+ISO14001,1,0
30,APAC,3208.78,35.5,4,30.93,1,0.0,1019,5.16,0.047,0.043,50,66.16,ISO9001,1,0
30,APAC,3208.78,35.5,4,31.19,1,0.0,749,4.66,0.054,0.04,37,68.2,None,0,0
30,APAC,3208.78,35.5,4,34.02,0,7.78,1236,4.31,0.041,0.007,10,54.87,ISO9001,1,1
30,APAC,3208.78,35.5,4,32.49,0,5.96,974,4.88,0.035,0.026,27,78.4,ISO9001,0,1
30,APAC,3208.78,35.5,4,29.37,1,0.0,902,5.9,0.035,0.039,39,62.79,None,1,0
31,EMEA,2450.94,100.0,6,26.19,1,0.0,1224,5.27,0.0,0.015,26,75.25,ISO9001,1,0
31,EMEA,2450.94,100.0,6,25.65,1,0.0,1229,5.12,0.025,0.001,3,73.22,ISO9001,1,0
31,EMEA,2450.94,100.0,6,28.22,0,5.7,684,3.04,0.056,0.023,13,65.12,None,0,0
31,EMEA,2450.94,100.0,6,26.75,1,0.0,879,4.87,0.02,0.013,17,77.59,None,0,0
31,EMEA,2450.94,100.0,6,27.91,1,0.0,1369,3.97,0.03,0.015,27,84.06,ISO9001,1,0
31,EMEA,2450.94,100.0,6,24.51,1,0.0,1043,4.72,0.019,0.024,24,72.76,ISO9001+ISO14001,1,0
31,EMEA,2450.94,100.0,6,27.25,1,0.0,955,5.24,0.034,0.016,17,93.57,ISO9001+ISO14001,1,0
31,EMEA,2450.94,100.0,6,26.53,1,0.0,1046,4.84,0.0,0.027,27,72.3,None,0,0
31,EMEA,2450.94,100.0,6,28.1,1,0.0,1425,5.44,0.036,0.019,23,66.71,None,0,0
31,EMEA,2450.94,100.0,6,26.46,1,0.0,641,5.55,0.057,0.0,0,81.28,None,0,0
31,EMEA,2450.94,100.0,6,24.79,0,6.7,1461,4.36,0.032,0.004,8,76.99,ISO9001,1,0
31,EMEA,2450.94,100.0,6,25.82,1,0.0,965,4.9,0.053,0.011,14,77.8,None,0,0
31,EMEA,2450.94,100.0,6,26.06,1,0.0,1190,5.63,0.044,0.009,8,79.73,None,0,0
31,EMEA,2450.94,100.0,6,28.72,1,0.0,1040,4.78,0.014,0.011,9,81.13,ISO9001,1,0
31,EMEA,2450.94,100.0,6,26.37,1,0.0,885,4.87,0.0,0.0,0,67.97,ISO9001,0,0
31,EMEA,2450.94,100.0,6,28.3,1,0.0,746,5.69,0.039,0.004,3,94.52,ISO9001,0,0
31,EMEA,2450.94,100.0,6,27.24,1,0.0,957,3.74,0.025,0.01,9,100.0,ISO9001,0,0
31,EMEA,2450.94,100.0,6,24.62,1,0.0,716,5.13,0.038,0.007,4,82.24,ISO9001,1,0
31,EMEA,2450.94,100.0,6,32.4,1,0.0,928,4.56,0.034,0.017,18,88.18,None,0,0
31,EMEA,2450.94,100.0,6,24.54,1,0.0,1290,5.5,0.057,0.0,0,76.08,ISO9001,1,0
31,EMEA,2450.94,100.0,6,24.35,1,0.0,1378,5.39,0.023,0.03,36,66.64,ISO9001,1,0
31,EMEA,2450.94,100.0,6,29.36,1,0.0,797,5.13,0.005,0.016,9,76.59,ISO9001,0,0
31,EMEA,2450.94,100.0,6,25.85,1,0.0,1307,3.78,0.033,0.017,21,65.72,None,0,0
31,EMEA,2450.94,100.0,6,25.39,1,0.0,1426,4.45,0.014,0.0,0,68.92,ISO9001+ISO14001,0,0
31,EMEA,2450.94,100.0,6,31.43,1,0.0,1487,5.46,0.027,0.019,27,83.46,ISO9001,1,0
31,EMEA,2450.94,100.0,6,30.48,1,0.0,778,5.0,0.024,0.004,3,89.31,None,1,0
31,EMEA,2450.94,100.0,6,26.4,1,0.0,725,5.0,0.015,0.0,0,79.5,ISO9001+ISO14001,1,0
31,EMEA,2450.94,100.0,6,28.67,1,0.0,850,3.54,0.009,0.024,18,94.61,ISO9001+ISO14001,1,0
31,EMEA,2450.94,100.0,6,29.56,0,2.51,786,5.71,0.054,0.013,5,76.61,ISO9001,0,0
31,EMEA,2450.94,100.0,6,25.08,1,0.0,1038,4.74,0.027,0.028,27,85.51,ISO9001+ISO14001,0,0
31,EMEA,2450.94,100.0,6,23.36,1,0.0,1066,4.89,0.042,0.025,29,75.08,None,1,0
31,EMEA,2450.94,100.0,6,27.87,1,0.0,834,5.23,0.018,0.017,14,76.92,ISO9001+ISO14001,1,0
31,EMEA,2450.94,100.0,6,28.83,1,0.0,942,4.46,0.007,0.005,3,74.92,ISO9001,1,0
31,EMEA,2450.94,100.0,6,22.28,0,6.21,662,5.37,0.04,0.007,5,82.7,ISO9001,0,0
31,EMEA,2450.94,100.0,6,24.77,1,0.0,1340,4.6,0.054,0.0,0,70.84,None,0,0
31,EMEA,2450.94,100.0,6,26.05,1,0.0,491,5.07,0.042,0.011,5,52.54,ISO9001,0,0
31,EMEA,2450.94,100.0,6,31.75,1,0.0,580,4.88,0.049,0.003,4,85.24,ISO9001+ISO14001,0,0
31,EMEA,2450.94,100.0,6,30.07,1,0.0,1713,5.09,0.038,0.004,4,80.23,ISO9001,1,0
31,EMEA,2450.94,100.0,6,23.22,1,0.0,978,3.43,0.0,0.008,5,78.92,ISO9001+ISO14001,1,0
31,EMEA,2450.94,100.0,6,29.58,1,0.0,873,4.92,0.05,0.017,10,88.5,ISO9001,1,0
31,EMEA,2450.94,100.0,6,24.32,1,0.0,900,4.72,0.045,0.015,12,87.2,None,0,0
32,APAC,4186.22,77.54,8,31.03,1,0.0,1489,5.23,0.042,0.013,14,73.48,ISO9001,1,0
32,APAC,4186.22,77.54,8,34.56,0,4.65,682,4.58,0.026,0.01,7,86.2,None,1,0
32,APAC,4186.22,77.54,8,39.15,1,0.0,715,3.23,0.05,0.02,25,72.21,None,0,0
32,APAC,4186.22,77.54,8,35.07,1,0.0,1079,4.74,0.023,0.026,21,80.21,ISO9001,1,0
32,APAC,4186.22,77.54,8,37.25,1,0.0,901,5.03,0.028,0.016,17,84.57,ISO9001,0,0
32,APAC,4186.22,77.54,8,32.61,0,10.46,1596,5.02,0.029,0.004,7,89.5,ISO9001,1,0
32,APAC,4186.22,77.54,8,35.96,1,0.0,1171,6.32,0.056,0.02,20,77.74,None,0,0
32,APAC,4186.22,77.54,8,37.32,1,0.0,1055,5.46,0.058,0.013,15,65.11,ISO9001,0,0
32,APAC,4186.22,77.54,8,33.43,1,0.0,938,3.98,0.03,0.001,0,80.1,ISO9001,1,0
32,APAC,4186.22,77.54,8,34.38,1,0.0,925,4.77,0.005,0.025,28,79.78,ISO9001,0,0
32,APAC,4186.22,77.54,8,33.5,1,0.0,1062,5.73,0.028,0.001,0,71.92,ISO9001,1,0
32,APAC,4186.22,77.54,8,38.31,1,0.0,1185,4.94,0.002,0.011,10,99.19,ISO9001+ISO14001,1,0
32,APAC,4186.22,77.54,8,33.74,1,0.0,1080,5.28,0.078,0.015,17,76.27,ISO9001,0,0
32,APAC,4186.22,77.54,8,29.92,1,0.0,534,5.84,0.05,0.012,10,66.55,ISO9001,0,0
32,APAC,4186.22,77.54,8,38.13,1,0.0,906,4.97,0.028,0.009,5,60.95,None,0,0
32,APAC,4186.22,77.54,8,34.08,1,0.0,1578,6.03,0.041,0.034,45,76.94,ISO9001+ISO14001,1,0
32,APAC,4186.22,77.54,8,31.55,1,0.0,935,5.88,0.021,0.023,20,74.04,ISO9001,1,0
32,APAC,4186.22,77.54,8,35.26,1,0.0,784,4.53,0.053,0.02,13,80.5,ISO9001,1,0
32,APAC,4186.22,77.54,8,36.19,1,0.0,668,4.58,0.038,0.016,9,88.7,ISO9001,1,0
32,APAC,4186.22,77.54,8,38.25,1,0.0,1100,4.43,0.038,0.011,8,66.84,None,0,0
32,APAC,4186.22,77.54,8,37.76,1,0.0,766,4.47,0.019,0.007,5,80.83,ISO9001,1,0
32,APAC,4186.22,77.54,8,37.27,1,0.0,756,3.61,0.021,0.014,6,81.18,ISO9001+ISO14001,0,0
32,APAC,4186.22,77.54,8,35.22,1,0.0,1453,4.33,0.039,0.026,49,70.34,ISO9001+ISO14001,0,0
32,APAC,4186.22,77.54,8,33.93,1,0.0,1075,5.14,0.048,0.013,25,76.09,None,0,0
32,APAC,4186.22,77.54,8,36.27,1,0.0,1007,5.73,0.051,0.019,10,73.03,ISO9001+ISO14001,0,0
32,APAC,4186.22,77.54,8,39.04,1,0.0,1329,4.83,0.058,0.005,9,80.09,None,0,0
32,APAC,4186.22,77.54,8,36.51,1,0.0,817,4.74,0.004,0.006,3,69.59,ISO9001+ISO14001,1,0
32,APAC,4186.22,77.54,8,33.46,0,7.15,873,4.84,0.05,0.018,15,77.37,None,1,0
32,APAC,4186.22,77.54,8,32.95,1,0.0,745,4.65,0.035,0.011,10,83.55,ISO9001,1,0
32,APAC,4186.22,77.54,8,27.87,1,0.0,857,5.9,0.034,0.008,3,83.79,ISO9001,1,0
32,APAC,4186.22,77.54,8,32.0,1,0.0,1277,4.69,0.069,0.01,8,80.7,None,1,0
32,APAC,4186.22,77.54,8,41.08,1,0.0,1290,3.99,0.038,0.019,28,79.0,ISO9001,1,0
32,APAC,4186.22,77.54,8,34.3,1,0.0,916,5.23,0.018,0.013,11,73.89,ISO9001,1,0
32,APAC,4186.22,77.54,8,35.49,1,0.0,643,4.79,0.05,0.007,0,73.85,None,0,0
32,APAC,4186.22,77.54,8,33.42,0,7.94,1277,5.3,0.053,0.017,33,76.88,None,1,0
32,APAC,4186.22,77.54,8,32.98,1,0.0,974,5.06,0.045,0.015,11,64.48,ISO9001,1,0
32,APAC,4186.22,77.54,8,29.06,1,0.0,702,4.24,0.012,0.024,18,75.04,ISO9001,0,0
32,APAC,4186.22,77.54,8,33.46,1,0.0,1150,5.07,0.013,0.011,10,66.33,None,0,0
32,APAC,4186.22,77.54,8,39.21,1,0.0,1170,5.57,0.038,0.043,62,93.37,ISO9001+ISO14001,0,0
33,APAC,4222.11,72.88,6,37.72,0,9.17,945,3.94,0.041,0.024,27,66.37,ISO9001,1,0
33,APAC,4222.11,72.88,6,34.15,0,10.34,1252,4.63,0.0,0.016,28,98.99,ISO9001,1,0
33,APAC,4222.11,72.88,6,32.07,1,0.0,625,6.19,0.043,0.0,0,60.67,None,1,0
33,APAC,4222.11,72.88,6,39.56,1,0.0,1153,6.2,0.039,0.0,0,77.55,ISO9001+ISO14001,1,0
33,APAC,4222.11,72.88,6,35.86,1,0.0,733,4.98,0.015,0.018,8,76.67,ISO9001,0,0
33,APAC,4222.11,72.88,6,37.11,1,0.0,995,4.66,0.034,0.0,0,100.0,ISO9001+ISO14001,1,0
33,APAC,4222.11,72.88,6,33.44,1,0.0,1097,4.69,0.023,0.0,0,69.8,ISO9001,0,0
33,APAC,4222.11,72.88,6,30.85,1,0.0,1044,5.85,0.0,0.0,0,80.26,ISO9001,1,0
33,APAC,4222.11,72.88,6,29.44,1,0.0,1182,4.96,0.046,0.011,16,78.65,ISO9001,1,0
33,APAC,4222.11,72.88,6,35.54,1,0.0,845,5.27,0.026,0.005,4,85.53,ISO9001,1,0
33,APAC,4222.11,72.88,6,32.55,1,0.0,1619,4.49,0.0,0.004,5,69.61,ISO9001,1,0
33,APAC,4222.11,72.88,6,37.37,1,0.0,1364,5.43,0.021,0.023,32,72.8,ISO9001,1,0
33,APAC,4222.11,72.88,6,38.5,1,0.0,878,4.8,0.032,0.014,7,87.34,ISO9001,1,0
33,APAC,4222.11,72.88,6,30.31,0,2.42,1438,5.82,0.045,0.023,37,98.91,None,1,0
33,APAC,4222.11,72.88,6,34.18,1,0.0,789,4.24,0.031,0.016,6,69.56,ISO9001,0,0
33,APAC,4222.11,72.88,6,34.32,1,0.0,390,4.72,0.047,0.015,3,63.99,None,1,0
33,APAC,4222.11,72.88,6,31.86,1,0.0,790,4.78,0.029,0.034,30,75.58,ISO9001,1,0
33,APAC,4222.11,72.88,6,33.37,1,0.0,427,5.16,0.03,0.0,0,92.35,ISO9001+ISO14001,1,0
33,APAC,4222.11,72.88,6,30.84,1,0.0,848,4.06,0.04,0.021,18,72.42,ISO9001,1,0
33,APAC,4222.11,72.88,6,31.59,1,0.0,1035,4.72,0.032,0.022,23,95.79,ISO9001,1,0
33,APAC,4222.11,72.88,6,34.06,1,0.0,1310,5.21,0.033,0.015,23,77.12,ISO9001,0,0
33,APAC,4222.11,72.88,6,37.46,1,0.0,1231,5.75,0.027,0.018,23,75.49,ISO9001+ISO14001,1,0
33,APAC,4222.11,72.88,6,42.07,0,11.03,900,5.28,0.04,0.009,6,88.1,ISO9001+ISO14001,1,0
33,APAC,4222.11,72.88,6,34.77,1,0.0,1288,5.35,0.05,0.0,0,81.44,ISO9001,1,0
33,APAC,4222.11,72.88,6,38.59,1,0.0,945,5.65,0.051,0.03,31,60.13,ISO9001,1,0
33,APAC,4222.11,72.88,6,32.14,1,0.0,699,3.64,0.013,0.009,3,97.4,ISO9001,0,0
33,APAC,4222.11,72.88,6,28.83,0,5.2,1026,4.11,0.015,0.0,0,80.42,ISO9001+ISO14001,0,0
33,APAC,4222.11,72.88,6,38.25,1,0.0,1077,5.19,0.01,0.023,24,68.26,ISO9001,1,0
33,APAC,4222.11,72.88,6,29.23,1,0.0,1483,4.82,0.052,0.01,20,72.47,ISO9001+ISO14001,0,0
33,APAC,4222.11,72.88,6,33.43,1,0.0,706,4.43,0.053,0.008,3,74.74,ISO9001,0,0
33,APAC,4222.11,72.88,6,37.11,1,0.0,943,4.24,0.059,0.006,2,77.21,ISO9001+ISO14001,1,0
33,APAC,4222.11,72.88,6,30.11,1,0.0,900,6.05,0.035,0.01,15,87.11,ISO9001,1,0
33,APAC,4222.11,72.88,6,39.1,1,0.0,1104,3.56,0.035,0.026,31,76.08,ISO9001+ISO14001,1,0
33,APAC,4222.11,72.88,6,31.73,1,0.0,1066,5.49,0.026,0.025,21,73.27,ISO9001,1,0
33,APAC,4222.11,72.88,6,32.39,0,5.1,880,4.86,0.036,0.02,16,86.64,ISO9001,1,0
33,APAC,4222.11,72.88,6,33.17,1,0.0,906,4.5,0.0,0.029,32,60.34,None,0,0
33,APAC,4222.11,72.88,6,34.11,1,0.0,999,4.52,0.067,0.004,1,64.41,ISO9001+ISO14001,1,0
34,AMER,1327.62,46.57,6,21.07,1,0.0,1170,5.72,0.026,0.016,11,63.59,ISO9001,1,0
34,AMER,1327.62,46.57,6,16.66,1,0.0,680,4.07,0.048,0.028,18,93.69,ISO9001,1,0
34,AMER,1327.62,46.57,6,26.84,1,0.0,639,5.01,0.059,0.009,9,82.9,ISO9001,0,0
34,AMER,1327.62,46.57,6,23.76,1,0.0,1015,5.48,0.023,0.036,31,82.66,ISO9001,1,0
34,AMER,1327.62,46.57,6,17.57,1,0.0,845,4.57,0.024,0.012,13,70.9,ISO9001+ISO14001,1,0
34,AMER,1327.62,46.57,6,24.7,0,7.18,429,6.52,0.012,0.032,12,83.09,ISO9001,1,0
34,AMER,1327.62,46.57,6,22.91,1,0.0,1081,5.68,0.028,0.008,16,67.68,None,0,0
34,AMER,1327.62,46.57,6,26.62,1,0.0,1123,3.76,0.085,0.026,23,82.6,ISO9001,1,0
34,AMER,1327.62,46.57,6,23.43,1,0.0,1380,5.36,0.08,0.022,27,79.11,ISO9001+ISO14001,0,0
34,AMER,1327.62,46.57,6,23.37,1,0.0,1434,3.72,0.084,0.029,32,70.62,None,0,0
34,AMER,1327.62,46.57,6,16.22,1,0.0,952,6.11,0.033,0.037,37,85.82,ISO9001,1,0
34,AMER,1327.62,46.57,6,25.61,1,0.0,713,4.83,0.039,0.013,12,69.71,ISO9001,1,0
34,AMER,1327.62,46.57,6,22.81,0,7.37,1453,5.12,0.037,0.043,53,78.86,ISO9001+ISO14001,0,0
34,AMER,1327.62,46.57,6,21.48,1,0.0,846,6.77,0.04,0.024,20,87.54,None,0,0
34,AMER,1327.62,46.57,6,20.1,1,0.0,809,5.13,0.026,0.006,4,78.88,None,0,0
34,AMER,1327.62,46.57,6,21.41,1,0.0,1406,4.7,0.051,0.04,49,85.59,ISO9001+ISO14001,1,0
34,AMER,1327.62,46.57,6,24.25,1,0.0,1147,4.72,0.049,0.03,40,81.15,ISO9001,1,0
34,AMER,1327.62,46.57,6,23.92,0,4.87,852,4.42,0.037,0.031,23,87.03,ISO9001,0,0
34,AMER,1327.62,46.57,6,21.74,0,4.56,871,5.45,0.013,0.027,14,73.59,None,0,0
34,AMER,1327.62,46.57,6,26.33,1,0.0,660,5.07,0.053,0.049,30,69.76,ISO9001,1,0
34,AMER,1327.62,46.57,6,29.5,1,0.0,1067,6.09,0.0,0.004,5,83.34,None,0,0
34,AMER,1327.62,46.57,6,24.9,1,0.0,1055,4.5,0.031,0.017,23,74.56,ISO9001,0,0
34,AMER,1327.62,46.57,6,25.24,1,0.0,1106,5.88,0.046,0.037,45,73.69,ISO9001+ISO14001,1,0
34,AMER,1327.62,46.57,6,25.73,0,7.8,612,3.7,0.051,0.024,15,75.21,ISO9001,1,1
34,AMER,1327.62,46.57,6,20.59,1,0.0,1089,5.3,0.081,0.018,23,74.73,None,0,0
34,AMER,1327.62,46.57,6,19.62,1,0.0,1272,4.83,0.052,0.018,22,78.61,ISO9001,1,0
34,AMER,1327.62,46.57,6,23.66,1,0.0,1377,4.0,0.05,0.042,59,88.01,None,0,0
34,AMER,1327.62,46.57,6,21.21,1,0.0,1077,5.12,0.047,0.032,40,63.06,None,0,0
34,AMER,1327.62,46.57,6,19.18,1,0.0,1079,6.56,0.051,0.026,31,88.59,ISO9001,0,0
34,AMER,1327.62,46.57,6,21.57,1,0.0,1249,5.48,0.048,0.022,27,61.3,None,0,0
34,AMER,1327.62,46.57,6,25.43,1,0.0,1144,4.01,0.06,0.017,25,58.02,None,0,0
34,AMER,1327.62,46.57,6,26.77,1,0.0,699,5.05,0.038,0.01,4,63.88,ISO9001,1,0
34,AMER,1327.62,46.57,6,15.16,1,0.0,760,4.51,0.023,0.038,32,70.47,ISO9001,0,0
34,AMER,1327.62,46.57,6,26.08,1,0.0,858,4.33,0.024,0.021,16,74.09,ISO9001,0,0
34,AMER,1327.62,46.57,6,22.99,0,6.71,876,5.53,0.0,0.04,37,78.25,ISO9001,1,0
34,AMER,1327.62,46.57,6,31.05,0,5.92,1287,4.88,0.023,0.033,53,63.66,ISO9001,0,1
34,AMER,1327.62,46.57,6,26.77,1,0.0,1318,5.18,0.08,0.019,21,93.03,ISO9001,1,0
34,AMER,1327.62,46.57,6,21.08,1,0.0,1171,4.49,0.016,0.018,16,88.99,ISO9001,1,0
34,AMER,1327.62,46.57,6,24.2,1,0.0,1056,4.75,0.065,0.028,31,76.34,ISO9001,0,0
34,AMER,1327.62,46.57,6,21.24,0,6.37,720,4.88,0.053,0.038,23,68.74,ISO9001,1,1
34,AMER,1327.62,46.57,6,19.85,0,1.0,1153,5.06,0.013,0.019,19,69.95,ISO9001+ISO14001,0,0
34,AMER,1327.62,46.57,6,30.08,1,0.0,1036,4.53,0.027,0.017,13,71.68,ISO9001+ISO14001,1,0
34,AMER,1327.62,46.57,6,23.96,1,0.0,1489,4.28,0.047,0.048,49,66.74,ISO9001,1,0
34,AMER,1327.62,46.57,6,24.35,1,0.0,1362,5.06,0.029,0.039,55,66.63,None,0,0
34,AMER,1327.62,46.57,6,24.95,1,0.0,898,4.44,0.025,0.028,22,72.28,ISO9001,0,0
34,AMER,1327.62,46.57,6,22.96,1,0.0,926,5.05,0.061,0.036,29,83.74,ISO9001+ISO14001,0,0
34,AMER,1327.62,46.57,6,18.89,1,0.0,1111,5.31,0.032,0.026,33,67.2,ISO9001,1,0
34,AMER,1327.62,46.57,6,26.28,1,0.0,1516,4.98,0.038,0.028,36,74.41,ISO9001,1,0
34,AMER,1327.62,46.57,6,19.92,1,0.0,925,4.27,0.016,0.023,20,81.61,ISO9001,0,0
34,AMER,1327.62,46.57,6,26.29,1,0.0,993,4.74,0.032,0.007,5,67.06,ISO9001,0,0
34,AMER,1327.62,46.57,6,27.46,1,0.0,905,5.56,0.011,0.015,12,70.23,None,0,0
34,AMER,1327.62,46.57,6,20.67,1,0.0,1074,5.18,0.054,0.028,30,71.68,ISO9001,1,0
34,AMER,1327.62,46.57,6,27.89,1,0.0,575,4.51,0.007,0.046,24,77.77,None,1,0
34,AMER,1327.62,46.57,6,25.05,0,3.53,978,4.63,0.041,0.019,15,86.97,ISO9001,1,0
34,AMER,1327.62,46.57,6,18.19,0,5.44,982,4.23,0.049,0.037,27,54.47,ISO9001,1,1
34,AMER,1327.62,46.57,6,23.55,1,0.0,1023,5.29,0.033,0.026,26,98.01,ISO9001,1,0
34,AMER,1327.62,46.57,6,22.14,1,0.0,1559,5.13,0.063,0.022,48,61.06,None,0,0
34,AMER,1327.62,46.57,6,20.91,1,0.0,828,4.63,0.009,0.038,34,77.93,None,0,0
34,AMER,1327.62,46.57,6,24.37,1,0.0,1299,5.5,0.047,0.019,23,61.81,None,0,0
35,APAC,3296.6,95.35,6,27.85,0,6.06,1271,4.4,0.043,0.007,8,91.68,None,0,0
35,APAC,3296.6,95.35,6,33.38,1,0.0,905,4.29,0.037,0.009,9,76.1,ISO9001,1,0
35,APAC,3296.6,95.35,6,28.03,1,0.0,1289,4.86,0.058,0.0,0,66.26,ISO9001,0,0
35,APAC,3296.6,95.35,6,29.19,1,0.0,1236,5.65,0.028,0.009,10,63.27,ISO9001,1,0
35,APAC,3296.6,95.35,6,35.48,1,0.0,785,4.39,0.048,0.0,0,69.04,None,0,0
35,APAC,3296.6,95.35,6,31.31,1,0.0,984,5.51,0.041,0.008,13,71.98,ISO9001,1,0
35,APAC,3296.6,95.35,6,33.64,1,0.0,882,5.87,0.02,0.014,11,73.61,ISO9001,0,0
35,APAC,3296.6,95.35,6,29.18,1,0.0,1330,6.13,0.059,0.008,11,94.72,ISO9001+ISO14001,1,0
35,APAC,3296.6,95.35,6,27.37,1,0.0,848,5.7,0.021,0.019,13,77.16,ISO9001+ISO14001,0,0
35,APAC,3296.6,95.35,6,30.46,1,0.0,435,4.28,0.015,0.008,2,82.23,ISO9001,0,0
35,APAC,3296.6,95.35,6,32.1,1,0.0,1223,4.68,0.043,0.001,0,82.7,ISO9001,1,0
35,APAC,3296.6,95.35,6,28.36,1,0.0,786,4.9,0.043,0.04,34,80.36,ISO9001+ISO14001,0,0
35,APAC,3296.6,95.35,6,34.61,1,0.0,1263,5.22,0.078,0.024,22,62.88,ISO9001,0,0
35,APAC,3296.6,95.35,6,24.53,1,0.0,884,4.56,0.033,0.0,0,87.54,None,1,0
35,APAC,3296.6,95.35,6,30.2,1,0.0,884,5.69,0.04,0.03,29,76.35,ISO9001,1,0
35,APAC,3296.6,95.35,6,30.69,0,7.2,986,5.38,0.06,0.009,11,83.87,ISO9001+ISO14001,1,0
35,APAC,3296.6,95.35,6,29.56,1,0.0,1127,5.47,0.047,0.003,1,84.53,ISO9001+ISO14001,0,0
35,APAC,3296.6,95.35,6,32.3,1,0.0,1043,6.05,0.034,0.0,0,83.54,ISO9001,1,0
35,APAC,3296.6,95.35,6,30.99,1,0.0,657,4.45,0.029,0.0,0,91.47,ISO9001,1,0
35,APAC,3296.6,95.35,6,26.77,1,0.0,1202,5.37,0.049,0.016,23,59.7,ISO9001+ISO14001,0,0
35,APAC,3296.6,95.35,6,32.12,1,0.0,875,4.77,0.019,0.015,7,71.96,ISO9001,0,0
35,APAC,3296.6,95.35,6,34.76,1,0.0,1225,4.98,0.07,0.0,0,84.71,ISO9001+ISO14001,1,0
35,APAC,3296.6,95.35,6,32.17,1,0.0,1219,5.48,0.032,0.017,26,69.67,ISO9001,1,0
35,APAC,3296.6,95.35,6,30.5,1,0.0,944,5.63,0.047,0.031,30,81.25,ISO9001,1,0
35,APAC,3296.6,95.35,6,28.61,1,0.0,805,5.86,0.036,0.009,3,80.27,ISO9001,1,0
35,APAC,3296.6,95.35,6,31.09,1,0.0,1230,4.02,0.035,0.024,25,69.87,ISO9001+ISO14001,0,0
35,APAC,3296.6,95.35,6,34.52,1,0.0,947,5.31,0.051,0.014,15,98.71,ISO9001,1,0
35,APAC,3296.6,95.35,6,28.86,1,0.0,950,5.38,0.037,0.027,29,88.24,ISO9001,0,0
35,APAC,3296.6,95.35,6,29.94,1,0.0,1026,5.38,0.035,0.004,5,97.19,ISO9001,0,0
35,APAC,3296.6,95.35,6,29.38,1,0.0,1173,4.97,0.003,0.018,28,78.08,ISO9001,0,0
35,APAC,3296.6,95.35,6,34.24,1,0.0,1225,4.71,0.051,0.012,12,67.71,None,0,0
35,APAC,3296.6,95.35,6,32.65,1,0.0,726,5.45,0.029,0.0,0,88.54,None,0,0
35,APAC,3296.6,95.35,6,33.52,1,0.0,840,5.65,0.05,0.005,4,100.0,ISO9001,1,0
35,APAC,3296.6,95.35,6,24.11,1,0.0,851,5.28,0.0,0.022,17,94.8,ISO9001,0,0
35,APAC,3296.6,95.35,6,33.03,1,0.0,253,4.58,0.029,0.025,8,72.0,None,0,0
35,APAC,3296.6,95.35,6,30.05,1,0.0,909,5.56,0.05,0.0,0,91.55,None,0,0
35,APAC,3296.6,95.35,6,34.67,1,0.0,1153,5.5,0.043,0.005,5,70.92,ISO9001,0,0
35,APAC,3296.6,95.35,6,32.39,1,0.0,1225,5.01,0.004,0.013,12,85.5,None,0,0
35,APAC,3296.6,95.35,6,29.09,1,0.0,901,4.99,0.05,0.014,16,98.74,ISO9001+ISO14001,0,0
35,APAC,3296.6,95.35,6,34.54,1,0.0,1019,4.99,0.057,0.006,6,76.06,ISO9001+ISO14001,0,0
35,APAC,3296.6,95.35,6,27.21,1,0.0,941,5.03,0.035,0.009,4,91.48,None,0,0
35,APAC,3296.6,95.35,6,31.67,1,0.0,1217,5.81,0.029,0.012,12,100.0,ISO9001,0,0
35,APAC,3296.6,95.35,6,33.99,1,0.0,676,5.44,0.018,0.004,6,63.8,None,0,0
35,APAC,3296.6,95.35,6,31.56,1,0.0,1085,5.12,0.042,0.008,10,55.39,ISO9001,0,0
35,APAC,3296.6,95.35,6,31.57,1,0.0,679,3.34,0.062,0.015,12,64.73,ISO9001+ISO14001,0,0
35,APAC,3296.6,95.35,6,35.19,1,0.0,724,5.39,0.074,0.025,15,80.74,ISO9001,1,0
35,APAC,3296.6,95.35,6,31.89,1,0.0,779,4.26,0.07,0.012,5,70.89,ISO9001,0,0
35,APAC,3296.6,95.35,6,36.33,1,0.0,1074,5.59,0.025,0.0,0,71.36,ISO9001,1,0
35,APAC,3296.6,95.35,6,27.64,1,0.0,1257,5.47,0.028,0.03,44,73.23,ISO9001,1,0
35,APAC,3296.6,95.35,6,33.81,1,0.0,608,4.57,0.068,0.018,9,82.11,None,0,0
35,APAC,3296.6,95.35,6,29.02,1,0.0,819,4.83,0.042,0.021,18,90.7,ISO9001,0,0
36,EMEA,2740.59,59.12,5,26.62,1,0.0,1327,4.39,0.0,0.023,31,66.46,ISO9001,0,0
36,EMEA,2740.59,59.12,5,28.36,1,0.0,1303,5.54,0.032,0.01,8,52.1,ISO9001+ISO14001,1,0
36,EMEA,2740.59,59.12,5,29.51,1,0.0,872,4.09,0.006,0.005,3,82.72,ISO9001,1,0
36,EMEA,2740.59,59.12,5,26.45,1,0.0,1072,5.48,0.061,0.014,14,66.61,None,0,0
36,EMEA,2740.59,59.12,5,31.02,1,0.0,1007,5.26,0.028,0.032,29,57.75,ISO9001,1,0
36,EMEA,2740.59,59.12,5,26.71,1,0.0,1226,4.81,0.0,0.008,7,85.93,ISO9001,1,0
36,EMEA,2740.59,59.12,5,33.06,1,0.0,1135,4.51,0.029,0.014,19,81.72,ISO9001,1,0
36,EMEA,2740.59,59.12,5,30.89,1,0.0,1012,5.31,0.0,0.003,5,67.07,ISO9001,1,0
36,EMEA,2740.59,59.12,5,29.52,1,0.0,1161,5.35,0.027,0.029,31,82.64,None,0,0
36,EMEA,2740.59,59.12,5,30.79,1,0.0,799,3.71,0.053,0.028,23,73.44,ISO9001+ISO14001,1,0
36,EMEA,2740.59,59.12,5,27.54,1,0.0,878,5.29,0.024,0.017,17,78.75,ISO9001,0,0
36,EMEA,2740.59,59.12,5,28.79,1,0.0,1013,4.3,0.055,0.012,13,73.33,ISO9001+ISO14001,1,0
36,EMEA,2740.59,59.12,5,25.19,1,0.0,965,5.3,0.002,0.009,10,73.98,ISO9001,0,0
36,EMEA,2740.59,59.12,5,27.7,1,0.0,1069,4.9,0.052,0.014,17,79.26,ISO9001+ISO14001,1,0
36,EMEA,2740.59,59.12,5,29.26,1,0.0,1008,5.39,0.032,0.004,2,77.24,ISO9001,1,0
36,EMEA,2740.59,59.12,5,29.01,1,0.0,696,4.41,0.049,0.011,5,78.82,None,0,0
36,EMEA,2740.59,59.12,5,30.86,1,0.0,1044,4.16,0.052,0.011,10,74.4,None,0,0
36,EMEA,2740.59,59.12,5,23.88,1,0.0,982,4.48,0.021,0.028,29,74.67,ISO9001,1,0
36,EMEA,2740.59,59.12,5,29.37,1,0.0,949,4.16,0.029,0.015,14,76.19,ISO9001+ISO14001,0,0
36,EMEA,2740.59,59.12,5,30.75,0,5.45,1073,4.7,0.03,0.012,19,74.99,ISO9001,1,0
36,EMEA,2740.59,59.12,5,30.48,1,0.0,1180,4.7,0.056,0.028,32,100.0,ISO9001,1,0
36,EMEA,2740.59,59.12,5,28.52,1,0.0,1164,4.41,0.022,0.024,29,84.92,ISO9001,1,0
36,EMEA,2740.59,59.12,5,32.19,1,0.0,1254,4.41,0.032,0.023,31,79.79,ISO9001,0,0
36,EMEA,2740.59,59.12,5,31.8,1,0.0,947,4.73,0.026,0.017,15,70.59,ISO9001,1,0
36,EMEA,2740.59,59.12,5,27.59,1,0.0,1064,4.78,0.061,0.015,20,75.51,ISO9001+ISO14001,1,0
36,EMEA,2740.59,59.12,5,27.75,1,0.0,646,4.75,0.041,0.023,15,78.38,ISO9001,1,0
36,EMEA,2740.59,59.12,5,28.45,0,5.62,1095,4.81,0.065,0.01,19,81.55,ISO9001+ISO14001,0,0
36,EMEA,2740.59,59.12,5,30.66,1,0.0,838,6.3,0.05,0.018,18,70.95,ISO9001+ISO14001,1,0
36,EMEA,2740.59,59.12,5,29.03,0,3.75,820,4.75,0.029,0.014,16,81.6,ISO9001,1,0
36,EMEA,2740.59,59.12,5,22.59,1,0.0,1124,4.93,0.041,0.022,23,61.3,ISO9001,1,0
36,EMEA,2740.59,59.12,5,27.36,1,0.0,918,4.88,0.062,0.009,10,75.38,None,0,0
36,EMEA,2740.59,59.12,5,30.2,0,6.25,662,5.12,0.053,0.03,17,95.81,ISO9001+ISO14001,0,0
36,EMEA,2740.59,59.12,5,27.37,1,0.0,1238,4.33,0.053,0.027,40,67.22,ISO9001,0,0
36,EMEA,2740.59,59.12,5,28.84,0,6.14,710,5.28,0.0,0.017,14,70.11,ISO9001+ISO14001,0,0
36,EMEA,2740.59,59.12,5,27.46,1,0.0,998,4.62,0.079,0.0,0,76.1,ISO9001,0,0
36,EMEA,2740.59,59.12,5,26.56,1,0.0,861,5.59,0.04,0.032,31,75.7,ISO9001,1,0
36,EMEA,2740.59,59.12,5,24.41,1,0.0,1118,4.98,0.045,0.023,17,70.06,ISO9001,1,0
36,EMEA,2740.59,59.12,5,28.3,1,0.0,843,4.98,0.033,0.016,22,75.0,ISO9001+ISO14001,1,0
36,EMEA,2740.59,59.12,5,24.44,0,3.41,1197,5.26,0.038,0.01,8,71.69,ISO9001,1,0
36,EMEA,2740.59,59.12,5,24.65,1,0.0,1016,5.18,0.036,0.027,26,61.76,ISO9001,1,0
36,EMEA,2740.59,59.12,5,29.02,1,0.0,1268,5.5,0.053,0.033,32,74.09,ISO9001,0,0
36,EMEA,2740.59,59.12,5,26.71,1,0.0,753,5.79,0.06,0.017,11,77.91,ISO9001,1,0
36,EMEA,2740.59,59.12,5,23.51,1,0.0,931,5.17,0.038,0.018,8,78.38,ISO9001,1,0
36,EMEA,2740.59,59.12,5,31.25,1,0.0,837,5.22,0.076,0.038,33,76.38,ISO9001,1,0
36,EMEA,2740.59,59.12,5,28.04,1,0.0,689,4.88,0.042,0.016,10,85.76,None,0,0
36,EMEA,2740.59,59.12,5,27.9,1,0.0,923,4.65,0.052,0.023,24,70.65,ISO9001,0,0
36,EMEA,2740.59,59.12,5,30.66,1,0.0,804,4.72,0.029,0.024,17,79.28,ISO9001,0,0
36,EMEA,2740.59,59.12,5,29.8,1,0.0,1055,6.11,0.037,0.028,27,72.56,None,0,0
36,EMEA,2740.59,59.12,5,30.3,1,0.0,1030,4.8,0.021,0.018,19,80.16,ISO9001+ISO14001,0,0
36,EMEA,2740.59,59.12,5,28.83,1,0.0,1254,5.71,0.044,0.027,47,71.42,None,0,0
37,EMEA,2189.61,72.55,2,22.44,1,0.0,1002,4.67,0.02,0.019,13,53.27,ISO9001,1,0
37,EMEA,2189.61,72.55,2,30.17,1,0.0,953,5.79,0.071,0.019,16,84.77,ISO9001,0,0
37,EMEA,2189.61,72.55,2,23.87,1,0.0,1133,6.33,0.035,0.038,52,92.9,ISO9001,0,0
37,EMEA,2189.61,72.55,2,31.05,0,7.22,992,5.35,0.026,0.047,45,63.67,ISO9001,1,0
37,EMEA,2189.61,72.55,2,30.86,1,0.0,982,4.4,0.037,0.014,20,65.11,ISO9001,1,0
37,EMEA,2189.61,72.55,2,32.07,1,0.0,1041,6.28,0.026,0.014,13,79.74,ISO9001,1,0
37,EMEA,2189.61,72.55,2,30.03,1,0.0,870,5.97,0.018,0.017,13,77.01,ISO9001+ISO14001,1,0
37,EMEA,2189.61,72.55,2,31.31,1,0.0,1074,4.75,0.034,0.01,9,83.63,ISO9001+ISO14001,1,0
37,EMEA,2189.61,72.55,2,23.34,0,5.55,1021,4.61,0.035,0.011,13,75.25,ISO9001,1,0
37,EMEA,2189.61,72.55,2,30.61,1,0.0,1199,4.75,0.048,0.019,19,73.85,None,0,0
37,EMEA,2189.61,72.55,2,29.37,1,0.0,1197,4.44,0.051,0.028,33,53.23,ISO9001+ISO14001,0,0
37,EMEA,2189.61,72.55,2,24.78,1,0.0,1532,4.62,0.067,0.005,4,61.6,ISO9001,0,0
37,EMEA,2189.61,72.55,2,25.03,0,2.39,1082,5.75,0.059,0.043,42,85.66,ISO9001,0,0
37,EMEA,2189.61,72.55,2,28.75,1,0.0,949,3.78,0.016,0.025,17,80.06,ISO9001,1,0
37,EMEA,2189.61,72.55,2,23.4,1,0.0,1234,5.02,0.04,0.037,43,85.37,ISO9001,1,0
37,EMEA,2189.61,72.55,2,21.82,0,5.1,580,5.9,0.077,0.028,20,83.77,ISO9001,1,0
37,EMEA,2189.61,72.55,2,29.76,1,0.0,630,4.48,0.028,0.034,23,75.86,None,1,0
37,EMEA,2189.61,72.55,2,23.07,1,0.0,1656,5.22,0.035,0.035,48,64.27,ISO9001,1,0
37,EMEA,2189.61,72.55,2,28.16,1,0.0,903,4.63,0.009,0.016,16,86.79,ISO9001,0,0
37,EMEA,2189.61,72.55,2,24.26,1,0.0,889,4.85,0.053,0.004,4,82.07,None,0,0
37,EMEA,2189.61,72.55,2,26.99,1,0.0,1167,5.03,0.022,0.025,29,84.13,None,0,0
37,EMEA,2189.61,72.55,2,27.36,1,0.0,889,3.91,0.035,0.033,23,71.2,ISO9001+ISO14001,1,0
37,EMEA,2189.61,72.55,2,27.24,0,6.36,1168,4.98,0.023,0.04,46,75.49,ISO9001+ISO14001,0,0
37,EMEA,2189.61,72.55,2,30.2,0,8.56,968,6.15,0.051,0.023,26,86.96,ISO9001,0,0
37,EMEA,2189.61,72.55,2,27.44,1,0.0,1220,4.2,0.035,0.003,2,80.6,None,0,0
37,EMEA,2189.61,72.55,2,27.53,1,0.0,894,4.45,0.03,0.007,1,78.04,ISO9001,1,0
37,EMEA,2189.61,72.55,2,26.66,1,0.0,1111,5.55,0.046,0.024,32,67.72,ISO9001,1,0
37,EMEA,2189.61,72.55,2,26.44,1,0.0,528,5.48,0.02,0.024,12,66.53,ISO9001,1,0
37,EMEA,2189.61,72.55,2,29.28,1,0.0,1115,5.73,0.048,0.022,19,86.77,ISO9001,1,0
37,EMEA,2189.61,72.55,2,25.86,1,0.0,286,5.4,0.017,0.031,13,92.15,ISO9001,1,0
37,EMEA,2189.61,72.55,2,26.5,1,0.0,717,5.02,0.042,0.037,29,95.39,ISO9001,1,0
37,EMEA,2189.61,72.55,2,33.12,0,6.53,1026,5.27,0.052,0.018,15,73.98,ISO9001,1,0
37,EMEA,2189.61,72.55,2,28.06,1,0.0,948,5.59,0.029,0.025,15,70.71,ISO9001+ISO14001,0,0
37,EMEA,2189.61,72.55,2,26.81,1,0.0,988,5.05,0.03,0.017,14,73.76,ISO9001,1,0
37,EMEA,2189.61,72.55,2,27.34,0,5.44,1458,5.53,0.021,0.023,33,70.05,ISO9001+ISO14001,1,0
37,EMEA,2189.61,72.55,2,26.89,1,0.0,864,5.88,0.058,0.015,12,65.26,ISO9001,1,0
37,EMEA,2189.61,72.55,2,24.01,1,0.0,755,5.44,0.038,0.019,14,91.74,None,0,0
37,EMEA,2189.61,72.55,2,32.09,0,5.11,1081,4.76,0.011,0.042,43,89.39,ISO9001,1,0
37,EMEA,2189.61,72.55,2,22.12,1,0.0,991,4.84,0.063,0.024,21,72.63,None,0,0
37,EMEA,2189.61,72.55,2,29.31,1,0.0,1201,5.37,0.054,0.014,10,93.1,ISO9001,1,0
37,EMEA,2189.61,72.55,2,25.1,1,0.0,941,5.68,0.031,0.028,29,60.1,None,1,0
37,EMEA,2189.61,72.55,2,26.51,0,6.3,773,6.13,0.035,0.045,31,81.49,ISO9001+ISO14001,1,0
37,EMEA,2189.61,72.55,2,26.48,0,1.59,1244,4.34,0.034,0.0,0,79.49,None,0,0
37,EMEA,2189.61,72.55,2,27.63,1,0.0,915,5.1,0.062,0.02,20,79.95,ISO9001+ISO14001,0,0
37,EMEA,2189.61,72.55,2,27.5,1,0.0,885,6.42,0.03,0.04,28,85.43,ISO9001,0,0
37,EMEA,2189.61,72.55,2,29.8,0,4.25,1067,4.32,0.019,0.021,24,76.92,ISO9001,1,0
38,APAC,3342.32,53.47,4,27.53,1,0.0,985,5.7,0.011,0.028,32,59.53,ISO9001,0,0
38,APAC,3342.32,53.47,4,32.21,1,0.0,946,5.09,0.03,0.021,19,61.89,ISO9001,0,0
38,APAC,3342.32,53.47,4,33.96,0,7.92,1133,5.72,0.038,0.015,17,63.68,ISO9001,0,1
38,APAC,3342.32,53.47,4,30.2,1,0.0,987,4.87,0.012,0.024,23,82.44,None,0,0
38,APAC,3342.32,53.47,4,29.9,1,0.0,959,4.32,0.04,0.037,42,87.8,ISO9001+ISO14001,1,0
38,APAC,3342.32,53.47,4,30.44,0,6.61,1066,4.43,0.036,0.027,32,37.6,ISO9001+ISO14001,1,1
38,APAC,3342.32,53.47,4,30.79,1,0.0,1008,5.15,0.017,0.031,28,73.73,ISO9001+ISO14001,1,0
38,APAC,3342.32,53.47,4,30.99,1,0.0,1086,5.77,0.06,0.027,32,67.35,ISO9001+ISO14001,0,0
38,APAC,3342.32,53.47,4,29.45,1,0.0,392,4.51,0.027,0.025,2,84.42,ISO9001+ISO14001,1,0
38,APAC,3342.32,53.47,4,33.14,0,6.32,1043,5.01,0.027,0.039,47,87.17,ISO9001,1,0
38,APAC,3342.32,53.47,4,34.13,0,4.89,897,5.49,0.023,0.032,28,76.3,None,1,0
38,APAC,3342.32,53.47,4,33.33,0,8.49,639,5.53,0.054,0.039,31,64.33,ISO9001+ISO14001,0,1
38,APAC,3342.32,53.47,4,28.01,0,4.1,755,5.24,0.031,0.033,31,70.22,ISO9001,0,0
38,APAC,3342.32,53.47,4,31.29,0,7.92,798,5.5,0.055,0.031,29,83.47,ISO9001,1,0
38,APAC,3342.32,53.47,4,27.13,1,0.0,970,4.85,0.049,0.027,26,88.47,None,0,0
38,APAC,3342.32,53.47,4,33.69,1,0.0,1289,5.38,0.042,0.031,39,51.75,ISO9001,1,0
38,APAC,3342.32,53.47,4,30.46,1,0.0,1268,6.06,0.018,0.033,33,100.0,ISO9001,0,0
38,APAC,3342.32,53.47,4,30.75,1,0.0,936,5.0,0.058,0.022,34,77.59,ISO9001+ISO14001,1,0
38,APAC,3342.32,53.47,4,32.34,1,0.0,1038,4.58,0.026,0.041,49,55.05,ISO9001,0,0
38,APAC,3342.32,53.47,4,29.7,0,7.74,690,5.32,0.052,0.023,20,78.29,ISO9001,1,0
38,APAC,3342.32,53.47,4,25.62,1,0.0,824,4.01,0.035,0.007,7,69.42,ISO9001+ISO14001,0,0
38,APAC,3342.32,53.47,4,32.75,1,0.0,904,4.48,0.055,0.03,20,65.11,ISO9001,1,0
38,APAC,3342.32,53.47,4,34.78,1,0.0,1105,5.21,0.004,0.041,36,72.31,ISO9001+ISO14001,0,0
38,APAC,3342.32,53.47,4,37.93,0,7.14,966,4.42,0.016,0.038,27,70.26,ISO9001,1,0
38,APAC,3342.32,53.47,4,33.41,1,0.0,1004,4.9,0.045,0.05,46,52.45,ISO9001+ISO14001,0,0
38,APAC,3342.32,53.47,4,31.86,0,8.97,1488,4.54,0.055,0.028,49,82.23,ISO9001,1,0
38,APAC,3342.32,53.47,4,29.26,0,4.89,941,4.75,0.023,0.041,40,75.65,ISO9001+ISO14001,1,0
38,APAC,3342.32,53.47,4,25.7,1,0.0,968,5.48,0.064,0.042,33,87.84,None,0,0
38,APAC,3342.32,53.47,4,29.2,0,4.91,809,5.36,0.047,0.039,30,65.76,ISO9001,1,1
38,APAC,3342.32,53.47,4,30.95,1,0.0,742,4.21,0.07,0.016,18,78.98,ISO9001,1,0
38,APAC,3342.32,53.47,4,30.05,1,0.0,1228,5.35,0.043,0.017,22,55.31,None,0,0
38,APAC,3342.32,53.47,4,26.82,0,2.47,1188,5.56,0.048,0.04,49,59.12,ISO9001+ISO14001,0,1
38,APAC,3342.32,53.47,4,31.43,1,0.0,1120,4.58,0.001,0.034,43,70.53,ISO9001,0,0
38,APAC,3342.32,53.47,4,31.67,1,0.0,785,5.55,0.05,0.033,17,81.74,ISO9001+ISO14001,1,0
38,APAC,3342.32,53.47,4,32.78,1,0.0,562,4.96,0.086,0.026,25,68.46,ISO9001,0,0
38,APAC,3342.32,53.47,4,31.77,1,0.0,859,4.78,0.026,0.022,20,74.45,ISO9001+ISO14001,1,0
38,APAC,3342.32,53.47,4,31.51,1,0.0,1186,5.16,0.031,0.027,36,75.89,None,0,0
38,APAC,3342.32,53.47,4,33.68,1,0.0,927,5.0,0.021,0.028,30,77.4,ISO9001+ISO14001,0,0
38,APAC,3342.32,53.47,4,31.17,1,0.0,1057,4.37,0.045,0.03,43,63.83,None,1,0
38,APAC,3342.32,53.47,4,33.19,1,0.0,1122,5.93,0.046,0.038,38,66.43,None,1,0
38,APAC,3342.32,53.47,4,30.98,0,6.45,499,4.5,0.044,0.034,15,56.47,ISO9001,1,1
38,APAC,3342.32,53.47,4,33.74,1,0.0,329,4.47,0.053,0.032,10,77.14,ISO9001,1,0
39,EMEA,1803.86,100.0,5,29.67,1,0.0,1241,4.64,0.036,0.017,19,69.0,ISO9001,1,0
39,EMEA,1803.86,100.0,5,24.4,1,0.0,694,5.26,0.035,0.021,15,79.45,ISO9001,0,0
39,EMEA,1803.86,100.0,5,25.5,1,0.0,1495,6.35,0.061,0.001,2,66.44,ISO9001+ISO14001,1,0
39,EMEA,1803.86,100.0,5,29.42,1,0.0,903,5.0,0.055,0.001,0,84.87,ISO9001,0,0
39,EMEA,1803.86,100.0,5,23.3,0,4.98,1295,5.41,0.018,0.0,0,72.11,ISO9001,0,0
39,EMEA,1803.86,100.0,5,23.01,1,0.0,1230,4.85,0.02,0.008,7,79.64,None,1,0
39,EMEA,1803.86,100.0,5,23.97,1,0.0,1010,5.4,0.009,0.012,17,74.06,ISO9001,0,0
39,EMEA,1803.86,100.0,5,27.85,1,0.0,895,5.24,0.026,0.015,6,71.26,ISO9001,1,0
39,EMEA,1803.86,100.0,5,21.08,1,0.0,1201,4.54,0.001,0.003,4,71.84,None,0,0
39,EMEA,1803.86,100.0,5,22.79,1,0.0,1102,3.84,0.03,0.0,1,69.82,ISO9001,1,0
39,EMEA,1803.86,100.0,5,27.28,1,0.0,925,4.62,0.065,0.028,27,83.83,ISO9001,1,0
39,EMEA,1803.86,100.0,5,29.5,1,0.0,1444,4.91,0.052,0.005,4,80.69,ISO9001,1,0
39,EMEA,1803.86,100.0,5,28.23,1,0.0,927,5.32,0.021,0.03,28,65.61,ISO9001,1,0
39,EMEA,1803.86,100.0,5,28.1,0,6.68,652,4.8,0.031,0.016,13,89.73,ISO9001,1,0
39,EMEA,1803.86,100.0,5,22.4,0,1.04,1037,4.37,0.0,0.019,18,79.72,ISO9001,1,0
39,EMEA,1803.86,100.0,5,21.6,1,0.0,835,5.04,0.018,0.007,4,68.69,None,0,0
39,EMEA,1803.86,100.0,5,21.71,1,0.0,1120,5.13,0.034,0.006,6,78.72,ISO9001,0,0
39,EMEA,1803.86,100.0,5,21.56,1,0.0,1303,4.9,0.025,0.021,30,76.4,ISO9001,0,0
39,EMEA,1803.86,100.0,5,21.27,0,4.66,715,4.38,0.005,0.024,18,100.0,None,0,0
39,EMEA,1803.86,100.0,5,21.2,1,0.0,1490,5.96,0.011,0.021,34,78.88,None,0,0
39,EMEA,1803.86,100.0,5,25.26,0,6.0,975,5.67,0.046,0.014,21,79.66,ISO9001,0,0
39,EMEA,1803.86,100.0,5,27.46,1,0.0,1073,4.98,0.029,0.003,8,61.33,ISO9001,1,0
39,EMEA,1803.86,100.0,5,22.32,1,0.0,710,5.6,0.035,0.013,10,91.37,None,0,0
39,EMEA,1803.86,100.0,5,22.06,1,0.0,1048,5.95,0.048,0.01,7,83.33,None,0,0
39,EMEA,1803.86,100.0,5,22.95,1,0.0,1070,4.55,0.01,0.023,28,83.34,ISO9001,0,0
39,EMEA,1803.86,100.0,5,28.17,1,0.0,1401,4.85,0.014,0.009,11,70.69,ISO9001,1,0
39,EMEA,1803.86,100.0,5,30.34,1,0.0,1050,4.46,0.01,0.014,13,81.72,ISO9001,1,0
39,EMEA,1803.86,100.0,5,29.9,1,0.0,1014,5.14,0.056,0.014,10,82.43,ISO9001+ISO14001,1,0
39,EMEA,1803.86,100.0,5,19.51,0,3.89,1083,4.48,0.039,0.014,14,79.27,ISO9001+ISO14001,1,0
39,EMEA,1803.86,100.0,5,29.35,0,9.76,1012,4.53,0.022,0.0,0,76.55,ISO9001+ISO14001,1,0
40,APAC,3247.08,78.68,1,32.44,1,0.0,720,4.94,0.037,0.027,26,88.61,ISO9001,1,0
40,APAC,3247.08,78.68,1,29.1,1,0.0,1006,5.26,0.0,0.021,15,91.66,ISO9001,0,0
40,APAC,3247.08,78.68,1,28.88,1,0.0,984,4.81,0.01,0.033,40,73.76,ISO9001+ISO14001,1,0
40,APAC,3247.08,78.68,1,33.36,0,3.57,744,4.48,0.0,0.021,11,84.86,ISO9001+ISO14001,0,0
40,APAC,3247.08,78.68,1,22.36,0,7.25,1393,4.7,0.024,0.031,42,61.54,None,1,0
40,APAC,3247.08,78.68,1,29.9,0,6.14,1001,5.98,0.048,0.02,21,72.79,None,0,0
40,APAC,3247.08,78.68,1,30.35,1,0.0,1233,3.8,0.047,0.034,43,61.71,ISO9001,0,0
40,APAC,3247.08,78.68,1,38.39,0,9.62,1067,5.61,0.02,0.019,16,54.06,ISO9001,0,0
40,APAC,3247.08,78.68,1,33.25,1,0.0,664,5.42,0.046,0.029,16,78.33,ISO9001,1,0
40,APAC,3247.08,78.68,1,34.16,1,0.0,698,4.54,0.061,0.024,15,92.91,ISO9001+ISO14001,1,0
40,APAC,3247.08,78.68,1,29.65,1,0.0,1335,4.89,0.02,0.035,44,89.25,ISO9001,0,0
40,APAC,3247.08,78.68,1,31.88,1,0.0,880,5.17,0.041,0.024,22,62.01,None,0,0
40,APAC,3247.08,78.68,1,31.25,1,0.0,1049,5.45,0.045,0.033,51,59.81,ISO9001,1,0
40,APAC,3247.08,78.68,1,29.1,1,0.0,298,5.05,0.032,0.004,0,78.77,ISO9001+ISO14001,0,0
40,APAC,3247.08,78.68,1,30.26,1,0.0,1020,4.82,0.05,0.035,41,50.97,ISO9001+ISO14001,1,0
40,APAC,3247.08,78.68,1,27.65,1,0.0,1239,4.38,0.018,0.035,37,67.38,ISO9001,0,0
40,APAC,3247.08,78.68,1,30.56,1,0.0,883,4.93,0.075,0.035,24,87.91,ISO9001,1,0
40,APAC,3247.08,78.68,1,25.97,1,0.0,584,6.33,0.044,0.025,15,66.09,None,0,0
40,APAC,3247.08,78.68,1,37.7,1,0.0,1013,4.15,0.039,0.03,32,72.83,ISO9001,1,0
40,APAC,3247.08,78.68,1,31.94,1,0.0,1138,5.22,0.038,0.017,20,79.17,ISO9001+ISO14001,0,0
40,APAC,3247.08,78.68,1,33.26,1,0.0,858,5.46,0.059,0.023,19,74.27,ISO9001,1,0
40,APAC,3247.08,78.68,1,28.65,1,0.0,1038,5.06,0.063,0.03,29,69.05,ISO9001+ISO14001,1,0
40,APAC,3247.08,78.68,1,28.81,0,4.14,1086,4.24,0.049,0.034,37,65.9,ISO9001+ISO14001,0,0
40,APAC,3247.08,78.68,1,31.09,1,0.0,841,4.74,0.027,0.035,25,89.6,ISO9001,0,0
40,APAC,3247.08,78.68,1,31.72,1,0.0,863,5.12,0.068,0.038,29,70.72,None,0,0
40,APAC,3247.08,78.68,1,30.44,1,0.0,555,4.78,0.06,0.034,14,55.0,ISO9001,1,0
40,APAC,3247.08,78.68,1,31.83,0,8.18,947,5.34,0.058,0.007,6,71.49,ISO9001,1,0
40,APAC,3247.08,78.68,1,34.1,1,0.0,874,5.17,0.061,0.04,37,88.15,None,0,0
40,APAC,3247.08,78.68,1,26.85,1,0.0,946,5.37,0.047,0.039,39,67.55,ISO9001,0,0
40,APAC,3247.08,78.68,1,30.98,1,0.0,1141,5.19,0.056,0.026,42,71.12,ISO9001+ISO14001,1,0
40,APAC,3247.08,78.68,1,33.04,0,5.37,1499,3.22,0.06,0.019,30,93.7,ISO9001,0,0
40,APAC,3247.08,78.68,1,28.02,1,0.0,1199,5.52,0.026,0.051,52,70.49,ISO9001,1,0
40,APAC,3247.08,78.68,1,28.1,0,3.59,1112,3.71,0.044,0.021,25,64.11,None,0,0
40,APAC,3247.08,78.68,1,29.63,1,0.0,1072,5.23,0.067,0.026,29,82.05,ISO9001,1,0
40,APAC,3247.08,78.68,1,32.56,1,0.0,621,4.23,0.022,0.032,17,72.35,ISO9001,0,0
40,APAC,3247.08,78.68,1,33.16,1,0.0,851,5.33,0.055,0.017,16,74.93,ISO9001+ISO14001,1,0
40,APAC,3247.08,78.68,1,32.24,1,0.0,782,4.52,0.042,0.019,17,77.41,ISO9001,1,0
40,APAC,3247.08,78.68,1,32.79,0,6.85,989,5.6,0.068,0.023,19,66.48,None,1,0
40,APAC,3247.08,78.68,1,28.31,1,0.0,1065,5.63,0.016,0.025,34,59.43,ISO9001+ISO14001,1,0
40,APAC,3247.08,78.68,1,31.48,1,0.0,1017,5.17,0.038,0.015,18,61.95,ISO9001+ISO14001,0,0
40,APAC,3247.08,78.68,1,34.55,0,9.49,1172,4.87,0.08,0.017,23,71.37,ISO9001,0,0
40,APAC,3247.08,78.68,1,29.9,1,0.0,918,5.94,0.006,0.014,8,64.24,ISO9001,0,0
40,APAC,3247.08,78.68,1,33.13,1,0.0,1050,6.43,0.018,0.015,10,73.46,ISO9001,1,0
40,APAC,3247.08,78.68,1,28.48,1,0.0,930,4.58,0.031,0.016,10,87.02,None,0,0
40,APAC,3247.08,78.68,1,29.45,1,0.0,937,5.01,0.035,0.025,35,54.12,ISO9001,1,0
40,APAC,3247.08,78.68,1,25.18,1,0.0,998,5.34,0.066,0.026,22,78.24,None,1,0
40,APAC,3247.08,78.68,1,29.64,0,7.95,1055,4.68,0.036,0.03,33,71.72,None,0,0
40,APAC,3247.08,78.68,1,32.62,1,0.0,1430,5.73,0.071,0.025,38,74.95,ISO9001+ISO14001,0,0
40,APAC,3247.08,78.68,1,25.54,0,3.12,981,4.6,0.074,0.032,43,73.43,ISO9001+ISO14001,1,0
40,APAC,3247.08,78.68,1,28.83,1,0.0,909,5.03,0.057,0.026,23,73.06,ISO9001+ISO14001,1,0
40,APAC,3247.08,78.68,1,33.81,0,4.18,721,4.01,0.063,0.031,19,69.0,ISO9001,0,0
40,APAC,3247.08,78.68,1,30.59,0,4.44,724,5.93,0.022,0.027,19,86.97,None,1,0
40,APAC,3247.08,78.68,1,31.19,0,6.77,705,3.68,0.078,0.024,14,82.54,ISO9001,1,0
40,APAC,3247.08,78.68,1,32.34,1,0.0,1390,5.29,0.065,0.024,33,69.53,ISO9001,1,0
40,APAC,3247.08,78.68,1,32.58,0,8.18,1016,6.18,0.047,0.03,39,78.61,ISO9001+ISO14001,1,0
40,APAC,3247.08,78.68,1,31.39,1,0.0,786,5.07,0.037,0.021,16,56.16,None,0,0
40,APAC,3247.08,78.68,1,33.63,1,0.0,995,5.63,0.027,0.022,27,78.87,ISO9001+ISO14001,1,0
40,APAC,3247.08,78.68,1,31.89,1,0.0,827,5.25,0.028,0.021,11,47.06,ISO9001,0,0
40,APAC,3247.08,78.68,1,32.53,1,0.0,1610,5.32,0.016,0.025,38,73.18,ISO9001+ISO14001,1,0
41,APAC,4188.21,58.05,6,35.06,1,0.0,905,6.02,0.039,0.011,16,81.32,None,0,0
41,APAC,4188.21,58.05,6,40.57,1,0.0,893,4.75,0.01,0.009,5,72.92,ISO9001+ISO14001,1,0
41,APAC,4188.21,58.05,6,34.42,1,0.0,286,4.65,0.037,0.017,5,49.33,ISO9001,1,0
41,APAC,4188.21,58.05,6,31.71,1,0.0,884,5.35,0.0,0.005,5,89.14,ISO9001,0,0
41,APAC,4188.21,58.05,6,36.11,1,0.0,781,5.41,0.044,0.009,7,89.13,ISO9001+ISO14001,1,0
41,APAC,4188.21,58.05,6,34.2,1,0.0,854,5.7,0.02,0.007,2,73.35,None,0,0
41,APAC,4188.21,58.05,6,41.33,1,0.0,1126,5.45,0.024,0.006,3,68.23,ISO9001,1,0
41,APAC,4188.21,58.05,6,32.65,1,0.0,1048,4.68,0.031,0.012,9,93.06,ISO9001+ISO14001,0,0
41,APAC,4188.21,58.05,6,32.71,0,9.76,1156,4.77,0.04,0.01,21,90.82,ISO9001,1,0
41,APAC,4188.21,58.05,6,34.16,1,0.0,964,4.64,0.033,0.02,14,73.87,ISO9001+ISO14001,0,0
41,APAC,4188.21,58.05,6,33.63,1,0.0,816,5.52,0.045,0.0,0,73.4,None,1,0
41,APAC,4188.21,58.05,6,37.56,1,0.0,832,4.96,0.023,0.018,7,89.53,None,0,0
41,APAC,4188.21,58.05,6,37.55,1,0.0,895,4.57,0.047,0.019,11,89.9,None,0,0
41,APAC,4188.21,58.05,6,35.57,1,0.0,1090,5.14,0.014,0.015,24,85.2,ISO9001,1,0
41,APAC,4188.21,58.05,6,32.07,1,0.0,952,5.1,0.015,0.005,3,86.81,ISO9001,1,0
41,APAC,4188.21,58.05,6,37.42,1,0.0,1044,5.15,0.065,0.009,10,83.75,ISO9001,0,0
41,APAC,4188.21,58.05,6,29.08,1,0.0,1217,5.13,0.02,0.004,4,87.92,ISO9001+ISO14001,1,0
41,APAC,4188.21,58.05,6,36.81,1,0.0,1097,5.62,0.057,0.016,17,78.2,ISO9001,1,0
41,APAC,4188.21,58.05,6,34.35,0,9.41,1120,5.82,0.029,0.01,10,71.58,ISO9001+ISO14001,0,0
41,APAC,4188.21,58.05,6,37.92,1,0.0,1200,6.39,0.004,0.008,11,80.11,ISO9001+ISO14001,1,0
41,APAC,4188.21,58.05,6,38.44,1,0.0,794,4.97,0.03,0.013,12,71.1,ISO9001,1,0
41,APAC,4188.21,58.05,6,36.8,1,0.0,733,5.05,0.031,0.009,7,87.85,ISO9001+ISO14001,0,0
41,APAC,4188.21,58.05,6,38.13,1,0.0,389,5.75,0.036,0.012,5,70.26,None,0,0
41,APAC,4188.21,58.05,6,42.38,1,0.0,866,6.12,0.0,0.018,12,86.83,ISO9001+ISO14001,1,0
41,APAC,4188.21,58.05,6,31.69,1,0.0,1326,5.59,0.039,0.022,28,62.18,ISO9001,1,0
41,APAC,4188.21,58.05,6,30.86,1,0.0,840,5.06,0.037,0.0,0,92.32,ISO9001,0,0
41,APAC,4188.21,58.05,6,39.16,1,0.0,1252,5.97,0.003,0.018,24,69.77,ISO9001,1,0
41,APAC,4188.21,58.05,6,31.11,1,0.0,1155,5.02,0.033,0.017,14,96.99,ISO9001,0,0
41,APAC,4188.21,58.05,6,33.04,1,0.0,1003,4.23,0.036,0.0,0,76.7,ISO9001,0,0
41,APAC,4188.21,58.05,6,39.19,1,0.0,1269,5.95,0.025,0.025,35,79.27,ISO9001,0,0
41,APAC,4188.21,58.05,6,30.76,1,0.0,960,5.22,0.028,0.002,2,68.23,ISO9001,1,0
41,APAC,4188.21,58.05,6,31.23,1,0.0,1044,4.5,0.0,0.013,11,87.95,ISO9001,0,0
41,APAC,4188.21,58.05,6,27.79,0,3.37,1179,4.65,0.028,0.009,8,61.8,None,1,0
41,APAC,4188.21,58.05,6,35.08,1,0.0,940,5.83,0.0,0.009,6,84.7,None,1,0
41,APAC,4188.21,58.05,6,32.5,1,0.0,672,4.75,0.045,0.011,9,95.81,ISO9001,0,0
42,APAC,3107.46,78.64,2,37.46,1,0.0,1029,5.18,0.04,0.022,20,69.91,ISO9001+ISO14001,1,0
42,APAC,3107.46,78.64,2,27.35,0,6.57,808,4.46,0.033,0.048,36,80.42,ISO9001+ISO14001,1,0
42,APAC,3107.46,78.64,2,28.55,1,0.0,1073,5.76,0.041,0.042,43,79.61,None,0,0
42,APAC,3107.46,78.64,2,29.17,1,0.0,875,6.49,0.037,0.014,10,85.37,ISO9001,0,0
42,APAC,3107.46,78.64,2,30.15,1,0.0,1347,5.05,0.059,0.019,24,61.22,ISO9001,1,0
42,APAC,3107.46,78.64,2,29.88,1,0.0,1128,4.25,0.042,0.01,10,68.65,ISO9001,1,0
42,APAC,3107.46,78.64,2,29.34,0,8.71,1222,5.88,0.033,0.021,28,66.89,None,0,0
42,APAC,3107.46,78.64,2,28.92,1,0.0,873,5.21,0.074,0.012,6,89.53,ISO9001+ISO14001,1,0
42,APAC,3107.46,78.64,2,31.11,0,4.79,817,4.74,0.023,0.024,12,68.37,ISO9001,1,0
42,APAC,3107.46,78.64,2,29.18,1,0.0,830,4.54,0.078,0.037,31,76.2,ISO9001,0,0
42,APAC,3107.46,78.64,2,28.9,0,6.39,1320,3.89,0.054,0.024,27,68.62,None,0,0
42,APAC,3107.46,78.64,2,26.46,1,0.0,1195,4.09,0.03,0.0,0,69.74,ISO9001,0,0
42,APAC,3107.46,78.64,2,30.56,1,0.0,1142,4.46,0.056,0.024,32,71.65,ISO9001+ISO14001,1,0
42,APAC,3107.46,78.64,2,33.5,0,6.7,1250,5.26,0.037,0.021,34,77.61,None,0,0
42,APAC,3107.46,78.64,2,27.32,0,5.24,939,5.73,0.047,0.033,29,92.86,ISO9001,1,0
42,APAC,3107.46,78.64,2,32.88,1,0.0,936,5.86,0.049,0.033,26,62.01,ISO9001,0,0
42,APAC,3107.46,78.64,2,26.59,1,0.0,1101,3.62,0.069,0.015,18,74.13,ISO9001,1,0
42,APAC,3107.46,78.64,2,31.83,1,0.0,1011,4.51,0.065,0.011,10,79.14,ISO9001,0,0
42,APAC,3107.46,78.64,2,29.62,1,0.0,1256,5.27,0.036,0.011,11,77.11,None,0,0
42,APAC,3107.46,78.64,2,34.75,1,0.0,1624,4.89,0.015,0.005,5,84.2,ISO9001,1,0
42,APAC,3107.46,78.64,2,30.29,1,0.0,895,5.69,0.05,0.021,19,59.14,ISO9001,1,0
42,APAC,3107.46,78.64,2,27.34,1,0.0,1125,3.79,0.004,0.018,31,62.97,None,1,0
42,APAC,3107.46,78.64,2,39.39,1,0.0,1201,5.54,0.035,0.007,8,86.32,None,0,0
42,APAC,3107.46,78.64,2,32.58,1,0.0,1424,5.05,0.042,0.018,19,82.68,ISO9001+ISO14001,0,0
43,EMEA,2329.57,51.65,5,29.01,1,0.0,833,4.82,0.039,0.029,22,74.35,None,0,0
43,EMEA,2329.57,51.65,5,30.89,1,0.0,836,5.9,0.037,0.027,23,88.19,None,0,0
43,EMEA,2329.57,51.65,5,22.13,1,0.0,1116,5.53,0.05,0.023,28,87.09,ISO9001+ISO14001,1,0
43,EMEA,2329.57,51.65,5,28.91,1,0.0,1436,5.27,0.065,0.031,37,73.78,ISO9001,0,0
43,EMEA,2329.57,51.65,5,27.42,1,0.0,744,4.92,0.033,0.024,22,71.34,ISO9001,1,0
43,EMEA,2329.57,51.65,5,22.61,1,0.0,778,4.24,0.033,0.032,34,64.36,None,0,0
43,EMEA,2329.57,51.65,5,36.37,1,0.0,1072,4.76,0.055,0.037,34,74.01,ISO9001+ISO14001,1,0
43,EMEA,2329.57,51.65,5,28.0,0,6.02,851,5.16,0.016,0.025,24,76.76,ISO9001,0,0
43,EMEA,2329.57,51.65,5,23.81,1,0.0,1106,4.93,0.041,0.035,52,72.41,None,0,0
43,EMEA,2329.57,51.65,5,28.94,1,0.0,1025,6.18,0.037,0.019,20,81.6,None,0,0
43,EMEA,2329.57,51.65,5,27.49,1,0.0,1131,5.06,0.051,0.029,31,77.09,None,0,0
43,EMEA,2329.57,51.65,5,31.59,0,3.73,1533,6.29,0.044,0.021,23,59.64,None,0,1
43,EMEA,2329.57,51.65,5,22.68,1,0.0,1216,5.39,0.002,0.022,26,79.1,ISO9001,0,0
43,EMEA,2329.57,51.65,5,23.41,1,0.0,1057,4.6,0.006,0.019,19,74.72,ISO9001,1,0
43,EMEA,2329.57,51.65,5,26.76,1,0.0,777,4.89,0.047,0.022,15,84.34,ISO9001+ISO14001,0,0
43,EMEA,2329.57,51.65,5,28.04,1,0.0,918,5.42,0.016,0.036,45,56.75,ISO9001,1,0
43,EMEA,2329.57,51.65,5,24.31,1,0.0,938,4.4,0.01,0.017,18,85.13,ISO9001,0,0
43,EMEA,2329.57,51.65,5,25.54,1,0.0,920,5.1,0.047,0.04,41,82.65,None,0,0
43,EMEA,2329.57,51.65,5,25.01,1,0.0,1171,5.11,0.04,0.032,47,72.22,ISO9001,0,0
43,EMEA,2329.57,51.65,5,29.32,1,0.0,1033,5.17,0.0,0.035,37,59.82,ISO9001,1,0
43,EMEA,2329.57,51.65,5,26.37,1,0.0,1407,4.67,0.035,0.021,23,82.91,ISO9001,0,0
43,EMEA,2329.57,51.65,5,30.69,1,0.0,1171,4.63,0.052,0.016,21,71.12,None,0,0
43,EMEA,2329.57,51.65,5,23.82,0,4.24,894,4.92,0.08,0.012,12,72.79,None,0,1
43,EMEA,2329.57,51.65,5,27.23,1,0.0,773,5.68,0.015,0.021,14,78.85,ISO9001,1,0
43,EMEA,2329.57,51.65,5,28.18,0,4.45,1273,5.13,0.009,0.026,46,66.55,None,0,0
43,EMEA,2329.57,51.65,5,29.52,0,5.57,1322,5.31,0.031,0.02,26,71.18,None,1,0
43,EMEA,2329.57,51.65,5,27.73,1,0.0,816,4.72,0.05,0.016,10,67.37,ISO9001,1,0
43,EMEA,2329.57,51.65,5,27.84,1,0.0,952,4.55,0.062,0.023,17,72.29,None,0,0
43,EMEA,2329.57,51.65,5,22.62,1,0.0,1413,5.3,0.061,0.016,28,60.56,None,1,0
43,EMEA,2329.57,51.65,5,24.32,1,0.0,1276,4.85,0.034,0.026,47,76.29,ISO9001,1,0
43,EMEA,2329.57,51.65,5,29.75,1,0.0,989,5.39,0.016,0.02,19,63.99,ISO9001+ISO14001,1,0
43,EMEA,2329.57,51.65,5,30.15,1,0.0,1256,5.43,0.022,0.032,38,66.3,ISO9001,1,0
43,EMEA,2329.57,51.65,5,29.1,1,0.0,1268,5.7,0.006,0.017,23,70.73,None,0,0
43,EMEA,2329.57,51.65,5,33.81,1,0.0,1262,4.84,0.065,0.0,0,71.07,ISO9001,0,0
43,EMEA,2329.57,51.65,5,30.89,1,0.0,1284,5.35,0.029,0.015,26,73.71,ISO9001,1,0
43,EMEA,2329.57,51.65,5,25.32,1,0.0,604,4.86,0.048,0.012,9,75.27,ISO9001+ISO14001,1,0
43,EMEA,2329.57,51.65,5,28.68,1,0.0,1540,4.31,0.022,0.035,68,64.18,ISO9001,0,0
43,EMEA,2329.57,51.65,5,30.29,1,0.0,940,4.15,0.04,0.027,22,70.26,ISO9001,0,0
43,EMEA,2329.57,51.65,5,24.13,0,3.85,576,5.96,0.05,0.028,13,61.15,None,1,1
43,EMEA,2329.57,51.65,5,25.04,1,0.0,490,5.41,0.0,0.006,1,62.39,ISO9001,1,0
43,EMEA,2329.57,51.65,5,25.22,1,0.0,622,4.44,0.017,0.019,15,71.25,ISO9001,0,0
43,EMEA,2329.57,51.65,5,30.83,1,0.0,968,4.53,0.023,0.021,22,61.27,ISO9001,0,0
43,EMEA,2329.57,51.65,5,28.11,1,0.0,1144,5.56,0.004,0.028,21,70.51,None,1,0
43,EMEA,2329.57,51.65,5,26.2,1,0.0,1291,3.78,0.051,0.022,33,69.57,ISO9001+ISO14001,0,0
43,EMEA,2329.57,51.65,5,29.5,1,0.0,814,3.8,0.025,0.019,10,70.02,ISO9001,0,0
43,EMEA,2329.57,51.65,5,28.15,1,0.0,1234,4.55,0.036,0.03,44,78.06,ISO9001,1,0
43,EMEA,2329.57,51.65,5,29.28,1,0.0,1491,3.14,0.02,0.015,22,82.61,None,0,0
43,EMEA,2329.57,51.65,5,22.72,1,0.0,1134,4.9,0.027,0.024,36,90.83,ISO9001,0,0
43,EMEA,2329.57,51.65,5,27.83,1,0.0,1137,4.96,0.06,0.013,12,84.02,ISO9001,1,0
43,EMEA,2329.57,51.65,5,29.08,1,0.0,1133,4.58,0.057,0.016,28,67.3,ISO9001,1,0
43,EMEA,2329.57,51.65,5,24.48,1,0.0,942,5.3,0.006,0.008,5,71.69,ISO9001,1,0
43,EMEA,2329.57,51.65,5,28.68,1,0.0,1340,5.41,0.021,0.027,56,69.12,ISO9001,1,0
43,EMEA,2329.57,51.65,5,31.04,1,0.0,902,4.12,0.041,0.016,25,76.89,ISO9001,1,0
44,APAC,4349.73,49.47,5,34.63,1,0.0,1515,4.43,0.044,0.018,32,72.89,ISO9001,0,0
44,APAC,4349.73,49.47,5,34.46,1,0.0,1390,4.77,0.024,0.014,19,84.53,ISO9001+ISO14001,0,0
44,APAC,4349.73,49.47,5,31.12,0,6.71,969,3.73,0.019,0.025,24,100.0,ISO9001,1,0
44,APAC,4349.73,49.47,5,37.39,1,0.0,644,5.28,0.032,0.013,5,60.75,ISO9001,0,0
44,APAC,4349.73,49.47,5,29.76,1,0.0,657,5.78,0.043,0.021,13,77.23,ISO9001,1,0
44,APAC,4349.73,49.47,5,40.04,1,0.0,1179,4.4,0.036,0.032,43,61.86,None,0,0
44,APAC,4349.73,49.47,5,31.66,1,0.0,1195,5.37,0.018,0.021,17,75.73,ISO9001+ISO14001,1,0
44,APAC,4349.73,49.47,5,39.15,1,0.0,827,4.69,0.018,0.018,20,71.38,ISO9001,1,0
44,APAC,4349.73,49.47,5,32.31,1,0.0,1195,4.57,0.032,0.022,30,57.44,ISO9001,1,0
44,APAC,4349.73,49.47,5,40.94,1,0.0,903,4.85,0.049,0.031,26,65.31,ISO9001,1,0
44,APAC,4349.73,49.47,5,29.08,0,5.19,1193,4.91,0.032,0.022,22,76.79,ISO9001+ISO14001,1,0
44,APAC,4349.73,49.47,5,31.75,1,0.0,732,5.4,0.017,0.038,28,75.25,ISO9001+ISO14001,1,0
44,APAC,4349.73,49.47,5,34.02,1,0.0,1172,5.39,0.017,0.047,48,79.67,ISO9001,1,0
44,APAC,4349.73,49.47,5,37.91,1,0.0,1192,6.37,0.055,0.043,49,80.85,None,0,0
44,APAC,4349.73,49.47,5,33.06,0,7.76,769,4.53,0.034,0.027,17,87.5,ISO9001,0,0
44,APAC,4349.73,49.47,5,37.83,1,0.0,830,5.02,0.027,0.022,17,82.11,ISO9001,1,0
44,APAC,4349.73,49.47,5,33.19,1,0.0,638,3.9,0.029,0.024,13,72.47,ISO9001,0,0
44,APAC,4349.73,49.47,5,32.01,1,0.0,868,4.43,0.065,0.023,27,87.07,ISO9001+ISO14001,1,0
44,APAC,4349.73,49.47,5,42.1,0,8.34,960,5.32,0.012,0.028,34,81.88,ISO9001,1,0
44,APAC,4349.73,49.47,5,33.28,1,0.0,1184,4.61,0.015,0.03,41,78.36,ISO9001,1,0
44,APAC,4349.73,49.47,5,38.5,1,0.0,548,5.11,0.054,0.024,11,89.29,ISO9001,1,0
44,APAC,4349.73,49.47,5,31.65,1,0.0,857,4.39,0.012,0.026,26,78.98,ISO9001,1,0
45,APAC,4096.97,51.7,9,35.17,1,0.0,1301,4.73,0.016,0.0,0,87.93,None,0,0
45,APAC,4096.97,51.7,9,33.09,1,0.0,1004,5.7,0.0,0.021,21,73.53,ISO9001,1,0
45,APAC,4096.97,51.7,9,34.11,0,6.63,1185,5.13,0.003,0.012,9,77.9,ISO9001+ISO14001,1,0
45,APAC,4096.97,51.7,9,34.12,1,0.0,725,6.3,0.02,0.002,1,86.74,None,1,0
45,APAC,4096.97,51.7,9,38.74,1,0.0,1014,5.22,0.032,0.007,9,94.99,ISO9001+ISO14001,1,0
45,APAC,4096.97,51.7,9,33.69,1,0.0,578,4.59,0.021,0.012,12,68.96,None,0,0
45,APAC,4096.97,51.7,9,39.55,1,0.0,965,5.51,0.008,0.0,0,79.34,None,0,0
45,APAC,4096.97,51.7,9,39.33,1,0.0,1164,4.96,0.025,0.022,26,76.73,ISO9001,1,0
45,APAC,4096.97,51.7,9,32.61,1,0.0,1395,5.4,0.013,0.01,14,75.82,ISO9001,0,0
45,APAC,4096.97,51.7,9,33.41,1,0.0,1346,4.68,0.003,0.017,23,79.43,None,0,0
45,APAC,4096.97,51.7,9,35.39,1,0.0,1284,6.04,0.014,0.0,0,74.63,ISO9001,1,0
45,APAC,4096.97,51.7,9,34.62,1,0.0,1693,4.7,0.025,0.018,35,61.14,ISO9001,1,0
45,APAC,4096.97,51.7,9,30.28,1,0.0,1143,5.55,0.058,0.018,20,72.51,None,0,0
45,APAC,4096.97,51.7,9,41.64,1,0.0,1423,5.51,0.042,0.013,12,74.22,ISO9001+ISO14001,1,0
45,APAC,4096.97,51.7,9,40.77,1,0.0,1190,5.27,0.0,0.011,11,81.15,ISO9001,0,0
45,APAC,4096.97,51.7,9,35.49,1,0.0,1032,4.59,0.041,0.015,15,61.3,ISO9001,1,0
45,APAC,4096.97,51.7,9,32.07,1,0.0,781,4.75,0.069,0.016,6,95.25,ISO9001,1,0
45,APAC,4096.97,51.7,9,34.23,1,0.0,1475,5.48,0.023,0.01,11,70.75,None,0,0
45,APAC,4096.97,51.7,9,32.66,1,0.0,886,6.17,0.051,0.03,25,73.14,None,0,0
45,APAC,4096.97,51.7,9,36.72,1,0.0,1368,5.17,0.05,0.001,1,74.42,ISO9001,0,0
45,APAC,4096.97,51.7,9,30.94,1,0.0,827,5.57,0.03,0.011,15,84.74,ISO9001,0,0
45,APAC,4096.97,51.7,9,38.48,1,0.0,1105,4.41,0.039,0.005,3,80.73,ISO9001,0,0
45,APAC,4096.97,51.7,9,29.56,1,0.0,1164,5.22,0.016,0.022,28,77.47,ISO9001,1,0
45,APAC,4096.97,51.7,9,36.11,1,0.0,868,4.91,0.047,0.019,24,83.86,ISO9001+ISO14001,1,0
45,APAC,4096.97,51.7,9,34.39,1,0.0,1031,4.31,0.036,0.0,0,94.56,ISO9001,1,0
45,APAC,4096.97,51.7,9,32.24,1,0.0,1252,5.47,0.02,0.026,35,87.43,ISO9001,0,0
45,APAC,4096.97,51.7,9,34.75,1,0.0,1077,4.68,0.057,0.014,13,82.3,ISO9001,1,0
45,APAC,4096.97,51.7,9,30.51,1,0.0,1054,4.75,0.015,0.007,6,74.11,ISO9001,1,0
45,APAC,4096.97,51.7,9,35.07,1,0.0,858,6.38,0.032,0.017,16,81.23,ISO9001,0,0
45,APAC,4096.97,51.7,9,38.82,1,0.0,814,5.39,0.0,0.015,14,78.19,ISO9001,1,0
45,APAC,4096.97,51.7,9,33.4,1,0.0,639,4.45,0.023,0.02,10,77.99,ISO9001,0,0
45,APAC,4096.97,51.7,9,34.7,1,0.0,763,5.29,0.042,0.016,9,82.35,None,0,0
45,APAC,4096.97,51.7,9,31.08,1,0.0,791,4.54,0.026,0.011,8,71.64,ISO9001+ISO14001,1,0
45,APAC,4096.97,51.7,9,39.09,1,0.0,712,5.55,0.005,0.027,24,82.59,ISO9001,0,0
45,APAC,4096.97,51.7,9,33.29,1,0.0,1275,4.28,0.028,0.018,28,79.24,ISO9001,0,0
45,APAC,4096.97,51.7,9,36.55,1,0.0,1142,4.29,0.035,0.002,3,77.02,ISO9001,0,0
45,APAC,4096.97,51.7,9,29.07,1,0.0,759,5.72,0.015,0.02,11,73.87,ISO9001,1,0
45,APAC,4096.97,51.7,9,31.0,1,0.0,1202,5.78,0.012,0.028,36,88.44,None,0,0
45,APAC,4096.97,51.7,9,39.34,1,0.0,1078,4.2,0.029,0.014,20,84.98,ISO9001+ISO14001,1,0
45,APAC,4096.97,51.7,9,31.6,1,0.0,1161,5.04,0.054,0.02,20,82.54,ISO9001,1,0
45,APAC,4096.97,51.7,9,34.24,1,0.0,992,4.71,0.048,0.008,9,72.54,ISO9001,1,0
45,APAC,4096.97,51.7,9,35.88,1,0.0,626,4.05,0.054,0.0,0,74.28,None,0,0
45,APAC,4096.97,51.7,9,32.68,1,0.0,883,4.58,0.037,0.02,15,88.44,ISO9001,0,0
45,APAC,4096.97,51.7,9,34.12,1,0.0,1173,5.23,0.042,0.0,0,80.72,None,0,0
45,APAC,4096.97,51.7,9,32.82,0,10.43,890,4.75,0.025,0.0,0,75.33,ISO9001+ISO14001,0,0
45,APAC,4096.97,51.7,9,33.8,1,0.0,1138,5.13,0.025,0.012,13,79.06,ISO9001+ISO14001,0,0
45,APAC,4096.97,51.7,9,37.17,1,0.0,1202,4.68,0.032,0.008,8,85.32,ISO9001,1,0
45,APAC,4096.97,51.7,9,32.0,1,0.0,1303,5.66,0.025,0.014,22,75.34,ISO9001,1,0
45,APAC,4096.97,51.7,9,37.98,1,0.0,1360,5.91,0.007,0.016,23,74.61,ISO9001,1,0
45,APAC,4096.97,51.7,9,32.91,1,0.0,1022,4.89,0.031,0.005,5,80.72,ISO9001,1,0
45,APAC,4096.97,51.7,9,32.83,1,0.0,1156,4.95,0.045,0.003,8,79.93,ISO9001,0,0
45,APAC,4096.97,51.7,9,32.24,1,0.0,932,4.7,0.037,0.023,25,82.43,ISO9001,1,0
45,APAC,4096.97,51.7,9,32.65,1,0.0,909,5.39,0.025,0.011,9,95.71,None,0,0
46,EMEA,2619.48,62.69,6,26.98,1,0.0,829,5.2,0.034,0.011,6,74.86,ISO9001,1,0
46,EMEA,2619.48,62.69,6,24.45,0,2.2,1480,4.13,0.011,0.015,22,86.94,None,0,0
46,EMEA,2619.48,62.69,6,29.39,0,2.35,1070,5.85,0.016,0.023,28,88.35,ISO9001+ISO14001,1,0
46,EMEA,2619.48,62.69,6,33.97,1,0.0,1264,4.38,0.022,0.013,16,93.65,None,1,0
46,EMEA,2619.48,62.69,6,30.86,1,0.0,281,4.78,0.031,0.032,10,57.76,ISO9001,1,0
46,EMEA,2619.48,62.69,6,30.75,1,0.0,934,4.15,0.063,0.016,14,88.82,None,0,0
46,EMEA,2619.48,62.69,6,28.11,0,6.52,1375,5.66,0.043,0.027,42,69.57,ISO9001,0,0
46,EMEA,2619.48,62.69,6,29.52,1,0.0,986,4.55,0.026,0.033,32,67.34,ISO9001+ISO14001,1,0
46,EMEA,2619.48,62.69,6,28.77,1,0.0,656,5.0,0.03,0.012,8,71.1,ISO9001,0,0
46,EMEA,2619.48,62.69,6,34.03,1,0.0,1366,5.08,0.008,0.021,38,89.01,ISO9001,1,0
46,EMEA,2619.48,62.69,6,35.07,1,0.0,831,4.72,0.065,0.024,16,85.44,None,0,0
46,EMEA,2619.48,62.69,6,28.26,1,0.0,896,5.72,0.024,0.007,5,60.78,ISO9001+ISO14001,1,0
46,EMEA,2619.48,62.69,6,26.33,1,0.0,969,4.95,0.009,0.015,14,77.75,None,0,0
46,EMEA,2619.48,62.69,6,31.49,1,0.0,815,5.26,0.008,0.024,20,67.39,ISO9001,1,0
46,EMEA,2619.48,62.69,6,27.91,1,0.0,824,4.76,0.043,0.02,15,79.21,ISO9001,1,0
46,EMEA,2619.48,62.69,6,30.55,1,0.0,1229,5.8,0.03,0.013,19,72.4,ISO9001,1,0
46,EMEA,2619.48,62.69,6,33.39,1,0.0,1575,4.71,0.049,0.023,40,76.13,ISO9001+ISO14001,0,0
46,EMEA,2619.48,62.69,6,31.48,1,0.0,995,5.13,0.0,0.014,8,69.73,ISO9001,1,0
46,EMEA,2619.48,62.69,6,30.91,1,0.0,967,5.99,0.033,0.007,7,82.9,ISO9001,1,0
46,EMEA,2619.48,62.69,6,29.71,1,0.0,1383,5.37,0.07,0.023,35,97.05,ISO9001,1,0
46,EMEA,2619.48,62.69,6,29.49,1,0.0,707,5.66,0.034,0.011,11,70.8,ISO9001,0,0
46,EMEA,2619.48,62.69,6,26.04,1,0.0,1115,5.0,0.075,0.016,18,84.05,ISO9001,0,0
46,EMEA,2619.48,62.69,6,31.51,1,0.0,1028,5.96,0.018,0.015,20,59.86,ISO9001,1,0
46,EMEA,2619.48,62.69,6,27.93,1,0.0,832,5.7,0.035,0.016,13,92.64,ISO9001,1,0
46,EMEA,2619.48,62.69,6,29.01,1,0.0,1044,4.34,0.043,0.025,28,80.6,ISO9001,1,0
46,EMEA,2619.48,62.69,6,26.56,1,0.0,1065,4.41,0.015,0.027,21,83.35,None,0,0
46,EMEA,2619.48,62.69,6,27.82,1,0.0,1163,5.72,0.046,0.03,39,92.81,ISO9001,0,0
46,EMEA,2619.48,62.69,6,27.4,1,0.0,1064,4.45,0.02,0.025,25,75.12,ISO9001,1,0
46,EMEA,2619.48,62.69,6,34.83,1,0.0,1511,4.6,0.048,0.031,34,64.26,None,0,0
46,EMEA,2619.48,62.69,6,31.95,1,0.0,1146,5.64,0.015,0.016,15,90.66,ISO9001,1,0
46,EMEA,2619.48,62.69,6,23.64,1,0.0,632,5.24,0.065,0.023,12,78.4,ISO9001,1,0
46,EMEA,2619.48,62.69,6,25.44,1,0.0,1529,4.28,0.026,0.007,7,88.55,ISO9001,0,0
46,EMEA,2619.48,62.69,6,25.02,0,6.39,1202,4.99,0.054,0.033,35,83.08,ISO9001,0,0
46,EMEA,2619.48,62.69,6,24.39,1,0.0,650,4.4,0.038,0.012,7,64.33,ISO9001,1,0
46,EMEA,2619.48,62.69,6,30.83,1,0.0,1352,4.99,0.033,0.003,4,74.14,ISO9001,1,0
46,EMEA,2619.48,62.69,6,26.81,1,0.0,1165,5.86,0.057,0.031,31,81.48,ISO9001,0,0
46,EMEA,2619.48,62.69,6,28.46,0,6.46,982,3.83,0.0,0.013,7,71.83,ISO9001,0,0
46,EMEA,2619.48,62.69,6,26.67,0,6.07,1240,5.95,0.017,0.018,16,72.17,ISO9001+ISO14001,1,0
46,EMEA,2619.48,62.69,6,28.54,1,0.0,913,4.88,0.035,0.015,12,73.8,ISO9001,0,0
46,EMEA,2619.48,62.69,6,32.72,1,0.0,980,3.73,0.008,0.015,19,72.49,ISO9001+ISO14001,1,0
46,EMEA,2619.48,62.69,6,28.76,1,0.0,962,4.94,0.022,0.012,11,74.85,ISO9001,1,0
46,EMEA,2619.48,62.69,6,22.56,1,0.0,1115,4.06,0.053,0.014,14,77.22,ISO9001+ISO14001,1,0
47,APAC,3929.98,41.73,7,32.68,1,0.0,946,5.27,0.035,0.015,18,70.36,ISO9001+ISO14001,0,0
47,APAC,3929.98,41.73,7,32.09,1,0.0,1040,4.55,0.035,0.022,26,84.36,ISO9001,0,0
47,APAC,3929.98,41.73,7,30.65,1,0.0,1118,6.07,0.025,0.005,4,91.26,ISO9001,1,0
47,APAC,3929.98,41.73,7,36.68,0,6.59,859,5.28,0.044,0.009,4,83.3,None,0,0
47,APAC,3929.98,41.73,7,34.59,1,0.0,1194,4.16,0.03,0.004,5,91.71,ISO9001+ISO14001,1,0
47,APAC,3929.98,41.73,7,33.29,1,0.0,1008,5.28,0.014,0.024,18,73.38,None,1,0
47,APAC,3929.98,41.73,7,36.64,1,0.0,643,4.33,0.028,0.027,17,74.06,ISO9001,1,0
47,APAC,3929.98,41.73,7,32.02,1,0.0,1056,4.64,0.036,0.024,20,87.86,ISO9001,0,0
47,APAC,3929.98,41.73,7,34.59,1,0.0,820,4.42,0.047,0.0,0,76.57,None,0,0
47,APAC,3929.98,41.73,7,33.51,0,4.77,1288,4.67,0.032,0.011,12,85.8,ISO9001+ISO14001,1,0
47,APAC,3929.98,41.73,7,35.16,1,0.0,711,5.71,0.021,0.006,3,74.47,None,0,0
47,APAC,3929.98,41.73,7,35.64,0,6.87,850,4.82,0.01,0.007,3,96.75,ISO9001+ISO14001,0,0
47,APAC,3929.98,41.73,7,35.38,0,8.44,786,4.38,0.057,0.008,7,77.08,ISO9001+ISO14001,1,1
47,APAC,3929.98,41.73,7,33.06,1,0.0,1113,4.8,0.0,0.021,27,54.01,ISO9001,1,0
47,APAC,3929.98,41.73,7,31.88,1,0.0,1213,4.49,0.02,0.021,21,82.75,ISO9001,1,0
47,APAC,3929.98,41.73,7,32.92,1,0.0,878,5.49,0.06,0.033,24,68.23,ISO9001+ISO14001,0,0
47,APAC,3929.98,41.73,7,33.14,0,10.65,1345,4.88,0.023,0.014,16,66.64,ISO9001,1,1
47,APAC,3929.98,41.73,7,38.28,1,0.0,1296,4.38,0.0,0.027,33,79.75,ISO9001,0,0
47,APAC,3929.98,41.73,7,30.89,1,0.0,815,5.89,0.05,0.0,0,93.67,None,0,0
47,APAC,3929.98,41.73,7,31.42,1,0.0,1094,5.73,0.013,0.021,23,78.88,None,0,0
48,EMEA,2042.3,60.02,5,21.62,1,0.0,845,4.05,0.03,0.017,19,74.02,ISO9001,0,0
48,EMEA,2042.3,60.02,5,28.34,1,0.0,1130,4.52,0.018,0.026,25,81.2,ISO9001,1,0
48,EMEA,2042.3,60.02,5,23.24,1,0.0,883,4.47,0.062,0.038,40,79.37,None,0,0
48,EMEA,2042.3,60.02,5,25.9,1,0.0,1189,5.18,0.059,0.014,17,75.7,None,1,0
48,EMEA,2042.3,60.02,5,33.24,1,0.0,718,4.78,0.006,0.024,14,71.46,ISO9001+ISO14001,1,0
48,EMEA,2042.3,60.02,5,26.29,1,0.0,956,5.23,0.051,0.017,17,71.68,None,0,0
48,EMEA,2042.3,60.02,5,25.04,0,2.08,1455,4.28,0.068,0.028,55,85.82,ISO9001,0,0
48,EMEA,2042.3,60.02,5,26.96,1,0.0,1197,5.87,0.017,0.025,38,91.59,ISO9001,0,0
48,EMEA,2042.3,60.02,5,27.05,1,0.0,1058,3.7,0.053,0.005,2,97.23,ISO9001,0,0
48,EMEA,2042.3,60.02,5,28.0,1,0.0,872,4.95,0.043,0.012,10,83.15,ISO9001,0,0
48,EMEA,2042.3,60.02,5,29.61,1,0.0,1172,5.76,0.038,0.024,26,90.05,ISO9001+ISO14001,0,0
48,EMEA,2042.3,60.02,5,22.01,1,0.0,1283,6.07,0.054,0.023,24,70.23,ISO9001,0,0
48,EMEA,2042.3,60.02,5,29.09,1,0.0,735,4.71,0.025,0.017,11,48.44,ISO9001,1,0
48,EMEA,2042.3,60.02,5,24.64,0,5.5,762,5.26,0.021,0.016,7,78.87,ISO9001,0,0
48,EMEA,2042.3,60.02,5,23.55,1,0.0,741,5.51,0.027,0.009,7,75.56,ISO9001+ISO14001,0,0
48,EMEA,2042.3,60.02,5,25.79,1,0.0,1199,5.29,0.031,0.005,12,74.24,ISO9001,1,0
49,EMEA,2304.17,82.09,2,30.97,1,0.0,764,4.88,0.031,0.025,24,88.87,None,0,0
49,EMEA,2304.17,82.09,2,25.58,1,0.0,1076,4.62,0.061,0.018,27,74.06,ISO9001+ISO14001,1,0
49,EMEA,2304.17,82.09,2,24.34,1,0.0,571,5.01,0.072,0.004,5,92.63,ISO9001,1,0
49,EMEA,2304.17,82.09,2,24.31,1,0.0,740,4.97,0.068,0.01,10,52.72,ISO9001,0,0
49,EMEA,2304.17,82.09,2,24.4,1,0.0,644,5.84,0.062,0.009,4,74.55,ISO9001,1,0
49,EMEA,2304.17,82.09,2,24.79,1,0.0,1004,4.54,0.036,0.017,15,97.84,ISO9001,0,0
49,EMEA,2304.17,82.09,2,27.54,1,0.0,765,4.01,0.064,0.028,25,71.1,ISO9001,0,0
49,EMEA,2304.17,82.09,2,19.16,1,0.0,958,5.41,0.037,0.053,57,69.39,ISO9001,0,0
49,EMEA,2304.17,82.09,2,29.05,1,0.0,1197,4.08,0.0,0.023,29,85.58,None,0,0
49,EMEA,2304.17,82.09,2,28.27,1,0.0,1435,4.66,0.063,0.02,38,72.21,ISO9001+ISO14001,1,0
49,EMEA,2304.17,82.09,2,31.1,1,0.0,782,4.5,0.06,0.021,13,71.94,ISO9001,1,0
49,EMEA,2304.17,82.09,2,30.37,1,0.0,1194,3.06,0.027,0.024,25,76.51,ISO9001+ISO14001,0,0
49,EMEA,2304.17,82.09,2,25.03,1,0.0,688,5.08,0.023,0.017,14,89.29,ISO9001,0,0
49,EMEA,2304.17,82.09,2,22.61,1,0.0,1245,5.33,0.039,0.02,19,76.1,ISO9001+ISO14001,0,0
49,EMEA,2304.17,82.09,2,19.76,0,6.22,961,5.85,0.011,0.035,31,77.35,ISO9001,0,0
49,EMEA,2304.17,82.09,2,27.67,1,0.0,1261,5.31,0.046,0.016,26,92.61,ISO9001,1,0
49,EMEA,2304.17,82.09,2,26.24,1,0.0,815,4.09,0.042,0.021,12,77.62,ISO9001,1,0
49,EMEA,2304.17,82.09,2,25.29,1,0.0,626,4.09,0.063,0.026,17,59.75,ISO9001+ISO14001,0,0
49,EMEA,2304.17,82.09,2,30.64,1,0.0,1029,4.48,0.032,0.006,7,92.77,ISO9001,1,0
49,EMEA,2304.17,82.09,2,29.63,1,0.0,1102,4.76,0.042,0.02,35,52.69,ISO9001,1,0
49,EMEA,2304.17,82.09,2,25.64,1,0.0,651,4.27,0.001,0.027,19,87.23,None,0,0
49,EMEA,2304.17,82.09,2,31.13,1,0.0,600,3.87,0.041,0.037,30,71.56,ISO9001+ISO14001,1,0
49,EMEA,2304.17,82.09,2,24.65,1,0.0,1061,4.56,0.056,0.012,16,82.48,ISO9001+ISO14001,0,0
49,EMEA,2304.17,82.09,2,26.31,1,0.0,1418,4.51,0.061,0.032,37,72.0,ISO9001+ISO14001,0,0
49,EMEA,2304.17,82.09,2,27.93,1,0.0,1003,5.5,0.029,0.02,21,86.88,ISO9001,1,0
49,EMEA,2304.17,82.09,2,28.91,1,0.0,857,5.33,0.022,0.012,15,72.76,None,1,0
49,EMEA,2304.17,82.09,2,23.58,1,0.0,1167,5.08,0.042,0.0,0,84.62,ISO9001+ISO14001,1,0
49,EMEA,2304.17,82.09,2,23.61,1,0.0,864,4.87,0.068,0.032,39,61.62,ISO9001+ISO14001,1,0
49,EMEA,2304.17,82.09,2,26.49,1,0.0,827,3.87,0.019,0.02,17,80.85,ISO9001,1,0
49,EMEA,2304.17,82.09,2,27.9,1,0.0,1180,4.94,0.028,0.017,26,84.66,None,0,0
49,EMEA,2304.17,82.09,2,22.4,1,0.0,718,4.79,0.049,0.009,6,63.1,None,0,0
49,EMEA,2304.17,82.09,2,30.43,0,6.35,1032,5.18,0.023,0.036,36,71.59,ISO9001,0,0
49,EMEA,2304.17,82.09,2,28.37,1,0.0,1337,3.44,0.049,0.03,37,72.73,None,0,0
49,EMEA,2304.17,82.09,2,29.84,1,0.0,1335,5.26,0.062,0.028,45,68.55,ISO9001,1,0
49,EMEA,2304.17,82.09,2,29.0,1,0.0,1005,5.88,0.003,0.013,16,82.39,ISO9001,1,0
50,EMEA,2564.64,91.03,6,31.34,1,0.0,884,4.3,0.054,0.013,19,84.01,ISO9001,0,0
50,EMEA,2564.64,91.03,6,30.76,1,0.0,733,4.95,0.021,0.027,23,77.08,None,0,0
50,EMEA,2564.64,91.03,6,26.05,1,0.0,887,4.21,0.0,0.029,24,78.69,None,0,0
50,EMEA,2564.64,91.03,6,32.25,1,0.0,886,5.17,0.013,0.014,12,67.56,ISO9001+ISO14001,1,0
50,EMEA,2564.64,91.03,6,29.53,1,0.0,828,4.78,0.0,0.031,19,75.85,ISO9001,0,0
50,EMEA,2564.64,91.03,6,29.96,1,0.0,828,4.0,0.026,0.002,1,74.4,None,0,0
50,EMEA,2564.64,91.03,6,32.12,1,0.0,565,5.35,0.048,0.0,0,85.99,ISO9001,0,0
50,EMEA,2564.64,91.03,6,28.75,1,0.0,1146,5.68,0.03,0.01,7,100.0,None,1,0
50,EMEA,2564.64,91.03,6,27.17,1,0.0,1275,4.2,0.054,0.0,0,100.0,ISO9001,0,0
50,EMEA,2564.64,91.03,6,27.43,0,3.97,1031,5.01,0.032,0.018,18,75.51,ISO9001,1,0
50,EMEA,2564.64,91.03,6,27.82,1,0.0,1219,5.4,0.015,0.014,20,93.09,ISO9001,1,0
50,EMEA,2564.64,91.03,6,35.63,1,0.0,1174,6.5,0.014,0.013,12,60.95,ISO9001,1,0
50,EMEA,2564.64,91.03,6,25.89,1,0.0,954,4.86,0.062,0.007,4,78.35,ISO9001,1,0
50,EMEA,2564.64,91.03,6,26.78,0,5.6,449,4.32,0.035,0.0,0,64.32,ISO9001+ISO14001,0,0
50,EMEA,2564.64,91.03,6,28.21,1,0.0,732,3.98,0.06,0.004,3,85.09,ISO9001+ISO14001,1,0
50,EMEA,2564.64,91.03,6,24.29,1,0.0,735,4.62,0.017,0.007,3,84.25,ISO9001,1,0
51,AMER,1461.8,89.57,11,29.0,1,0.0,1353,4.99,0.037,0.0,1,89.28,ISO9001,1,0
51,AMER,1461.8,89.57,11,21.97,1,0.0,1256,5.46,0.022,0.01,15,89.33,ISO9001,1,0
51,AMER,1461.8,89.57,11,24.26,1,0.0,1070,5.27,0.019,0.014,18,71.55,ISO9001,1,0
51,AMER,1461.8,89.57,11,30.18,1,0.0,1064,4.21,0.005,0.017,18,78.43,ISO9001,1,0
51,AMER,1461.8,89.57,11,19.31,1,0.0,946,4.2,0.014,0.018,19,75.59,ISO9001,1,0
51,AMER,1461.8,89.57,11,24.84,1,0.0,849,5.73,0.001,0.0,0,79.75,ISO9001,0,0
51,AMER,1461.8,89.57,11,21.95,1,0.0,920,4.84,0.03,0.0,0,69.04,ISO9001+ISO14001,0,0
51,AMER,1461.8,89.57,11,26.27,0,3.16,1221,5.74,0.045,0.036,45,66.45,ISO9001+ISO14001,1,0
51,AMER,1461.8,89.57,11,20.9,1,0.0,1128,4.99,0.032,0.014,19,87.67,ISO9001+ISO14001,1,0
51,AMER,1461.8,89.57,11,27.4,1,0.0,789,5.16,0.023,0.011,4,79.27,None,1,0
51,AMER,1461.8,89.57,11,21.33,1,0.0,1396,4.58,0.0,0.0,0,79.53,ISO9001+ISO14001,1,0
51,AMER,1461.8,89.57,11,20.97,1,0.0,1245,5.13,0.03,0.0,0,78.05,ISO9001,1,0
51,AMER,1461.8,89.57,11,26.97,1,0.0,1169,5.27,0.018,0.023,29,83.47,ISO9001+ISO14001,0,0
51,AMER,1461.8,89.57,11,20.54,1,0.0,794,5.36,0.038,0.022,11,85.73,ISO9001,0,0
51,AMER,1461.8,89.57,11,21.85,1,0.0,1011,4.99,0.05,0.038,34,84.08,ISO9001,1,0
51,AMER,1461.8,89.57,11,24.81,1,0.0,890,5.8,0.039,0.014,12,71.84,ISO9001,1,0
51,AMER,1461.8,89.57,11,21.85,1,0.0,1164,5.44,0.059,0.0,0,75.55,ISO9001+ISO14001,0,0
51,AMER,1461.8,89.57,11,21.92,1,0.0,610,4.5,0.012,0.009,1,67.97,ISO9001,0,0
51,AMER,1461.8,89.57,11,23.05,1,0.0,930,4.25,0.03,0.032,27,80.87,None,0,0
51,AMER,1461.8,89.57,11,23.15,1,0.0,337,4.25,0.018,0.007,2,94.37,ISO9001,0,0
51,AMER,1461.8,89.57,11,25.0,0,7.98,751,4.7,0.033,0.013,11,60.93,ISO9001+ISO14001,0,0
52,EMEA,2832.41,35.97,7,27.44,1,0.0,1496,5.29,0.015,0.007,7,64.01,ISO9001,1,0
52,EMEA,2832.41,35.97,7,30.15,0,7.74,1000,5.01,0.02,0.015,15,75.96,ISO9001,0,1
52,EMEA,2832.41,35.97,7,29.65,1,0.0,1239,4.36,0.058,0.022,28,94.42,ISO9001+ISO14001,1,0
52,EMEA,2832.41,35.97,7,26.76,1,0.0,1058,4.36,0.043,0.015,16,86.15,ISO9001+ISO14001,1,0
52,EMEA,2832.41,35.97,7,29.42,1,0.0,837,6.03,0.028,0.025,17,73.01,ISO9001,1,0
52,EMEA,2832.41,35.97,7,31.29,1,0.0,878,4.15,0.045,0.012,8,68.19,ISO9001+ISO14001,0,0
52,EMEA,2832.41,35.97,7,30.48,1,0.0,1096,5.04,0.014,0.023,23,72.18,None,0,0
52,EMEA,2832.41,35.97,7,27.62,1,0.0,1289,6.09,0.03,0.032,52,79.45,None,0,0
52,EMEA,2832.41,35.97,7,28.43,1,0.0,911,4.91,0.014,0.03,33,64.34,None,0,0
52,EMEA,2832.41,35.97,7,31.54,0,6.54,834,5.67,0.035,0.02,21,67.15,ISO9001,1,1
52,EMEA,2832.41,35.97,7,30.84,1,0.0,1212,4.06,0.05,0.046,48,72.83,ISO9001+ISO14001,1,0
52,EMEA,2832.41,35.97,7,27.95,1,0.0,1308,3.28,0.007,0.008,7,68.67,ISO9001,1,0
52,EMEA,2832.41,35.97,7,32.33,1,0.0,891,4.05,0.046,0.014,17,81.75,ISO9001,0,0
52,EMEA,2832.41,35.97,7,22.93,1,0.0,1335,5.15,0.065,0.0,0,74.49,ISO9001,1,0
52,EMEA,2832.41,35.97,7,27.34,1,0.0,1130,4.67,0.043,0.033,42,64.83,ISO9001,0,0
52,EMEA,2832.41,35.97,7,27.21,1,0.0,973,5.66,0.055,0.024,22,72.72,None,1,0
52,EMEA,2832.41,35.97,7,29.91,1,0.0,974,5.2,0.07,0.024,19,80.23,ISO9001,0,0
52,EMEA,2832.41,35.97,7,30.48,1,0.0,967,4.32,0.007,0.019,11,86.91,ISO9001,0,0
52,EMEA,2832.41,35.97,7,32.0,1,0.0,632,4.68,0.031,0.014,4,84.88,None,0,0
52,EMEA,2832.41,35.97,7,31.63,0,5.45,1310,5.5,0.039,0.01,12,68.63,ISO9001,0,1
52,EMEA,2832.41,35.97,7,30.76,1,0.0,1054,5.46,0.002,0.011,11,75.96,ISO9001+ISO14001,1,0
52,EMEA,2832.41,35.97,7,26.94,1,0.0,810,4.76,0.04,0.017,16,70.06,ISO9001,0,0
52,EMEA,2832.41,35.97,7,28.7,1,0.0,1149,4.5,0.022,0.034,35,79.77,None,0,0
52,EMEA,2832.41,35.97,7,27.13,0,7.37,711,3.95,0.022,0.034,28,75.89,ISO9001,0,1
52,EMEA,2832.41,35.97,7,29.13,1,0.0,644,5.98,0.034,0.033,22,60.02,ISO9001+ISO14001,1,0
52,EMEA,2832.41,35.97,7,25.4,1,0.0,1252,5.81,0.063,0.018,26,83.44,ISO9001+ISO14001,0,0
52,EMEA,2832.41,35.97,7,30.0,1,0.0,1206,3.89,0.059,0.015,22,90.35,ISO9001,0,0
52,EMEA,2832.41,35.97,7,29.12,1,0.0,797,4.55,0.031,0.028,31,84.68,None,1,0
52,EMEA,2832.41,35.97,7,33.68,0,5.24,786,5.16,0.053,0.025,17,71.82,ISO9001,0,1
52,EMEA,2832.41,35.97,7,28.84,0,3.46,914,4.61,0.073,0.033,23,70.77,ISO9001,0,1
52,EMEA,2832.41,35.97,7,29.69,1,0.0,624,5.23,0.033,0.023,16,79.65,None,0,0
52,EMEA,2832.41,35.97,7,31.27,1,0.0,929,5.38,0.0,0.033,26,80.16,None,0,0
52,EMEA,2832.41,35.97,7,32.97,1,0.0,556,4.39,0.041,0.039,14,83.36,ISO9001,0,0
52,EMEA,2832.41,35.97,7,28.91,1,0.0,1003,4.82,0.045,0.0,0,85.83,None,0,0
52,EMEA,2832.41,35.97,7,26.78,1,0.0,1067,5.09,0.04,0.038,42,53.97,None,0,0
52,EMEA,2832.41,35.97,7,32.15,1,0.0,766,5.12,0.045,0.037,28,78.34,ISO9001,1,0
52,EMEA,2832.41,35.97,7,26.91,1,0.0,1202,4.87,0.034,0.035,45,76.81,ISO9001,0,0
52,EMEA,2832.41,35.97,7,27.53,1,0.0,661,5.22,0.062,0.019,10,63.98,None,1,0
53,APAC,4164.91,69.07,2,33.9,1,0.0,1145,4.86,0.044,0.025,39,70.84,ISO9001,0,0
53,APAC,4164.91,69.07,2,36.87,1,0.0,1329,4.81,0.049,0.016,19,64.4,ISO9001+ISO14001,1,0
53,APAC,4164.91,69.07,2,34.48,1,0.0,1205,5.45,0.035,0.009,10,93.1,ISO9001+ISO14001,0,0
53,APAC,4164.91,69.07,2,36.11,1,0.0,1453,5.4,0.038,0.019,29,65.65,ISO9001,1,0
53,APAC,4164.91,69.07,2,33.36,1,0.0,1084,4.73,0.048,0.019,31,81.7,ISO9001,0,0
53,APAC,4164.91,69.07,2,37.39,0,8.69,1125,5.01,0.005,0.01,7,64.41,ISO9001,0,0
53,APAC,4164.91,69.07,2,32.08,1,0.0,875,4.94,0.005,0.029,21,82.37,None,0,0
53,APAC,4164.91,69.07,2,30.05,1,0.0,959,5.04,0.061,0.019,11,65.24,ISO9001,1,0
53,APAC,4164.91,69.07,2,35.98,1,0.0,1042,4.66,0.049,0.016,20,69.1,ISO9001,0,0
53,APAC,4164.91,69.07,2,34.67,1,0.0,921,5.53,0.027,0.033,39,59.87,ISO9001+ISO14001,0,0
53,APAC,4164.91,69.07,2,38.88,1,0.0,788,4.98,0.028,0.002,3,82.32,ISO9001,1,0
53,APAC,4164.91,69.07,2,35.48,1,0.0,829,4.89,0.047,0.018,21,100.0,ISO9001,0,0
53,APAC,4164.91,69.07,2,34.89,1,0.0,1105,4.8,0.025,0.015,12,63.55,ISO9001,1,0
53,APAC,4164.91,69.07,2,32.98,1,0.0,1092,4.74,0.037,0.037,42,58.44,ISO9001,0,0
53,APAC,4164.91,69.07,2,37.61,1,0.0,1030,4.86,0.093,0.016,16,72.51,ISO9001,0,0
53,APAC,4164.91,69.07,2,24.92,1,0.0,1126,4.74,0.048,0.03,29,82.06,None,0,0
53,APAC,4164.91,69.07,2,37.19,1,0.0,1001,5.0,0.027,0.027,30,84.28,ISO9001+ISO14001,1,0
53,APAC,4164.91,69.07,2,33.28,0,6.37,1211,6.14,0.042,0.018,26,71.0,ISO9001+ISO14001,0,0
53,APAC,4164.91,69.07,2,37.55,1,0.0,1222,4.67,0.019,0.015,16,79.13,ISO9001,0,0
53,APAC,4164.91,69.07,2,28.58,1,0.0,959,3.92,0.026,0.008,6,74.53,ISO9001,1,0
53,APAC,4164.91,69.07,2,32.18,1,0.0,866,5.08,0.04,0.024,21,87.26,ISO9001,1,0
53,APAC,4164.91,69.07,2,32.17,1,0.0,1257,5.22,0.0,0.035,48,55.64,ISO9001+ISO14001,0,0
53,APAC,4164.91,69.07,2,35.06,1,0.0,1215,5.18,0.013,0.026,30,68.4,None,0,0
53,APAC,4164.91,69.07,2,36.3,1,0.0,1003,6.03,0.043,0.032,23,78.52,ISO9001,0,0
53,APAC,4164.91,69.07,2,38.17,1,0.0,910,5.62,0.011,0.026,28,82.58,ISO9001+ISO14001,1,0
53,APAC,4164.91,69.07,2,34.84,1,0.0,1049,5.18,0.055,0.038,43,79.63,ISO9001,1,0
53,APAC,4164.91,69.07,2,35.86,1,0.0,1394,5.17,0.031,0.028,39,59.67,ISO9001,1,0
53,APAC,4164.91,69.07,2,39.72,0,8.73,1052,4.32,0.037,0.026,29,85.19,ISO9001,0,0
53,APAC,4164.91,69.07,2,36.78,0,8.01,954,4.28,0.009,0.031,27,89.68,ISO9001,0,0
53,APAC,4164.91,69.07,2,39.2,1,0.0,821,5.31,0.072,0.024,18,87.25,ISO9001,0,0
53,APAC,4164.91,69.07,2,37.37,1,0.0,1041,5.08,0.019,0.038,38,74.27,ISO9001+ISO14001,0,0
53,APAC,4164.91,69.07,2,34.97,0,8.78,925,5.49,0.021,0.013,13,66.53,ISO9001,1,0
53,APAC,4164.91,69.07,2,37.26,1,0.0,1229,4.8,0.055,0.013,12,64.74,ISO9001,1,0
53,APAC,4164.91,69.07,2,37.89,1,0.0,1133,4.54,0.004,0.037,41,73.48,ISO9001,0,0
53,APAC,4164.91,69.07,2,29.68,0,8.13,1325,5.99,0.046,0.022,28,76.19,ISO9001+ISO14001,1,0
53,APAC,4164.91,69.07,2,36.88,1,0.0,816,5.4,0.028,0.035,27,69.48,ISO9001,1,0
53,APAC,4164.91,69.07,2,31.68,1,0.0,936,3.56,0.078,0.027,32,78.31,ISO9001+ISO14001,1,0
53,APAC,4164.91,69.07,2,34.69,1,0.0,639,4.94,0.001,0.021,20,66.62,ISO9001,0,0
53,APAC,4164.91,69.07,2,37.2,1,0.0,1011,4.37,0.068,0.009,11,69.9,ISO9001,1,0
53,APAC,4164.91,69.07,2,38.65,1,0.0,1269,4.83,0.055,0.021,29,73.87,ISO9001,0,0
53,APAC,4164.91,69.07,2,36.39,0,4.32,923,3.41,0.032,0.015,10,83.4,ISO9001,0,0
53,APAC,4164.91,69.07,2,33.65,1,0.0,1105,5.29,0.046,0.044,41,67.01,None,0,0
53,APAC,4164.91,69.07,2,32.64,1,0.0,1312,4.49,0.047,0.033,33,81.7,ISO9001+ISO14001,0,0
53,APAC,4164.91,69.07,2,33.51,1,0.0,968,6.17,0.014,0.028,28,66.55,None,0,0
53,APAC,4164.91,69.07,2,31.92,1,0.0,990,4.03,0.017,0.024,24,80.35,ISO9001,1,0
53,APAC,4164.91,69.07,2,35.6,1,0.0,706,5.08,0.049,0.008,4,90.5,ISO9001,0,0
53,APAC,4164.91,69.07,2,40.88,1,0.0,766,4.63,0.024,0.041,35,75.72,ISO9001,0,0
53,APAC,4164.91,69.07,2,39.4,1,0.0,907,5.16,0.063,0.021,25,89.25,None,0,0
53,APAC,4164.91,69.07,2,36.14,1,0.0,940,5.82,0.049,0.024,23,75.77,ISO9001,0,0
53,APAC,4164.91,69.07,2,35.78,0,5.46,839,4.41,0.031,0.021,10,71.63,ISO9001,1,0
53,APAC,4164.91,69.07,2,33.96,1,0.0,1417,5.03,0.062,0.036,48,65.23,ISO9001,1,0
53,APAC,4164.91,69.07,2,33.53,1,0.0,688,5.32,0.035,0.02,12,80.54,None,1,0
53,APAC,4164.91,69.07,2,34.76,1,0.0,951,4.35,0.02,0.013,13,62.62,ISO9001,1,0
53,APAC,4164.91,69.07,2,34.74,1,0.0,847,4.06,0.049,0.011,3,66.41,ISO9001,0,0
53,APAC,4164.91,69.07,2,34.85,1,0.0,969,5.65,0.054,0.017,15,73.02,ISO9001+ISO14001,0,0
53,APAC,4164.91,69.07,2,34.02,1,0.0,830,5.89,0.02,0.006,3,66.69,None,0,0
53,APAC,4164.91,69.07,2,32.05,1,0.0,868,4.69,0.032,0.039,32,76.85,ISO9001,0,0
53,APAC,4164.91,69.07,2,35.1,0,10.18,783,4.58,0.02,0.016,11,81.62,ISO9001,1,0
54,APAC,3435.32,60.15,1,35.06,0,5.05,883,5.93,0.024,0.025,23,79.64,None,1,0
54,APAC,3435.32,60.15,1,30.67,1,0.0,610,5.01,0.041,0.01,3,79.05,ISO9001,1,0
54,APAC,3435.32,60.15,1,25.95,1,0.0,1129,4.73,0.009,0.022,28,83.55,None,0,0
54,APAC,3435.32,60.15,1,33.0,1,0.0,948,5.01,0.049,0.022,25,65.11,ISO9001,1,0
54,APAC,3435.32,60.15,1,35.09,1,0.0,956,4.46,0.043,0.018,12,44.38,ISO9001+ISO14001,1,0
54,APAC,3435.32,60.15,1,28.41,1,0.0,728,4.21,0.035,0.025,19,73.73,ISO9001,0,0
54,APAC,3435.32,60.15,1,33.38,1,0.0,1097,5.34,0.03,0.035,30,82.32,None,0,0
54,APAC,3435.32,60.15,1,36.5,1,0.0,440,4.61,0.047,0.032,8,81.03,None,0,0
54,APAC,3435.32,60.15,1,33.72,1,0.0,1036,5.6,0.025,0.017,21,66.43,ISO9001,1,0
54,APAC,3435.32,60.15,1,34.12,0,6.71,1288,4.82,0.061,0.023,27,74.41,None,1,0
54,APAC,3435.32,60.15,1,36.8,0,10.6,808,4.48,0.0,0.031,24,89.11,ISO9001,1,0
54,APAC,3435.32,60.15,1,30.92,0,6.27,1067,4.69,0.018,0.025,28,80.52,ISO9001,1,0
54,APAC,3435.32,60.15,1,33.32,0,7.25,1413,4.24,0.064,0.02,25,80.63,None,0,0
54,APAC,3435.32,60.15,1,26.67,0,2.69,929,5.82,0.044,0.025,19,55.1,ISO9001,1,1
54,APAC,3435.32,60.15,1,26.44,1,0.0,1198,4.54,0.025,0.028,37,83.37,ISO9001+ISO14001,1,0
54,APAC,3435.32,60.15,1,34.44,1,0.0,724,5.32,0.052,0.041,27,68.91,ISO9001,1,0
54,APAC,3435.32,60.15,1,33.25,1,0.0,1016,5.85,0.025,0.032,28,72.16,ISO9001,0,0
54,APAC,3435.32,60.15,1,32.29,1,0.0,933,5.59,0.055,0.008,6,63.81,ISO9001,0,0
54,APAC,3435.32,60.15,1,30.45,1,0.0,1053,4.85,0.044,0.014,17,77.35,ISO9001,0,0
54,APAC,3435.32,60.15,1,29.11,1,0.0,1469,5.46,0.052,0.0,0,88.0,ISO9001,0,0
54,APAC,3435.32,60.15,1,33.21,1,0.0,1737,4.58,0.03,0.034,55,77.39,ISO9001,1,0
54,APAC,3435.32,60.15,1,32.75,0,7.29,1059,3.93,0.049,0.045,46,92.13,ISO9001+ISO14001,0,0
54,APAC,3435.32,60.15,1,31.9,1,0.0,667,4.56,0.065,0.026,18,85.14,ISO9001,1,0
54,APAC,3435.32,60.15,1,30.15,1,0.0,763,3.86,0.03,0.01,10,70.2,ISO9001,1,0
54,APAC,3435.32,60.15,1,32.88,1,0.0,983,5.68,0.035,0.024,23,50.52,None,0,0
54,APAC,3435.32,60.15,1,29.13,1,0.0,1237,4.26,0.058,0.022,26,68.55,None,0,0
54,APAC,3435.32,60.15,1,26.27,1,0.0,1191,4.25,0.048,0.023,28,72.03,None,0,0
54,APAC,3435.32,60.15,1,26.26,1,0.0,1063,4.4,0.051,0.026,28,80.11,ISO9001,0,0
54,APAC,3435.32,60.15,1,32.82,1,0.0,1088,5.18,0.02,0.006,4,75.22,ISO9001,0,0
54,APAC,3435.32,60.15,1,26.93,1,0.0,1084,5.5,0.032,0.012,7,74.09,ISO9001,0,0
54,APAC,3435.32,60.15,1,34.69,1,0.0,1211,5.96,0.018,0.015,19,81.17,ISO9001,1,0
54,APAC,3435.32,60.15,1,31.6,1,0.0,966,4.02,0.019,0.037,31,57.97,ISO9001,0,0
54,APAC,3435.32,60.15,1,32.12,1,0.0,731,4.55,0.031,0.011,8,72.38,None,1,0
54,APAC,3435.32,60.15,1,31.42,0,7.23,1270,5.61,0.044,0.02,21,70.0,ISO9001+ISO14001,1,0
54,APAC,3435.32,60.15,1,31.6,0,6.71,1180,5.77,0.001,0.017,28,72.36,ISO9001,0,0
55,APAC,4152.13,77.19,7,37.94,1,0.0,524,5.06,0.039,0.004,1,62.91,None,1,0
55,APAC,4152.13,77.19,7,26.96,1,0.0,1243,4.88,0.051,0.009,13,68.1,ISO9001,0,0
55,APAC,4152.13,77.19,7,31.77,1,0.0,749,5.69,0.024,0.039,23,72.86,ISO9001+ISO14001,0,0
55,APAC,4152.13,77.19,7,33.87,0,5.02,980,4.28,0.0,0.011,8,67.99,None,0,0
55,APAC,4152.13,77.19,7,34.05,1,0.0,1425,5.09,0.039,0.0,0,87.78,ISO9001,0,0
55,APAC,4152.13,77.19,7,36.51,1,0.0,941,5.04,0.079,0.004,4,76.11,ISO9001,1,0
55,APAC,4152.13,77.19,7,29.08,1,0.0,1225,6.03,0.019,0.0,0,85.99,ISO9001,1,0
55,APAC,4152.13,77.19,7,33.34,0,5.74,1169,4.44,0.078,0.019,19,73.2,None,0,0
55,APAC,4152.13,77.19,7,33.15,1,0.0,1344,5.57,0.009,0.016,24,79.62,None,1,0
55,APAC,4152.13,77.19,7,40.95,1,0.0,1494,4.71,0.057,0.01,16,96.16,None,0,0
55,APAC,4152.13,77.19,7,31.35,0,7.45,1090,5.06,0.052,0.027,26,69.48,None,1,0
55,APAC,4152.13,77.19,7,32.72,1,0.0,1098,5.13,0.02,0.01,7,95.65,ISO9001,1,0
55,APAC,4152.13,77.19,7,29.46,1,0.0,1043,4.52,0.014,0.018,25,76.73,ISO9001+ISO14001,0,0
55,APAC,4152.13,77.19,7,38.94,1,0.0,1171,5.05,0.061,0.0,0,68.37,ISO9001,1,0
55,APAC,4152.13,77.19,7,39.22,1,0.0,884,5.33,0.032,0.02,18,74.69,ISO9001,0,0
55,APAC,4152.13,77.19,7,38.35,1,0.0,530,4.73,0.0,0.015,5,68.04,ISO9001,0,0
55,APAC,4152.13,77.19,7,35.0,1,0.0,948,4.39,0.049,0.0,0,93.7,None,0,0
55,APAC,4152.13,77.19,7,32.78,1,0.0,1098,5.25,0.041,0.0,0,70.83,ISO9001,1,0
55,APAC,4152.13,77.19,7,34.33,1,0.0,956,5.56,0.052,0.014,13,77.72,ISO9001,0,0
55,APAC,4152.13,77.19,7,36.47,1,0.0,1117,5.96,0.025,0.012,9,77.3,ISO9001+ISO14001,0,0
55,APAC,4152.13,77.19,7,39.41,1,0.0,944,5.17,0.053,0.015,11,86.4,ISO9001+ISO14001,1,0
55,APAC,4152.13,77.19,7,36.85,1,0.0,1142,4.64,0.046,0.031,31,76.59,None,0,0
55,APAC,4152.13,77.19,7,37.29,1,0.0,998,6.18,0.045,0.005,4,87.64,ISO9001,0,0
55,APAC,4152.13,77.19,7,29.85,1,0.0,1247,4.25,0.016,0.016,12,80.18,ISO9001,1,0
55,APAC,4152.13,77.19,7,30.52,1,0.0,1433,4.63,0.04,0.011,20,88.34,ISO9001+ISO14001,0,0
55,APAC,4152.13,77.19,7,38.13,1,0.0,583,4.62,0.059,0.022,17,77.53,ISO9001,1,0
55,APAC,4152.13,77.19,7,40.85,1,0.0,1307,4.05,0.004,0.005,9,66.4,ISO9001,1,0
55,APAC,4152.13,77.19,7,36.07,1,0.0,865,5.4,0.04,0.012,9,76.19,None,1,0
55,APAC,4152.13,77.19,7,28.84,0,6.07,1439,5.24,0.011,0.006,9,67.3,ISO9001,1,0
55,APAC,4152.13,77.19,7,34.54,1,0.0,1260,5.41,0.008,0.019,30,69.77,ISO9001,0,0
55,APAC,4152.13,77.19,7,39.63,1,0.0,979,4.85,0.048,0.014,7,77.17,ISO9001,1,0
55,APAC,4152.13,77.19,7,39.47,1,0.0,872,4.96,0.034,0.0,0,96.79,None,0,0
55,APAC,4152.13,77.19,7,31.02,1,0.0,1208,5.32,0.014,0.005,2,89.0,ISO9001+ISO14001,1,0
55,APAC,4152.13,77.19,7,37.45,0,8.04,1316,6.07,0.045,0.004,3,89.4,ISO9001+ISO14001,1,0
55,APAC,4152.13,77.19,7,32.56,1,0.0,905,3.81,0.0,0.0,0,73.68,ISO9001,0,0
55,APAC,4152.13,77.19,7,35.21,1,0.0,1741,5.53,0.012,0.021,39,79.85,ISO9001,1,0
55,APAC,4152.13,77.19,7,36.96,1,0.0,725,5.17,0.045,0.032,27,85.77,ISO9001,1,0
55,APAC,4152.13,77.19,7,32.58,1,0.0,684,4.69,0.033,0.004,0,79.96,ISO9001+ISO14001,0,0
55,APAC,4152.13,77.19,7,33.38,1,0.0,1008,3.45,0.036,0.012,10,73.82,ISO9001,1,0
55,APAC,4152.13,77.19,7,35.02,1,0.0,1171,5.21,0.002,0.004,6,86.68,ISO9001,0,0
55,APAC,4152.13,77.19,7,31.32,1,0.0,1043,5.18,0.031,0.003,1,77.53,None,0,0
55,APAC,4152.13,77.19,7,31.42,1,0.0,635,5.28,0.046,0.02,11,72.11,None,0,0
55,APAC,4152.13,77.19,7,33.26,0,6.06,608,5.75,0.003,0.0,0,87.57,ISO9001+ISO14001,1,0
55,APAC,4152.13,77.19,7,35.63,1,0.0,908,4.17,0.007,0.012,9,78.61,None,0,0
55,APAC,4152.13,77.19,7,32.08,1,0.0,1107,5.53,0.023,0.025,27,86.65,ISO9001+ISO14001,0,0
55,APAC,4152.13,77.19,7,36.31,1,0.0,569,5.54,0.039,0.02,5,81.32,ISO9001,0,0
55,APAC,4152.13,77.19,7,33.09,1,0.0,1176,4.22,0.054,0.022,29,89.64,ISO9001,0,0
55,APAC,4152.13,77.19,7,36.12,1,0.0,987,4.75,0.017,0.005,5,88.36,ISO9001,0,0
55,APAC,4152.13,77.19,7,35.57,1,0.0,503,4.62,0.024,0.027,11,86.11,ISO9001,1,0
55,APAC,4152.13,77.19,7,33.29,1,0.0,811,5.25,0.003,0.014,14,91.18,None,0,0
55,APAC,4152.13,77.19,7,35.35,1,0.0,1024,4.96,0.036,0.012,12,80.52,ISO9001,1,0
56,AMER,955.31,62.95,9,24.78,1,0.0,1514,5.72,0.019,0.006,4,60.25,ISO9001,1,0
56,AMER,955.31,62.95,9,23.59,1,0.0,1495,5.32,0.038,0.007,8,85.64,ISO9001,1,0
56,AMER,955.31,62.95,9,16.99,1,0.0,1462,5.69,0.02,0.013,19,65.74,None,0,0
56,AMER,955.31,62.95,9,20.28,1,0.0,827,5.98,0.059,0.007,6,80.93,ISO9001+ISO14001,1,0
56,AMER,955.31,62.95,9,26.71,1,0.0,892,4.51,0.06,0.012,6,80.09,ISO9001+ISO14001,1,0
56,AMER,955.31,62.95,9,24.59,1,0.0,873,4.02,0.009,0.005,5,75.23,ISO9001,1,0
56,AMER,955.31,62.95,9,21.41,1,0.0,1139,4.84,0.004,0.007,5,84.18,ISO9001,1,0
56,AMER,955.31,62.95,9,21.82,1,0.0,668,4.65,0.037,0.01,9,69.6,ISO9001,0,0
56,AMER,955.31,62.95,9,21.84,1,0.0,603,4.15,0.027,0.034,18,89.33,ISO9001,1,0
56,AMER,955.31,62.95,9,26.39,1,0.0,1011,5.62,0.006,0.0,0,68.29,ISO9001,0,0
56,AMER,955.31,62.95,9,22.31,1,0.0,953,5.21,0.013,0.017,13,70.39,ISO9001,1,0
56,AMER,955.31,62.95,9,19.08,1,0.0,770,4.91,0.0,0.005,5,80.51,None,0,0
56,AMER,955.31,62.95,9,25.27,1,0.0,941,4.7,0.029,0.007,5,93.17,ISO9001,1,0
56,AMER,955.31,62.95,9,29.0,1,0.0,954,5.5,0.018,0.008,10,88.12,None,0,0
56,AMER,955.31,62.95,9,24.49,1,0.0,974,4.92,0.051,0.0,0,72.98,ISO9001,0,0
56,AMER,955.31,62.95,9,13.28,1,0.0,1214,5.37,0.054,0.0,0,78.3,ISO9001+ISO14001,1,0
56,AMER,955.31,62.95,9,17.94,1,0.0,996,5.36,0.029,0.022,25,86.5,ISO9001,0,0
56,AMER,955.31,62.95,9,23.81,0,6.58,1274,5.54,0.005,0.014,23,83.39,ISO9001+ISO14001,1,0
56,AMER,955.31,62.95,9,20.0,1,0.0,1334,4.64,0.047,0.011,16,98.66,None,0,0
56,AMER,955.31,62.95,9,20.95,1,0.0,1305,5.38,0.024,0.0,0,80.14,None,0,0
56,AMER,955.31,62.95,9,24.49,0,1.0,894,5.15,0.011,0.005,4,91.46,ISO9001,0,0
56,AMER,955.31,62.95,9,22.79,1,0.0,946,5.32,0.041,0.034,28,82.11,ISO9001,1,0
56,AMER,955.31,62.95,9,23.89,1,0.0,1145,5.31,0.035,0.006,5,80.62,ISO9001,1,0
56,AMER,955.31,62.95,9,23.18,1,0.0,787,4.84,0.019,0.013,10,77.1,ISO9001,0,0
56,AMER,955.31,62.95,9,25.52,1,0.0,916,4.35,0.054,0.002,1,93.15,None,1,0
56,AMER,955.31,62.95,9,20.21,1,0.0,1028,5.05,0.027,0.016,15,91.68,ISO9001,0,0
56,AMER,955.31,62.95,9,16.37,1,0.0,304,5.39,0.042,0.0,0,85.67,ISO9001+ISO14001,0,0
56,AMER,955.31,62.95,9,19.56,0,2.62,1057,4.39,0.074,0.006,8,97.13,None,0,0
56,AMER,955.31,62.95,9,19.73,1,0.0,1019,4.55,0.039,0.022,19,81.03,ISO9001,0,0
56,AMER,955.31,62.95,9,19.49,1,0.0,1030,3.97,0.018,0.01,12,76.05,None,0,0
56,AMER,955.31,62.95,9,24.62,1,0.0,1051,5.13,0.065,0.004,4,83.23,None,0,0
56,AMER,955.31,62.95,9,23.57,1,0.0,1197,4.5,0.04,0.0,0,90.5,None,0,0
56,AMER,955.31,62.95,9,20.31,1,0.0,1133,4.11,0.01,0.019,19,77.8,None,1,0
56,AMER,955.31,62.95,9,20.49,1,0.0,1027,4.94,0.065,0.0,0,86.0,ISO9001,1,0
56,AMER,955.31,62.95,9,21.15,1,0.0,1437,4.95,0.015,0.032,50,71.98,ISO9001,0,0
56,AMER,955.31,62.95,9,19.46,1,0.0,1281,4.23,0.02,0.006,6,66.02,ISO9001+ISO14001,1,0
56,AMER,955.31,62.95,9,19.07,1,0.0,1187,5.08,0.035,0.001,0,73.69,ISO9001,1,0
56,AMER,955.31,62.95,9,21.42,1,0.0,926,4.29,0.035,0.005,4,63.0,ISO9001+ISO14001,0,0
56,AMER,955.31,62.95,9,23.78,1,0.0,1345,5.25,0.048,0.003,5,76.46,ISO9001,1,0
56,AMER,955.31,62.95,9,21.73,1,0.0,1266,5.1,0.066,0.0,0,78.87,ISO9001+ISO14001,0,0
56,AMER,955.31,62.95,9,26.24,1,0.0,1023,5.51,0.039,0.012,14,89.15,ISO9001,0,0
56,AMER,955.31,62.95,9,18.51,1,0.0,980,4.76,0.043,0.017,21,88.31,ISO9001,1,0
56,AMER,955.31,62.95,9,18.77,1,0.0,784,5.16,0.027,0.009,7,84.66,ISO9001,0,0
56,AMER,955.31,62.95,9,24.71,1,0.0,1303,4.78,0.015,0.007,8,67.52,None,0,0
56,AMER,955.31,62.95,9,17.37,1,0.0,1129,5.36,0.042,0.014,19,75.2,None,1,0
56,AMER,955.31,62.95,9,23.99,1,0.0,928,4.95,0.041,0.02,21,61.44,ISO9001,1,0
56,AMER,955.31,62.95,9,20.19,1,0.0,1037,4.8,0.055,0.004,2,72.85,ISO9001,0,0
56,AMER,955.31,62.95,9,22.16,1,0.0,769,4.2,0.033,0.004,0,70.22,ISO9001,1,0
56,AMER,955.31,62.95,9,27.54,1,0.0,777,4.72,0.0,0.0,0,61.97,ISO9001,1,0
56,AMER,955.31,62.95,9,17.49,1,0.0,868,4.59,0.057,0.0,0,75.18,None,0,0
56,AMER,955.31,62.95,9,15.46,1,0.0,687,4.64,0.0,0.017,10,100.0,None,0,0
56,AMER,955.31,62.95,9,16.66,1,0.0,1272,4.34,0.047,0.0,0,67.36,ISO9001+ISO14001,1,0
56,AMER,955.31,62.95,9,23.84,1,0.0,1003,5.26,0.06,0.015,15,92.07,ISO9001,1,0
56,AMER,955.31,62.95,9,27.98,0,5.83,1190,5.17,0.034,0.0,1,75.99,ISO9001,1,0
56,AMER,955.31,62.95,9,23.14,1,0.0,969,5.71,0.0,0.001,0,88.94,ISO9001,1,0
56,AMER,955.31,62.95,9,20.61,1,0.0,1374,5.45,0.002,0.008,14,68.95,ISO9001,0,0
57,APAC,3689.03,77.18,5,33.11,1,0.0,1132,5.6,0.052,0.024,29,75.02,ISO9001+ISO14001,1,0
57,APAC,3689.03,77.18,5,31.68,1,0.0,943,5.26,0.031,0.014,16,71.35,ISO9001,0,0
57,APAC,3689.03,77.18,5,31.29,1,0.0,1444,5.25,0.022,0.036,52,71.07,ISO9001,1,0
57,APAC,3689.03,77.18,5,28.74,1,0.0,1133,5.43,0.029,0.02,37,73.76,ISO9001,0,0
57,APAC,3689.03,77.18,5,35.1,1,0.0,1325,4.36,0.061,0.016,29,77.42,ISO9001,1,0
57,APAC,3689.03,77.18,5,32.6,0,8.17,851,4.34,0.053,0.021,18,84.53,None,0,0
57,APAC,3689.03,77.18,5,32.29,1,0.0,520,5.0,0.053,0.035,23,74.43,ISO9001+ISO14001,1,0
57,APAC,3689.03,77.18,5,32.72,1,0.0,897,4.85,0.026,0.021,13,77.33,ISO9001+ISO14001,1,0
57,APAC,3689.03,77.18,5,34.24,1,0.0,1111,5.05,0.003,0.015,14,83.7,ISO9001,1,0
57,APAC,3689.03,77.18,5,31.56,1,0.0,1140,4.84,0.071,0.019,18,70.27,ISO9001,0,0
57,APAC,3689.03,77.18,5,36.97,1,0.0,923,4.91,0.051,0.024,26,82.9,None,0,0
57,APAC,3689.03,77.18,5,26.57,1,0.0,1163,6.43,0.022,0.031,42,80.89,ISO9001,0,0
57,APAC,3689.03,77.18,5,30.38,1,0.0,642,4.88,0.019,0.005,4,77.39,None,0,0
57,APAC,3689.03,77.18,5,33.48,1,0.0,622,4.48,0.013,0.021,19,71.07,None,0,0
57,APAC,3689.03,77.18,5,31.06,1,0.0,1248,5.78,0.02,0.032,40,46.8,ISO9001+ISO14001,1,0
57,APAC,3689.03,77.18,5,34.82,1,0.0,799,3.75,0.025,0.011,9,77.18,ISO9001,1,0
57,APAC,3689.03,77.18,5,32.43,1,0.0,1426,5.68,0.013,0.038,67,81.91,ISO9001+ISO14001,1,0
57,APAC,3689.03,77.18,5,27.52,0,1.0,659,4.59,0.064,0.025,21,76.61,ISO9001,1,0
57,APAC,3689.03,77.18,5,35.97,1,0.0,765,4.66,0.034,0.03,37,88.35,None,0,0
57,APAC,3689.03,77.18,5,38.0,1,0.0,1437,5.11,0.032,0.031,49,77.45,ISO9001,1,0
57,APAC,3689.03,77.18,5,40.17,0,6.48,874,4.26,0.055,0.01,11,80.99,None,0,0
57,APAC,3689.03,77.18,5,28.39,1,0.0,1065,5.52,0.046,0.019,10,85.67,ISO9001,1,0
57,APAC,3689.03,77.18,5,30.55,0,4.31,956,5.44,0.011,0.052,49,86.52,ISO9001,1,0
57,APAC,3689.03,77.18,5,32.52,1,0.0,701,4.92,0.009,0.018,13,92.11,ISO9001,1,0
57,APAC,3689.03,77.18,5,37.38,1,0.0,1152,4.66,0.061,0.021,26,83.12,None,0,0
57,APAC,3689.03,77.18,5,35.69,1,0.0,737,4.82,0.025,0.04,32,70.1,ISO9001,0,0
57,APAC,3689.03,77.18,5,35.16,1,0.0,1175,4.21,0.044,0.023,22,77.59,ISO9001,1,0
57,APAC,3689.03,77.18,5,35.14,1,0.0,1028,5.84,0.021,0.025,22,90.33,None,0,0
57,APAC,3689.03,77.18,5,30.9,1,0.0,836,5.04,0.012,0.031,30,58.56,ISO9001,1,0
57,APAC,3689.03,77.18,5,30.75,1,0.0,683,3.86,0.075,0.005,3,61.68,ISO9001,0,0
57,APAC,3689.03,77.18,5,35.8,0,8.04,982,4.66,0.035,0.034,36,80.57,ISO9001,1,0
57,APAC,3689.03,77.18,5,30.45,1,0.0,863,4.36,0.053,0.035,31,92.61,ISO9001,1,0
57,APAC,3689.03,77.18,5,33.02,0,4.92,1197,3.79,0.029,0.006,8,80.76,None,0,0
57,APAC,3689.03,77.18,5,32.7,1,0.0,1060,4.76,0.078,0.012,12,66.33,ISO9001,0,0
57,APAC,3689.03,77.18,5,34.08,1,0.0,1236,5.21,0.065,0.011,10,77.04,ISO9001,1,0
57,APAC,3689.03,77.18,5,29.92,0,3.31,1221,5.33,0.003,0.029,36,55.11,ISO9001,1,0
57,APAC,3689.03,77.18,5,32.54,1,0.0,592,3.88,0.049,0.02,16,85.42,ISO9001+ISO14001,1,0
57,APAC,3689.03,77.18,5,33.28,1,0.0,1088,5.05,0.05,0.017,20,68.11,ISO9001+ISO14001,1,0
57,APAC,3689.03,77.18,5,29.32,1,0.0,792,5.05,0.062,0.038,23,92.96,ISO9001+ISO14001,1,0
57,APAC,3689.03,77.18,5,34.46,1,0.0,996,6.38,0.038,0.042,39,73.65,ISO9001+ISO14001,0,0
57,APAC,3689.03,77.18,5,33.32,1,0.0,1404,5.93,0.027,0.024,32,84.29,None,0,0
57,APAC,3689.03,77.18,5,35.86,1,0.0,1418,5.31,0.0,0.016,23,74.42,ISO9001+ISO14001,1,0
57,APAC,3689.03,77.18,5,28.45,0,6.65,1019,5.68,0.033,0.024,21,85.54,ISO9001+ISO14001,1,0
57,APAC,3689.03,77.18,5,31.95,0,3.75,682,5.37,0.035,0.028,19,76.06,ISO9001,1,0
57,APAC,3689.03,77.18,5,34.03,1,0.0,819,6.21,0.073,0.017,16,83.85,ISO9001,1,0
57,APAC,3689.03,77.18,5,29.84,0,2.5,992,4.45,0.024,0.006,5,76.19,None,1,0
57,APAC,3689.03,77.18,5,32.68,1,0.0,913,4.56,0.01,0.017,15,70.59,None,0,0
57,APAC,3689.03,77.18,5,33.95,1,0.0,1260,4.82,0.006,0.024,29,76.47,None,0,0
57,APAC,3689.03,77.18,5,41.44,1,0.0,1191,4.51,0.021,0.023,28,77.59,ISO9001,1,0
57,APAC,3689.03,77.18,5,36.43,1,0.0,1362,5.57,0.039,0.031,40,88.39,None,0,0
57,APAC,3689.03,77.18,5,34.55,1,0.0,1471,4.64,0.021,0.025,42,69.11,ISO9001,1,0
57,APAC,3689.03,77.18,5,29.07,1,0.0,1207,4.34,0.067,0.006,12,85.61,ISO9001,0,0
58,APAC,3803.73,61.38,6,33.62,1,0.0,1068,4.3,0.027,0.02,29,81.32,ISO9001,1,0
58,APAC,3803.73,61.38,6,36.85,0,4.11,1000,4.34,0.054,0.028,39,74.69,ISO9001,0,0
58,APAC,3803.73,61.38,6,28.31,1,0.0,963,5.05,0.047,0.034,30,93.59,None,0,0
58,APAC,3803.73,61.38,6,28.48,1,0.0,836,4.66,0.064,0.027,22,75.41,None,0,0
58,APAC,3803.73,61.38,6,32.71,0,5.58,906,4.92,0.003,0.027,28,74.37,ISO9001,0,0
58,APAC,3803.73,61.38,6,30.58,0,4.78,1131,4.63,0.017,0.011,12,68.65,ISO9001,0,0
58,APAC,3803.73,61.38,6,37.59,0,5.85,1382,5.52,0.026,0.016,20,72.88,ISO9001,0,0
58,APAC,3803.73,61.38,6,36.79,1,0.0,1219,4.95,0.05,0.032,41,87.55,None,0,0
58,APAC,3803.73,61.38,6,29.59,1,0.0,1181,5.05,0.058,0.01,9,74.36,ISO9001+ISO14001,0,0
58,APAC,3803.73,61.38,6,30.11,1,0.0,1061,4.45,0.067,0.021,20,64.69,None,0,0
58,APAC,3803.73,61.38,6,32.83,1,0.0,912,5.39,0.047,0.038,32,65.02,ISO9001+ISO14001,1,0
58,APAC,3803.73,61.38,6,34.17,1,0.0,497,4.41,0.047,0.032,15,75.22,ISO9001,1,0
58,APAC,3803.73,61.38,6,32.37,1,0.0,1385,5.4,0.038,0.019,34,90.76,ISO9001,1,0
58,APAC,3803.73,61.38,6,37.18,0,7.28,1172,4.87,0.031,0.03,30,62.97,ISO9001,1,0
58,APAC,3803.73,61.38,6,30.19,1,0.0,965,5.0,0.032,0.032,38,70.26,None,0,0
58,APAC,3803.73,61.38,6,37.12,0,10.22,896,5.22,0.043,0.029,35,69.01,ISO9001+ISO14001,1,0
58,APAC,3803.73,61.38,6,31.72,0,8.08,1281,5.24,0.046,0.031,64,71.6,ISO9001,1,0
58,APAC,3803.73,61.38,6,32.4,1,0.0,574,5.26,0.056,0.03,18,75.89,ISO9001,0,0
58,APAC,3803.73,61.38,6,32.22,1,0.0,1383,4.22,0.029,0.024,24,55.96,ISO9001+ISO14001,0,0
58,APAC,3803.73,61.38,6,34.9,1,0.0,1335,4.45,0.078,0.025,38,68.84,ISO9001,1,0
58,APAC,3803.73,61.38,6,33.96,1,0.0,566,3.8,0.041,0.035,19,66.89,ISO9001,0,0
58,APAC,3803.73,61.38,6,28.93,1,0.0,1182,5.46,0.064,0.018,19,72.99,None,0,0
58,APAC,3803.73,61.38,6,32.42,1,0.0,1004,5.54,0.049,0.021,23,51.71,ISO9001,1,0
58,APAC,3803.73,61.38,6,34.82,1,0.0,1117,5.73,0.03,0.025,24,64.74,ISO9001,0,0
58,APAC,3803.73,61.38,6,30.88,0,6.04,1255,3.24,0.065,0.025,29,67.74,ISO9001+ISO14001,1,0
58,APAC,3803.73,61.38,6,33.04,1,0.0,1045,5.23,0.035,0.024,25,65.42,ISO9001,1,0
58,APAC,3803.73,61.38,6,36.63,1,0.0,1184,5.77,0.06,0.019,21,90.79,ISO9001,0,0
58,APAC,3803.73,61.38,6,25.79,1,0.0,983,4.58,0.0,0.011,14,76.78,ISO9001+ISO14001,0,0
58,APAC,3803.73,61.38,6,36.62,1,0.0,1062,4.97,0.032,0.052,64,86.14,ISO9001+ISO14001,1,0
58,APAC,3803.73,61.38,6,36.45,0,8.99,859,3.64,0.061,0.018,14,78.58,ISO9001,1,0
58,APAC,3803.73,61.38,6,37.98,1,0.0,1097,4.07,0.057,0.019,16,78.9,ISO9001,1,0
58,APAC,3803.73,61.38,6,34.85,1,0.0,1079,4.48,0.064,0.029,28,74.81,ISO9001+ISO14001,1,0
58,APAC,3803.73,61.38,6,32.11,1,0.0,1072,5.8,0.02,0.045,59,69.32,ISO9001,1,0
58,APAC,3803.73,61.38,6,32.36,1,0.0,1047,4.37,0.037,0.028,26,83.81,ISO9001,0,0
58,APAC,3803.73,61.38,6,41.96,1,0.0,1031,4.3,0.059,0.021,27,92.6,ISO9001,1,0
58,APAC,3803.73,61.38,6,31.77,1,0.0,909,5.06,0.033,0.02,11,75.36,None,0,0
58,APAC,3803.73,61.38,6,35.96,0,6.12,1533,5.23,0.064,0.044,69,60.37,ISO9001,0,1
58,APAC,3803.73,61.38,6,36.83,1,0.0,1253,4.12,0.021,0.031,39,54.26,ISO9001,0,0
58,APAC,3803.73,61.38,6,34.38,1,0.0,1063,4.52,0.021,0.03,40,80.19,ISO9001,0,0
58,APAC,3803.73,61.38,6,33.59,1,0.0,997,5.46,0.018,0.03,25,81.3,None,0,0
58,APAC,3803.73,61.38,6,32.53,1,0.0,734,4.05,0.005,0.032,24,74.33,None,0,0
58,APAC,3803.73,61.38,6,27.25,0,8.69,1283,4.21,0.042,0.027,34,64.71,ISO9001,1,0
58,APAC,3803.73,61.38,6,35.4,1,0.0,1086,5.09,0.05,0.024,24,91.26,ISO9001,1,0
59,EMEA,2247.86,69.74,5,29.5,1,0.0,1079,4.96,0.019,0.0,0,85.02,ISO9001,1,0
59,EMEA,2247.86,69.74,5,27.35,1,0.0,1360,5.09,0.042,0.031,34,57.02,ISO9001+ISO14001,0,0
59,EMEA,2247.86,69.74,5,26.27,1,0.0,1319,4.64,0.021,0.031,44,89.23,None,0,0
59,EMEA,2247.86,69.74,5,27.43,1,0.0,979,5.22,0.024,0.0,0,77.65,ISO9001,1,0
59,EMEA,2247.86,69.74,5,29.18,0,7.88,1048,4.94,0.045,0.023,25,74.98,ISO9001,1,0
59,EMEA,2247.86,69.74,5,25.66,1,0.0,902,5.17,0.061,0.031,21,66.47,None,0,0
59,EMEA,2247.86,69.74,5,28.95,1,0.0,1081,4.87,0.05,0.005,3,85.78,ISO9001+ISO14001,0,0
59,EMEA,2247.86,69.74,5,29.29,1,0.0,936,4.5,0.07,0.027,33,78.7,ISO9001+ISO14001,1,0
59,EMEA,2247.86,69.74,5,25.25,1,0.0,1138,5.29,0.035,0.0,0,77.35,ISO9001,0,0
59,EMEA,2247.86,69.74,5,33.78,0,8.35,893,4.92,0.028,0.006,5,95.05,ISO9001,1,0
59,EMEA,2247.86,69.74,5,25.42,0,6.85,1032,4.15,0.049,0.024,19,85.56,ISO9001,0,0
59,EMEA,2247.86,69.74,5,24.85,1,0.0,1101,4.89,0.014,0.012,10,70.4,None,1,0
59,EMEA,2247.86,69.74,5,26.66,0,4.39,1116,4.83,0.019,0.017,19,80.38,ISO9001+ISO14001,0,0
59,EMEA,2247.86,69.74,5,30.94,1,0.0,1305,5.37,0.032,0.012,15,94.99,ISO9001+ISO14001,0,0
59,EMEA,2247.86,69.74,5,24.66,1,0.0,777,5.09,0.008,0.019,18,82.26,ISO9001+ISO14001,0,0
59,EMEA,2247.86,69.74,5,30.87,1,0.0,975,4.56,0.046,0.012,21,80.33,None,1,0
59,EMEA,2247.86,69.74,5,29.22,1,0.0,699,4.79,0.062,0.008,9,83.47,ISO9001+ISO14001,1,0
59,EMEA,2247.86,69.74,5,28.02,1,0.0,1050,5.02,0.0,0.017,17,86.66,ISO9001,1,0
59,EMEA,2247.86,69.74,5,28.73,1,0.0,785,4.97,0.041,0.016,17,69.43,ISO9001,0,0
59,EMEA,2247.86,69.74,5,29.19,0,6.72,791,5.28,0.031,0.007,7,64.69,ISO9001,0,0
59,EMEA,2247.86,69.74,5,25.82,1,0.0,1009,5.15,0.07,0.013,14,92.33,ISO9001,1,0
59,EMEA,2247.86,69.74,5,25.5,1,0.0,1413,5.16,0.047,0.031,56,83.25,ISO9001,1,0
59,EMEA,2247.86,69.74,5,30.81,1,0.0,868,5.65,0.033,0.007,6,59.59,ISO9001,1,0
59,EMEA,2247.86,69.74,5,27.25,1,0.0,1165,4.64,0.027,0.008,12,81.24,None,0,0
59,EMEA,2247.86,69.74,5,22.66,0,2.03,722,6.39,0.016,0.001,0,69.03,ISO9001,1,0
59,EMEA,2247.86,69.74,5,26.58,0,4.09,1008,5.03,0.061,0.019,19,49.82,ISO9001+ISO14001,1,1
59,EMEA,2247.86,69.74,5,26.08,1,0.0,1152,3.98,0.0,0.021,30,68.44,ISO9001,0,0
59,EMEA,2247.86,69.74,5,25.59,1,0.0,700,5.59,0.01,0.016,13,80.47,ISO9001,1,0
59,EMEA,2247.86,69.74,5,22.85,1,0.0,1072,6.53,0.013,0.011,10,81.36,ISO9001,0,0
59,EMEA,2247.86,69.74,5,25.86,1,0.0,1287,5.9,0.021,0.026,37,84.05,ISO9001,0,0
59,EMEA,2247.86,69.74,5,23.15,1,0.0,301,4.69,0.04,0.0,0,94.74,ISO9001,1,0
59,EMEA,2247.86,69.74,5,26.61,1,0.0,860,4.7,0.042,0.03,22,79.34,ISO9001+ISO14001,1,0
59,EMEA,2247.86,69.74,5,24.89,1,0.0,874,4.4,0.045,0.0,0,73.49,None,0,0
59,EMEA,2247.86,69.74,5,22.35,1,0.0,961,5.36,0.03,0.012,15,70.2,ISO9001,1,0
60,APAC,4183.54,69.66,3,32.69,1,0.0,931,4.54,0.038,0.022,30,71.11,ISO9001+ISO14001,0,0
60,APAC,4183.54,69.66,3,33.36,1,0.0,1096,5.0,0.053,0.035,39,75.66,ISO9001,0,0
60,APAC,4183.54,69.66,3,38.13,1,0.0,1207,4.88,0.014,0.025,30,73.21,ISO9001,1,0
60,APAC,4183.54,69.66,3,39.1,0,4.32,955,4.6,0.043,0.036,29,99.59,ISO9001,1,0
60,APAC,4183.54,69.66,3,34.57,1,0.0,812,5.76,0.041,0.029,24,83.72,ISO9001+ISO14001,1,0
60,APAC,4183.54,69.66,3,34.59,1,0.0,755,4.75,0.04,0.036,29,65.68,ISO9001+ISO14001,0,0
60,APAC,4183.54,69.66,3,35.99,1,0.0,777,4.83,0.042,0.032,26,84.58,ISO9001,0,0
60,APAC,4183.54,69.66,3,34.16,1,0.0,1190,5.15,0.031,0.026,36,65.09,None,0,0
60,APAC,4183.54,69.66,3,33.05,0,4.29,1017,4.31,0.057,0.032,34,85.11,ISO9001,0,0
60,APAC,4183.54,69.66,3,34.85,1,0.0,873,4.4,0.036,0.03,38,74.88,ISO9001,1,0
60,APAC,4183.54,69.66,3,34.99,1,0.0,938,4.83,0.043,0.027,28,79.93,ISO9001,1,0
60,APAC,4183.54,69.66,3,34.75,1,0.0,934,4.87,0.04,0.035,27,74.54,ISO9001,1,0
60,APAC,4183.54,69.66,3,38.31,0,8.93,941,7.15,0.054,0.03,33,71.79,ISO9001,0,0
60,APAC,4183.54,69.66,3,40.53,1,0.0,931,5.0,0.043,0.02,16,73.87,ISO9001,1,0
60,APAC,4183.54,69.66,3,34.3,0,6.41,345,4.03,0.058,0.041,10,90.65,ISO9001+ISO14001,1,0
60,APAC,4183.54,69.66,3,33.78,1,0.0,1078,5.05,0.054,0.025,36,82.16,ISO9001,1,0
60,APAC,4183.54,69.66,3,35.28,1,0.0,730,4.12,0.012,0.034,25,52.38,ISO9001+ISO14001,0,0
60,APAC,4183.54,69.66,3,30.91,1,0.0,705,5.03,0.037,0.041,42,81.43,ISO9001,1,0
60,APAC,4183.54,69.66,3,38.32,1,0.0,1029,5.26,0.047,0.017,15,79.0,ISO9001+ISO14001,1,0
60,APAC,4183.54,69.66,3,34.55,1,0.0,741,5.57,0.039,0.037,23,65.89,ISO9001+ISO14001,0,0
60,APAC,4183.54,69.66,3,37.68,1,0.0,863,4.72,0.037,0.025,21,83.08,ISO9001,0,0
60,APAC,4183.54,69.66,3,36.77,1,0.0,1201,5.59,0.03,0.022,36,79.44,ISO9001,0,0
60,APAC,4183.54,69.66,3,32.97,1,0.0,809,5.5,0.046,0.017,12,68.44,ISO9001,0,0
60,APAC,4183.54,69.66,3,36.43,1,0.0,928,5.23,0.035,0.031,36,63.36,ISO9001,1,0
60,APAC,4183.54,69.66,3,38.06,1,0.0,1376,4.99,0.045,0.029,37,75.82,ISO9001,0,0
60,APAC,4183.54,69.66,3,35.67,1,0.0,1366,6.04,0.016,0.02,27,80.24,ISO9001,1,0
60,APAC,4183.54,69.66,3,34.92,1,0.0,1547,4.6,0.053,0.033,55,64.31,ISO9001+ISO14001,1,0
60,APAC,4183.54,69.66,3,34.61,1,0.0,1158,5.57,0.059,0.021,29,63.95,None,0,0
60,APAC,4183.54,69.66,3,30.96,1,0.0,842,4.52,0.059,0.032,33,80.71,ISO9001+ISO14001,1,0
60,APAC,4183.54,69.66,3,32.27,1,0.0,569,4.5,0.053,0.037,33,72.24,ISO9001,0,0
60,APAC,4183.54,69.66,3,32.64,1,0.0,769,6.05,0.071,0.021,19,61.7,ISO9001,0,0
60,APAC,4183.54,69.66,3,38.33,1,0.0,704,5.17,0.047,0.014,13,70.34,ISO9001+ISO14001,1,0
60,APAC,4183.54,69.66,3,35.38,1,0.0,1241,4.49,0.031,0.036,50,69.66,None,1,0
60,APAC,4183.54,69.66,3,27.4,1,0.0,800,4.97,0.075,0.028,19,70.11,ISO9001,1,0
60,APAC,4183.54,69.66,3,35.82,1,0.0,1085,4.61,0.038,0.028,29,52.74,ISO9001+ISO14001,1,0
60,APAC,4183.54,69.66,3,29.12,1,0.0,1039,4.49,0.063,0.024,18,58.56,ISO9001,1,0
60,APAC,4183.54,69.66,3,35.13,1,0.0,670,4.42,0.039,0.028,15,85.98,ISO9001,1,0
60,APAC,4183.54,69.66,3,34.46,1,0.0,1013,5.58,0.033,0.028,37,70.16,None,0,0
61,EMEA,2458.04,75.9,12,28.05,1,0.0,917,5.5,0.04,0.015,11,75.99,ISO9001,0,0
61,EMEA,2458.04,75.9,12,25.0,1,0.0,747,4.47,0.004,0.021,14,74.61,None,0,0
61,EMEA,2458.04,75.9,12,26.63,1,0.0,957,5.21,0.034,0.0,0,94.0,ISO9001,0,0
61,EMEA,2458.04,75.9,12,30.38,0,6.29,1305,5.57,0.049,0.029,37,90.38,None,0,0
61,EMEA,2458.04,75.9,12,30.22,1,0.0,916,4.79,0.017,0.023,15,83.05,ISO9001,0,0
61,EMEA,2458.04,75.9,12,26.66,1,0.0,1486,4.93,0.027,0.021,26,61.33,ISO9001,1,0
61,EMEA,2458.04,75.9,12,23.21,1,0.0,1070,4.98,0.029,0.019,17,90.2,ISO9001,1,0
61,EMEA,2458.04,75.9,12,27.88,1,0.0,1097,5.75,0.021,0.01,9,73.88,ISO9001+ISO14001,0,0
61,EMEA,2458.04,75.9,12,29.04,1,0.0,1466,4.15,0.046,0.0,0,82.8,ISO9001,1,0
61,EMEA,2458.04,75.9,12,28.03,1,0.0,709,4.59,0.03,0.018,13,95.25,None,1,0
61,EMEA,2458.04,75.9,12,26.48,1,0.0,1074,5.45,0.038,0.01,8,94.8,None,0,0
61,EMEA,2458.04,75.9,12,31.06,1,0.0,775,5.83,0.026,0.0,0,87.52,ISO9001,1,0
61,EMEA,2458.04,75.9,12,24.09,1,0.0,1082,4.65,0.012,0.015,23,84.94,ISO9001+ISO14001,1,0
61,EMEA,2458.04,75.9,12,26.87,1,0.0,1047,5.28,0.065,0.013,15,88.59,ISO9001+ISO14001,1,0
61,EMEA,2458.04,75.9,12,30.79,0,8.66,1125,5.07,0.027,0.0,0,69.6,ISO9001,1,0
61,EMEA,2458.04,75.9,12,31.27,1,0.0,847,4.0,0.033,0.01,8,90.15,None,0,0
61,EMEA,2458.04,75.9,12,25.34,1,0.0,1061,4.95,0.009,0.013,12,68.33,ISO9001,1,0
61,EMEA,2458.04,75.9,12,26.91,1,0.0,1138,6.2,0.023,0.004,3,88.58,None,0,0
61,EMEA,2458.04,75.9,12,28.45,0,5.51,794,4.66,0.042,0.002,0,74.37,None,1,0
61,EMEA,2458.04,75.9,12,26.7,1,0.0,1072,3.85,0.0,0.013,15,97.38,None,0,0
61,EMEA,2458.04,75.9,12,23.83,1,0.0,1040,5.31,0.016,0.028,30,70.72,ISO9001,1,0
61,EMEA,2458.04,75.9,12,30.01,1,0.0,1508,4.92,0.0,0.018,31,73.1,ISO9001,1,0
61,EMEA,2458.04,75.9,12,25.2,1,0.0,1040,5.38,0.046,0.006,4,86.53,ISO9001+ISO14001,1,0
61,EMEA,2458.04,75.9,12,28.27,1,0.0,776,4.77,0.03,0.012,12,67.15,None,0,0
61,EMEA,2458.04,75.9,12,26.65,1,0.0,857,4.65,0.036,0.001,0,84.36,None,0,0
61,EMEA,2458.04,75.9,12,24.64,1,0.0,1172,5.76,0.014,0.0,0,67.41,None,0,0
62,EMEA,2751.32,52.35,9,27.42,0,3.96,966,5.89,0.04,0.02,20,91.05,ISO9001+ISO14001,1,0
62,EMEA,2751.32,52.35,9,30.75,1,0.0,1114,5.71,0.023,0.024,33,71.96,ISO9001+ISO14001,0,0
62,EMEA,2751.32,52.35,9,26.23,1,0.0,1260,6.06,0.051,0.031,45,74.32,None,0,0
62,EMEA,2751.32,52.35,9,30.13,1,0.0,1455,5.69,0.033,0.037,46,82.25,ISO9001+ISO14001,1,0
62,EMEA,2751.32,52.35,9,31.25,1,0.0,1003,5.66,0.073,0.022,23,78.95,ISO9001,0,0
62,EMEA,2751.32,52.35,9,30.44,0,5.27,734,5.12,0.054,0.024,12,73.46,ISO9001,1,0
62,EMEA,2751.32,52.35,9,29.07,1,0.0,937,4.97,0.028,0.01,11,86.31,ISO9001,1,0
62,EMEA,2751.32,52.35,9,25.47,1,0.0,791,4.98,0.017,0.024,12,68.64,ISO9001,0,0
62,EMEA,2751.32,52.35,9,27.3,1,0.0,1455,6.49,0.041,0.027,40,81.6,ISO9001,0,0
62,EMEA,2751.32,52.35,9,28.0,1,0.0,708,4.53,0.05,0.007,7,91.65,ISO9001+ISO14001,1,0
62,EMEA,2751.32,52.35,9,32.85,1,0.0,1033,4.67,0.047,0.027,30,67.73,ISO9001,0,0
62,EMEA,2751.32,52.35,9,30.39,1,0.0,1225,5.79,0.027,0.003,6,69.41,ISO9001,1,0
62,EMEA,2751.32,52.35,9,32.47,1,0.0,848,5.44,0.037,0.011,10,59.0,ISO9001,1,0
62,EMEA,2751.32,52.35,9,32.64,1,0.0,1010,4.52,0.024,0.014,11,79.84,ISO9001,1,0
62,EMEA,2751.32,52.35,9,28.08,1,0.0,1277,5.57,0.02,0.018,23,77.76,None,1,0
62,EMEA,2751.32,52.35,9,29.43,1,0.0,1053,5.03,0.026,0.03,43,67.15,None,0,0
62,EMEA,2751.32,52.35,9,32.19,1,0.0,1146,5.36,0.059,0.036,40,61.56,ISO9001,1,0
62,EMEA,2751.32,52.35,9,31.84,1,0.0,929,5.14,0.062,0.023,20,74.89,None,0,0
62,EMEA,2751.32,52.35,9,31.91,1,0.0,1071,5.13,0.036,0.028,30,68.94,ISO9001,1,0
62,EMEA,2751.32,52.35,9,31.96,1,0.0,1064,4.81,0.069,0.011,12,70.05,None,0,0
62,EMEA,2751.32,52.35,9,28.92,1,0.0,692,4.85,0.044,0.032,22,85.16,ISO9001,1,0
62,EMEA,2751.32,52.35,9,26.97,1,0.0,1371,5.07,0.064,0.005,14,71.44,ISO9001,0,0
62,EMEA,2751.32,52.35,9,26.75,1,0.0,983,3.68,0.025,0.025,30,65.05,ISO9001,1,0
62,EMEA,2751.32,52.35,9,28.03,1,0.0,1114,5.26,0.022,0.035,47,79.33,ISO9001,1,0
62,EMEA,2751.32,52.35,9,27.88,0,7.24,977,4.73,0.021,0.013,14,73.54,ISO9001,1,0
62,EMEA,2751.32,52.35,9,28.82,1,0.0,928,4.28,0.008,0.035,33,73.57,ISO9001,1,0
62,EMEA,2751.32,52.35,9,29.9,1,0.0,918,4.94,0.039,0.021,32,91.06,ISO9001,0,0
62,EMEA,2751.32,52.35,9,29.45,1,0.0,1457,4.11,0.06,0.015,21,78.33,ISO9001+ISO14001,1,0
62,EMEA,2751.32,52.35,9,25.09,1,0.0,1533,5.53,0.032,0.002,6,83.01,ISO9001,0,0
62,EMEA,2751.32,52.35,9,24.03,1,0.0,1072,4.98,0.059,0.011,20,70.03,ISO9001,0,0
62,EMEA,2751.32,52.35,9,30.98,1,0.0,561,5.53,0.009,0.008,6,57.12,None,0,0
62,EMEA,2751.32,52.35,9,25.8,1,0.0,1181,5.05,0.025,0.02,17,62.97,ISO9001,1,0
62,EMEA,2751.32,52.35,9,27.5,1,0.0,782,4.17,0.057,0.003,1,63.29,ISO9001+ISO14001,1,0
62,EMEA,2751.32,52.35,9,28.59,1,0.0,874,5.85,0.06,0.029,26,75.25,None,0,0
62,EMEA,2751.32,52.35,9,23.97,1,0.0,1270,5.18,0.036,0.029,47,79.28,ISO9001+ISO14001,1,0
62,EMEA,2751.32,52.35,9,23.58,1,0.0,1223,4.53,0.041,0.028,29,48.55,ISO9001,1,0
62,EMEA,2751.32,52.35,9,28.4,0,2.49,1843,4.8,0.051,0.014,35,72.78,ISO9001,1,0
63,EMEA,2417.3,77.27,8,31.92,1,0.0,901,5.05,0.026,0.02,21,50.07,None,0,0
63,EMEA,2417.3,77.27,8,31.95,1,0.0,823,5.24,0.0,0.009,14,94.06,ISO9001+ISO14001,1,0
63,EMEA,2417.3,77.27,8,26.17,1,0.0,1027,5.2,0.037,0.02,24,92.56,ISO9001,0,0
63,EMEA,2417.3,77.27,8,27.38,1,0.0,796,5.62,0.046,0.016,13,79.0,ISO9001,1,0
63,EMEA,2417.3,77.27,8,24.31,1,0.0,1237,5.27,0.003,0.003,7,92.81,ISO9001,1,0
63,EMEA,2417.3,77.27,8,34.19,1,0.0,1118,4.63,0.077,0.017,16,83.69,ISO9001+ISO14001,0,0
63,EMEA,2417.3,77.27,8,27.63,1,0.0,1471,4.76,0.012,0.021,34,93.16,ISO9001,1,0
63,EMEA,2417.3,77.27,8,24.5,1,0.0,947,4.88,0.011,0.016,7,81.74,ISO9001,1,0
63,EMEA,2417.3,77.27,8,27.78,0,6.16,1019,4.82,0.051,0.0,0,95.6,None,0,0
63,EMEA,2417.3,77.27,8,28.75,1,0.0,877,5.63,0.033,0.017,14,76.3,ISO9001,1,0
63,EMEA,2417.3,77.27,8,23.97,1,0.0,1286,5.56,0.04,0.013,21,88.6,ISO9001+ISO14001,1,0
63,EMEA,2417.3,77.27,8,24.59,1,0.0,1040,5.64,0.008,0.009,13,76.65,ISO9001+ISO14001,1,0
63,EMEA,2417.3,77.27,8,28.53,1,0.0,1047,5.11,0.0,0.004,3,68.35,ISO9001,1,0
63,EMEA,2417.3,77.27,8,24.58,1,0.0,983,5.27,0.022,0.006,4,91.89,None,0,0
63,EMEA,2417.3,77.27,8,25.13,1,0.0,929,4.44,0.047,0.0,0,81.83,ISO9001,1,0
63,EMEA,2417.3,77.27,8,27.91,1,0.0,1518,4.61,0.033,0.0,0,74.76,None,1,0
63,EMEA,2417.3,77.27,8,30.15,1,0.0,1254,4.61,0.035,0.002,4,77.6,ISO9001,1,0
63,EMEA,2417.3,77.27,8,27.9,1,0.0,904,3.99,0.019,0.007,3,81.45,ISO9001+ISO14001,0,0
63,EMEA,2417.3,77.27,8,27.3,0,3.71,1258,6.24,0.04,0.008,10,81.4,ISO9001,1,0
63,EMEA,2417.3,77.27,8,23.69,1,0.0,822,4.75,0.037,0.018,17,76.4,ISO9001+ISO14001,1,0
63,EMEA,2417.3,77.27,8,24.63,1,0.0,614,5.37,0.034,0.013,7,68.73,ISO9001,1,0
63,EMEA,2417.3,77.27,8,26.09,1,0.0,1030,4.74,0.041,0.02,23,73.74,ISO9001,1,0
63,EMEA,2417.3,77.27,8,26.01,0,7.43,921,3.91,0.047,0.023,21,67.96,None,0,0
63,EMEA,2417.3,77.27,8,20.58,0,5.55,1201,5.89,0.011,0.022,25,100.0,ISO9001,1,0
63,EMEA,2417.3,77.27,8,29.74,1,0.0,540,5.18,0.035,0.005,6,81.29,ISO9001+ISO14001,0,0
63,EMEA,2417.3,77.27,8,28.87,1,0.0,917,3.62,0.01,0.014,11,84.24,ISO9001+ISO14001,1,0
63,EMEA,2417.3,77.27,8,21.71,1,0.0,704,4.63,0.019,0.034,26,88.75,ISO9001,1,0
63,EMEA,2417.3,77.27,8,25.91,1,0.0,859,3.75,0.054,0.019,28,85.0,ISO9001,1,0
63,EMEA,2417.3,77.27,8,26.45,1,0.0,1019,4.99,0.004,0.0,0,89.95,ISO9001,0,0
63,EMEA,2417.3,77.27,8,25.43,0,2.0,1251,3.45,0.049,0.007,4,55.9,ISO9001,0,0
63,EMEA,2417.3,77.27,8,22.65,1,0.0,978,5.26,0.002,0.004,4,68.74,ISO9001,1,0
63,EMEA,2417.3,77.27,8,24.47,0,3.71,1260,5.47,0.016,0.0,0,80.47,ISO9001,1,0
64,AMER,1352.31,59.63,3,26.69,1,0.0,1062,5.24,0.008,0.031,26,75.86,ISO9001,0,0
64,AMER,1352.31,59.63,3,22.19,1,0.0,871,5.11,0.062,0.024,19,68.45,None,1,0
64,AMER,1352.31,59.63,3,21.72,1,0.0,1428,5.86,0.011,0.037,52,94.46,ISO9001,1,0
64,AMER,1352.31,59.63,3,25.09,1,0.0,888,5.13,0.054,0.033,35,70.09,ISO9001,0,0
64,AMER,1352.31,59.63,3,25.45,1,0.0,945,4.1,0.067,0.023,15,77.15,ISO9001,1,0
64,AMER,1352.31,59.63,3,26.45,0,1.0,473,4.38,0.026,0.037,16,90.32,None,1,0
64,AMER,1352.31,59.63,3,27.39,1,0.0,1207,5.2,0.006,0.044,54,88.14,ISO9001,1,0
64,AMER,1352.31,59.63,3,24.87,1,0.0,897,5.59,0.032,0.029,27,78.95,None,0,0
64,AMER,1352.31,59.63,3,21.55,0,6.45,605,4.73,0.041,0.052,36,70.73,None,0,0
64,AMER,1352.31,59.63,3,27.36,1,0.0,661,5.61,0.047,0.024,19,68.37,ISO9001,0,0
64,AMER,1352.31,59.63,3,21.61,1,0.0,1074,5.66,0.044,0.029,28,73.55,ISO9001,1,0
64,AMER,1352.31,59.63,3,22.41,1,0.0,925,4.41,0.073,0.019,16,72.69,ISO9001,0,0
64,AMER,1352.31,59.63,3,22.67,1,0.0,1112,5.2,0.049,0.038,37,73.96,ISO9001,0,0
64,AMER,1352.31,59.63,3,22.61,0,3.39,1325,4.12,0.079,0.029,39,76.72,ISO9001,1,0
64,AMER,1352.31,59.63,3,25.02,1,0.0,965,4.97,0.034,0.055,48,82.25,ISO9001,1,0
64,AMER,1352.31,59.63,3,17.65,0,1.0,837,5.57,0.033,0.028,28,49.18,ISO9001,0,1
64,AMER,1352.31,59.63,3,21.88,1,0.0,591,4.43,0.049,0.043,22,70.17,None,0,0
64,AMER,1352.31,59.63,3,26.69,1,0.0,1057,5.25,0.034,0.035,42,52.51,ISO9001+ISO14001,1,0
64,AMER,1352.31,59.63,3,25.24,1,0.0,874,5.27,0.042,0.027,23,62.65,ISO9001,1,0
64,AMER,1352.31,59.63,3,21.08,1,0.0,986,5.38,0.04,0.062,55,48.1,ISO9001,1,0
64,AMER,1352.31,59.63,3,26.89,1,0.0,744,5.92,0.058,0.032,15,67.87,ISO9001+ISO14001,0,0
64,AMER,1352.31,59.63,3,18.18,1,0.0,839,5.27,0.051,0.024,23,83.82,None,0,0
64,AMER,1352.31,59.63,3,20.15,1,0.0,1077,5.73,0.027,0.027,25,75.49,ISO9001,1,0
64,AMER,1352.31,59.63,3,22.93,1,0.0,1425,5.56,0.038,0.047,73,89.11,ISO9001,1,0
64,AMER,1352.31,59.63,3,21.83,1,0.0,1045,5.76,0.026,0.018,19,65.29,None,0,0
64,AMER,1352.31,59.63,3,17.3,1,0.0,788,4.3,0.047,0.046,37,56.74,ISO9001,1,0
65,APAC,3784.58,59.91,8,29.93,1,0.0,811,5.09,0.05,0.013,6,72.17,ISO9001+ISO14001,1,0
65,APAC,3784.58,59.91,8,33.32,1,0.0,960,4.38,0.017,0.021,10,60.51,ISO9001,1,0
65,APAC,3784.58,59.91,8,31.26,0,4.48,661,4.62,0.009,0.016,13,70.36,ISO9001,0,0
65,APAC,3784.58,59.91,8,35.89,1,0.0,911,4.94,0.013,0.016,9,82.19,ISO9001,1,0
65,APAC,3784.58,59.91,8,28.38,0,6.25,1361,4.95,0.058,0.018,20,65.09,ISO9001,1,0
65,APAC,3784.58,59.91,8,32.74,1,0.0,1168,5.33,0.053,0.003,5,87.03,None,0,0
65,APAC,3784.58,59.91,8,31.63,1,0.0,1194,4.34,0.023,0.033,35,53.23,None,0,0
65,APAC,3784.58,59.91,8,31.62,0,6.11,856,5.36,0.02,0.013,10,77.86,ISO9001,0,0
65,APAC,3784.58,59.91,8,29.59,1,0.0,565,5.5,0.072,0.03,23,69.24,None,0,0
65,APAC,3784.58,59.91,8,32.85,1,0.0,958,4.93,0.0,0.021,21,63.68,ISO9001,1,0
65,APAC,3784.58,59.91,8,33.23,1,0.0,1359,3.59,0.003,0.035,52,80.53,ISO9001+ISO14001,1,0
65,APAC,3784.58,59.91,8,32.94,0,5.79,980,4.16,0.064,0.023,18,71.14,None,0,0
65,APAC,3784.58,59.91,8,35.57,1,0.0,1462,4.74,0.026,0.009,14,80.56,ISO9001,0,0
65,APAC,3784.58,59.91,8,33.95,1,0.0,744,5.66,0.031,0.007,4,75.68,ISO9001,1,0
65,APAC,3784.58,59.91,8,35.84,1,0.0,1559,4.92,0.059,0.0,0,94.95,None,1,0
65,APAC,3784.58,59.91,8,32.33,1,0.0,1148,4.61,0.024,0.0,0,81.79,None,0,0
65,APAC,3784.58,59.91,8,36.72,1,0.0,1051,3.84,0.038,0.016,20,86.07,ISO9001,0,0
65,APAC,3784.58,59.91,8,32.36,1,0.0,774,5.76,0.032,0.0,0,82.47,ISO9001,1,0
65,APAC,3784.58,59.91,8,29.84,1,0.0,771,6.71,0.046,0.0,0,84.54,ISO9001+ISO14001,0,0
65,APAC,3784.58,59.91,8,31.22,1,0.0,1426,4.67,0.02,0.029,50,69.86,None,1,0
65,APAC,3784.58,59.91,8,35.54,1,0.0,899,5.85,0.063,0.003,2,64.61,None,0,0
65,APAC,3784.58,59.91,8,32.4,0,6.27,1011,5.26,0.009,0.0,0,79.22,None,0,0
65,APAC,3784.58,59.91,8,31.82,0,5.66,667,4.76,0.051,0.022,13,83.16,None,0,0
65,APAC,3784.58,59.91,8,37.38,0,6.45,1304,5.05,0.012,0.015,18,89.53,ISO9001,1,0
65,APAC,3784.58,59.91,8,35.02,0,9.09,844,5.64,0.034,0.017,12,80.41,ISO9001,1,0
65,APAC,3784.58,59.91,8,30.42,1,0.0,1073,5.05,0.05,0.01,10,72.38,ISO9001+ISO14001,1,0
65,APAC,3784.58,59.91,8,36.97,1,0.0,1130,5.14,0.031,0.02,27,86.09,ISO9001,1,0
65,APAC,3784.58,59.91,8,35.72,1,0.0,957,4.89,0.027,0.001,1,75.57,None,0,0
65,APAC,3784.58,59.91,8,31.46,1,0.0,1431,4.68,0.063,0.015,20,81.16,ISO9001,1,0
65,APAC,3784.58,59.91,8,33.56,0,3.65,1246,4.11,0.024,0.037,55,78.96,ISO9001+ISO14001,0,0
65,APAC,3784.58,59.91,8,33.89,1,0.0,1086,4.91,0.029,0.024,25,82.89,ISO9001,1,0
65,APAC,3784.58,59.91,8,38.74,0,7.97,731,5.69,0.038,0.027,16,73.16,None,0,0
65,APAC,3784.58,59.91,8,33.7,1,0.0,1505,4.86,0.0,0.032,46,86.42,ISO9001,1,0
65,APAC,3784.58,59.91,8,34.35,1,0.0,963,5.25,0.032,0.017,12,90.5,ISO9001,1,0
65,APAC,3784.58,59.91,8,34.97,1,0.0,1218,3.85,0.059,0.008,10,74.82,None,0,0
65,APAC,3784.58,59.91,8,32.72,1,0.0,1180,6.25,0.025,0.013,26,71.18,None,0,0
65,APAC,3784.58,59.91,8,31.86,1,0.0,884,4.54,0.034,0.012,14,100.0,None,0,0
65,APAC,3784.58,59.91,8,28.25,0,3.92,790,3.73,0.026,0.014,12,70.16,None,0,0
65,APAC,3784.58,59.91,8,30.68,0,4.15,1201,5.72,0.014,0.018,18,82.12,ISO9001,0,0
65,APAC,3784.58,59.91,8,34.03,0,3.28,1227,4.97,0.044,0.017,17,67.98,None,0,0
65,APAC,3784.58,59.91,8,29.42,1,0.0,1560,3.66,0.054,0.015,31,82.58,ISO9001,1,0
65,APAC,3784.58,59.91,8,35.81,1,0.0,1366,5.2,0.008,0.018,28,76.68,ISO9001+ISO14001,1,0
65,APAC,3784.58,59.91,8,38.95,1,0.0,996,4.05,0.047,0.018,15,87.43,ISO9001,0,0
65,APAC,3784.58,59.91,8,31.07,0,8.82,1289,5.65,0.042,0.027,27,73.68,ISO9001,0,0
65,APAC,3784.58,59.91,8,26.94,1,0.0,1196,4.47,0.026,0.022,23,83.81,ISO9001,0,0
65,APAC,3784.58,59.91,8,34.45,0,4.99,927,4.8,0.049,0.007,4,68.88,ISO9001,0,0
65,APAC,3784.58,59.91,8,40.16,1,0.0,1263,5.47,0.061,0.036,51,82.37,ISO9001,1,0
65,APAC,3784.58,59.91,8,37.6,1,0.0,1318,6.42,0.05,0.011,20,77.74,None,0,0
65,APAC,3784.58,59.91,8,35.73,0,9.5,868,5.18,0.049,0.026,20,81.85,ISO9001,1,0
65,APAC,3784.58,59.91,8,35.96,1,0.0,719,3.52,0.037,0.011,8,76.75,None,0,0
65,APAC,3784.58,59.91,8,32.1,1,0.0,789,4.31,0.038,0.028,22,67.73,ISO9001+ISO14001,0,0
65,APAC,3784.58,59.91,8,34.65,0,7.14,940,5.13,0.023,0.018,15,55.19,ISO9001,0,0
65,APAC,3784.58,59.91,8,33.74,1,0.0,1086,5.84,0.023,0.005,4,65.67,ISO9001,1,0
65,APAC,3784.58,59.91,8,35.58,1,0.0,751,5.53,0.057,0.012,7,84.03,None,1,0
65,APAC,3784.58,59.91,8,32.76,1,0.0,580,4.16,0.021,0.022,8,80.37,ISO9001+ISO14001,0,0
65,APAC,3784.58,59.91,8,33.03,1,0.0,755,5.6,0.033,0.038,22,83.16,ISO9001,0,0
65,APAC,3784.58,59.91,8,26.96,1,0.0,1243,7.13,0.077,0.022,23,66.1,None,0,0
65,APAC,3784.58,59.91,8,33.03,1,0.0,1170,5.57,0.016,0.017,19,62.45,ISO9001,0,0
65,APAC,3784.58,59.91,8,29.72,1,0.0,742,3.96,0.057,0.025,19,64.14,ISO9001+ISO14001,1,0
66,EMEA,2222.77,71.42,2,28.75,0,1.0,601,5.42,0.046,0.026,11,61.19,ISO9001,1,0
66,EMEA,2222.77,71.42,2,30.93,1,0.0,1226,3.88,0.048,0.046,51,91.22,None,0,0
66,EMEA,2222.77,71.42,2,24.56,0,8.67,1105,5.31,0.039,0.031,32,69.75,ISO9001,1,0
66,EMEA,2222.77,71.42,2,22.29,0,5.27,1050,5.87,0.061,0.042,51,72.34,ISO9001,1,0
66,EMEA,2222.77,71.42,2,24.85,1,0.0,1059,4.52,0.061,0.044,37,80.56,ISO9001+ISO14001,0,0
66,EMEA,2222.77,71.42,2,29.66,0,2.17,912,3.04,0.031,0.018,16,73.95,ISO9001,1,0
66,EMEA,2222.77,71.42,2,24.16,1,0.0,1372,4.37,0.007,0.043,63,80.52,None,1,0
66,EMEA,2222.77,71.42,2,27.77,1,0.0,1239,4.81,0.029,0.034,47,64.65,ISO9001,1,0
66,EMEA,2222.77,71.42,2,25.21,0,3.6,1243,4.94,0.046,0.009,19,78.38,ISO9001+ISO14001,1,0
66,EMEA,2222.77,71.42,2,27.59,1,0.0,816,4.33,0.013,0.029,23,73.02,None,0,0
66,EMEA,2222.77,71.42,2,26.76,1,0.0,596,5.17,0.06,0.02,12,93.73,ISO9001+ISO14001,0,0
66,EMEA,2222.77,71.42,2,25.71,0,1.0,1210,3.66,0.066,0.018,19,67.35,ISO9001,0,0
66,EMEA,2222.77,71.42,2,26.15,1,0.0,946,5.23,0.073,0.002,4,71.9,ISO9001+ISO14001,0,0
66,EMEA,2222.77,71.42,2,24.49,1,0.0,1463,5.21,0.084,0.017,25,65.52,ISO9001+ISO14001,1,0
66,EMEA,2222.77,71.42,2,28.78,1,0.0,1079,4.08,0.024,0.031,38,78.68,ISO9001+ISO14001,1,0
67,APAC,3388.38,75.7,9,26.91,1,0.0,1276,4.63,0.026,0.031,43,80.32,ISO9001,1,0
67,APAC,3388.38,75.7,9,33.14,1,0.0,1347,5.09,0.037,0.014,16,89.49,None,0,0
67,APAC,3388.38,75.7,9,29.78,1,0.0,1247,5.26,0.04,0.014,22,77.11,ISO9001+ISO14001,1,0
67,APAC,3388.38,75.7,9,35.71,1,0.0,1005,5.18,0.053,0.02,18,72.84,ISO9001,1,0
67,APAC,3388.38,75.7,9,31.17,1,0.0,1314,5.27,0.053,0.009,8,85.92,ISO9001,0,0
67,APAC,3388.38,75.7,9,29.58,0,5.02,1036,4.97,0.075,0.022,24,80.02,ISO9001,1,0
67,APAC,3388.38,75.7,9,29.2,0,2.84,1415,5.97,0.005,0.03,36,88.71,ISO9001,0,0
67,APAC,3388.38,75.7,9,36.62,1,0.0,893,5.39,0.036,0.003,3,85.88,ISO9001+ISO14001,0,0
67,APAC,3388.38,75.7,9,32.82,1,0.0,479,4.69,0.018,0.016,9,65.2,ISO9001+ISO14001,1,0
67,APAC,3388.38,75.7,9,37.17,1,0.0,1413,5.6,0.056,0.031,48,73.44,ISO9001+ISO14001,1,0
67,APAC,3388.38,75.7,9,29.27,1,0.0,1204,4.2,0.0,0.022,18,80.64,ISO9001+ISO14001,1,0
67,APAC,3388.38,75.7,9,27.74,1,0.0,1205,5.13,0.079,0.02,25,92.91,ISO9001,1,0
67,APAC,3388.38,75.7,9,28.19,1,0.0,952,5.74,0.001,0.025,18,74.93,ISO9001,1,0
67,APAC,3388.38,75.7,9,28.69,1,0.0,1002,5.57,0.075,0.016,17,94.24,ISO9001,1,0
67,APAC,3388.38,75.7,9,32.28,1,0.0,1045,4.76,0.047,0.007,5,68.12,None,0,0
67,APAC,3388.38,75.7,9,33.43,1,0.0,1276,5.32,0.054,0.01,13,83.03,None,0,0
67,APAC,3388.38,75.7,9,31.05,1,0.0,1019,6.11,0.049,0.022,27,79.03,None,0,0
67,APAC,3388.38,75.7,9,31.81,0,4.9,984,4.6,0.039,0.001,0,80.88,ISO9001+ISO14001,0,0
67,APAC,3388.38,75.7,9,39.67,1,0.0,1137,5.03,0.058,0.04,46,94.95,ISO9001,0,0
68,APAC,3159.51,57.67,4,30.82,1,0.0,828,5.26,0.021,0.031,32,84.0,ISO9001,1,0
68,APAC,3159.51,57.67,4,28.75,1,0.0,1272,4.07,0.045,0.038,60,55.15,ISO9001,1,0
68,APAC,3159.51,57.67,4,23.99,1,0.0,717,4.67,0.0,0.016,13,85.68,ISO9001+ISO14001,1,0
68,APAC,3159.51,57.67,4,32.64,1,0.0,987,5.46,0.046,0.019,17,73.95,ISO9001,0,0
68,APAC,3159.51,57.67,4,26.74,0,6.11,1085,5.23,0.069,0.029,39,64.62,ISO9001,1,1
68,APAC,3159.51,57.67,4,28.21,1,0.0,925,3.99,0.048,0.023,19,82.85,ISO9001,0,0
68,APAC,3159.51,57.67,4,26.43,1,0.0,850,5.57,0.01,0.008,4,57.25,ISO9001+ISO14001,0,0
68,APAC,3159.51,57.67,4,31.45,1,0.0,1356,5.14,0.051,0.022,25,76.25,None,0,0
68,APAC,3159.51,57.67,4,34.19,0,8.7,722,3.86,0.042,0.02,14,81.75,ISO9001,0,0
68,APAC,3159.51,57.67,4,27.45,1,0.0,986,4.9,0.042,0.013,13,76.99,ISO9001,0,0
68,APAC,3159.51,57.67,4,31.94,1,0.0,1153,6.03,0.078,0.012,12,84.29,None,0,0
68,APAC,3159.51,57.67,4,23.2,0,1.13,1357,5.18,0.049,0.022,26,80.11,ISO9001+ISO14001,1,0
68,APAC,3159.51,57.67,4,24.44,1,0.0,989,4.67,0.023,0.032,27,69.66,ISO9001,1,0
68,APAC,3159.51,57.67,4,35.19,1,0.0,751,4.37,0.043,0.024,18,91.61,ISO9001,1,0
68,APAC,3159.51,57.67,4,28.84,1,0.0,851,4.5,0.031,0.018,15,81.23,None,0,0
68,APAC,3159.51,57.67,4,36.55,1,0.0,1039,4.39,0.029,0.005,6,74.24,ISO9001,1,0
68,APAC,3159.51,57.67,4,26.56,1,0.0,530,5.75,0.031,0.019,10,91.96,ISO9001+ISO14001,1,0
68,APAC,3159.51,57.67,4,28.6,1,0.0,521,4.76,0.034,0.019,12,62.45,ISO9001,0,0
68,APAC,3159.51,57.67,4,30.38,1,0.0,1170,5.15,0.028,0.019,20,67.56,ISO9001,1,0
68,APAC,3159.51,57.67,4,32.7,1,0.0,1305,6.39,0.052,0.024,33,79.05,None,0,0
68,APAC,3159.51,57.67,4,29.8,1,0.0,653,5.62,0.045,0.024,11,59.92,ISO9001,1,0
68,APAC,3159.51,57.67,4,27.15,0,4.04,1406,4.22,0.022,0.01,22,77.83,ISO9001,1,0
68,APAC,3159.51,57.67,4,25.53,1,0.0,1103,4.34,0.055,0.008,8,70.47,ISO9001+ISO14001,1,0
69,APAC,3946.78,54.54,2,38.72,1,0.0,1038,4.57,0.004,0.021,21,79.54,None,0,0
69,APAC,3946.78,54.54,2,31.64,0,6.01,1225,5.16,0.056,0.029,29,69.37,None,0,1
69,APAC,3946.78,54.54,2,35.86,1,0.0,907,5.17,0.029,0.015,14,64.75,None,0,0
69,APAC,3946.78,54.54,2,34.77,1,0.0,604,5.09,0.059,0.014,13,65.03,None,0,0
69,APAC,3946.78,54.54,2,33.29,1,0.0,915,4.13,0.039,0.025,13,77.23,ISO9001,1,0
69,APAC,3946.78,54.54,2,40.03,0,11.25,715,5.14,0.047,0.035,23,74.19,ISO9001,1,0
69,APAC,3946.78,54.54,2,29.29,1,0.0,608,5.96,0.057,0.044,27,79.25,ISO9001+ISO14001,1,0
69,APAC,3946.78,54.54,2,34.76,0,5.04,726,4.54,0.001,0.03,27,66.9,None,0,0
69,APAC,3946.78,54.54,2,33.6,0,8.96,1054,4.9,0.066,0.032,38,72.38,ISO9001,1,1
69,APAC,3946.78,54.54,2,36.65,0,6.14,963,5.1,0.032,0.025,30,64.34,ISO9001,0,1
69,APAC,3946.78,54.54,2,34.53,1,0.0,1549,4.9,0.054,0.028,50,69.48,ISO9001,0,0
69,APAC,3946.78,54.54,2,33.85,1,0.0,1718,4.47,0.036,0.031,53,74.3,ISO9001+ISO14001,1,0
69,APAC,3946.78,54.54,2,33.13,0,6.76,1402,5.15,0.032,0.033,54,80.81,None,1,0
69,APAC,3946.78,54.54,2,30.54,1,0.0,1220,4.88,0.065,0.02,20,71.14,ISO9001,1,0
69,APAC,3946.78,54.54,2,38.83,0,8.93,1024,5.72,0.013,0.014,17,91.45,None,1,0
69,APAC,3946.78,54.54,2,33.48,1,0.0,1008,4.36,0.037,0.023,25,63.99,ISO9001,0,0
69,APAC,3946.78,54.54,2,35.41,0,9.36,1279,4.37,0.052,0.034,54,78.5,ISO9001,1,0
69,APAC,3946.78,54.54,2,34.32,1,0.0,1229,4.13,0.051,0.021,31,61.06,ISO9001,0,0
69,APAC,3946.78,54.54,2,36.33,1,0.0,1313,5.46,0.031,0.021,21,75.92,ISO9001,0,0
69,APAC,3946.78,54.54,2,27.65,1,0.0,1032,6.19,0.03,0.036,36,75.78,ISO9001+ISO14001,0,0
69,APAC,3946.78,54.54,2,37.14,0,6.51,977,4.87,0.042,0.028,23,70.0,None,0,0
69,APAC,3946.78,54.54,2,28.5,1,0.0,1096,3.14,0.018,0.025,23,51.74,ISO9001,0,0
69,APAC,3946.78,54.54,2,35.23,1,0.0,976,5.52,0.054,0.024,19,75.12,ISO9001,0,0
69,APAC,3946.78,54.54,2,36.84,1,0.0,796,4.08,0.0,0.037,32,77.65,ISO9001,1,0
69,APAC,3946.78,54.54,2,39.91,1,0.0,860,4.8,0.062,0.011,6,79.91,ISO9001+ISO14001,1,0
69,APAC,3946.78,54.54,2,32.12,1,0.0,1240,3.06,0.061,0.029,40,68.16,ISO9001+ISO14001,1,0
69,APAC,3946.78,54.54,2,35.67,1,0.0,1189,4.43,0.026,0.044,57,77.25,ISO9001,1,0
69,APAC,3946.78,54.54,2,32.21,0,4.01,988,4.84,0.0,0.026,21,86.39,None,0,0
69,APAC,3946.78,54.54,2,34.55,0,3.4,1006,4.73,0.027,0.039,44,75.22,ISO9001,1,0
69,APAC,3946.78,54.54,2,38.56,1,0.0,552,5.36,0.03,0.02,12,85.37,None,1,0
69,APAC,3946.78,54.54,2,31.22,1,0.0,1158,4.93,0.048,0.019,23,87.08,ISO9001,1,0
69,APAC,3946.78,54.54,2,29.5,1,0.0,1216,5.12,0.039,0.027,31,59.28,ISO9001,1,0
69,APAC,3946.78,54.54,2,31.87,1,0.0,834,4.61,0.054,0.032,30,74.85,ISO9001,0,0
69,APAC,3946.78,54.54,2,34.79,0,8.63,1504,5.23,0.034,0.037,32,80.45,ISO9001,1,0
69,APAC,3946.78,54.54,2,32.05,0,3.77,1314,4.59,0.046,0.021,25,78.0,ISO9001+ISO14001,1,0
69,APAC,3946.78,54.54,2,30.31,1,0.0,934,5.08,0.078,0.02,15,70.13,ISO9001,1,0
69,APAC,3946.78,54.54,2,35.78,1,0.0,1352,5.76,0.056,0.032,48,98.73,ISO9001,1,0
69,APAC,3946.78,54.54,2,40.28,1,0.0,1078,4.9,0.021,0.016,17,72.01,ISO9001,1,0
69,APAC,3946.78,54.54,2,35.58,1,0.0,1007,5.37,0.027,0.012,7,82.59,ISO9001+ISO14001,1,0
69,APAC,3946.78,54.54,2,37.64,1,0.0,438,4.48,0.046,0.016,10,84.53,ISO9001,1,0
69,APAC,3946.78,54.54,2,36.1,1,0.0,885,5.14,0.066,0.033,33,89.24,ISO9001,0,0
69,APAC,3946.78,54.54,2,31.11,1,0.0,1393,5.31,0.064,0.013,20,62.78,None,0,0
69,APAC,3946.78,54.54,2,34.11,0,4.46,1055,4.15,0.026,0.029,39,65.05,ISO9001,0,0
69,APAC,3946.78,54.54,2,38.27,1,0.0,1222,5.3,0.014,0.017,22,65.28,ISO9001,0,0
69,APAC,3946.78,54.54,2,30.87,1,0.0,1279,4.73,0.0,0.023,34,72.58,ISO9001,0,0
69,APAC,3946.78,54.54,2,36.57,1,0.0,841,5.45,0.045,0.025,23,65.58,ISO9001,1,0
69,APAC,3946.78,54.54,2,36.65,1,0.0,1371,3.72,0.043,0.018,26,67.77,ISO9001,1,0
69,APAC,3946.78,54.54,2,35.94,1,0.0,1136,5.08,0.08,0.011,7,72.76,ISO9001,1,0
69,APAC,3946.78,54.54,2,27.59,0,5.25,842,4.45,0.037,0.02,16,64.53,ISO9001,1,0
69,APAC,3946.78,54.54,2,34.69,1,0.0,889,5.69,0.01,0.027,18,68.9,ISO9001,1,0
69,APAC,3946.78,54.54,2,34.49,0,3.65,858,4.47,0.04,0.041,28,92.92,ISO9001+ISO14001,1,0
69,APAC,3946.78,54.54,2,33.3,1,0.0,941,6.04,0.024,0.026,27,67.74,ISO9001+ISO14001,1,0
69,APAC,3946.78,54.54,2,35.7,1,0.0,1007,5.33,0.03,0.042,41,91.62,ISO9001,1,0
69,APAC,3946.78,54.54,2,32.55,0,3.74,818,6.27,0.031,0.017,18,57.71,ISO9001+ISO14001,1,1
69,APAC,3946.78,54.54,2,34.43,1,0.0,980,4.54,0.058,0.04,37,78.68,ISO9001,0,0
69,APAC,3946.78,54.54,2,38.9,1,0.0,1116,4.31,0.025,0.037,36,63.35,None,0,0
69,APAC,3946.78,54.54,2,35.23,1,0.0,982,4.88,0.022,0.046,58,75.09,ISO9001,1,0
69,APAC,3946.78,54.54,2,34.39,1,0.0,1012,5.28,0.044,0.037,26,83.31,None,0,0
70,EMEA,3289.09,46.41,9,29.29,1,0.0,1166,4.21,0.042,0.028,25,67.62,ISO9001,1,0
70,EMEA,3289.09,46.41,9,31.95,1,0.0,625,4.0,0.058,0.02,17,75.5,None,0,0
70,EMEA,3289.09,46.41,9,36.57,0,10.39,722,5.4,0.052,0.011,13,67.89,ISO9001+ISO14001,1,1
70,EMEA,3289.09,46.41,9,32.04,1,0.0,1190,4.65,0.041,0.021,23,68.07,ISO9001,1,0
70,EMEA,3289.09,46.41,9,24.62,1,0.0,1387,3.72,0.056,0.024,37,64.43,ISO9001,1,0
70,EMEA,3289.09,46.41,9,26.86,0,6.07,574,4.73,0.039,0.007,4,87.11,None,0,0
70,EMEA,3289.09,46.41,9,33.28,0,7.48,1046,5.28,0.03,0.032,34,83.49,None,0,0
70,EMEA,3289.09,46.41,9,27.37,1,0.0,1123,5.63,0.025,0.022,28,79.5,ISO9001,1,0
70,EMEA,3289.09,46.41,9,28.45,1,0.0,823,5.3,0.02,0.019,16,85.58,None,0,0
70,EMEA,3289.09,46.41,9,33.26,1,0.0,951,5.05,0.021,0.029,31,83.57,ISO9001+ISO14001,0,0
70,EMEA,3289.09,46.41,9,34.58,1,0.0,1135,4.5,0.043,0.019,19,85.85,ISO9001,1,0
70,EMEA,3289.09,46.41,9,30.33,1,0.0,1180,4.62,0.03,0.034,45,70.34,ISO9001,1,0
70,EMEA,3289.09,46.41,9,25.21,1,0.0,1101,5.2,0.004,0.008,6,68.37,ISO9001,1,0
70,EMEA,3289.09,46.41,9,30.08,1,0.0,1011,5.4,0.026,0.016,18,80.69,ISO9001,1,0
70,EMEA,3289.09,46.41,9,35.13,1,0.0,1399,4.32,0.032,0.028,30,75.79,ISO9001,0,0
70,EMEA,3289.09,46.41,9,34.14,1,0.0,1205,4.79,0.023,0.035,43,70.99,ISO9001,1,0
70,EMEA,3289.09,46.41,9,28.51,1,0.0,954,5.1,0.057,0.02,16,70.13,None,0,0
70,EMEA,3289.09,46.41,9,30.02,1,0.0,625,4.0,0.002,0.02,20,80.66,ISO9001,1,0
70,EMEA,3289.09,46.41,9,31.8,1,0.0,1410,5.24,0.068,0.022,43,86.79,ISO9001,1,0
70,EMEA,3289.09,46.41,9,34.09,1,0.0,465,4.97,0.014,0.027,10,91.33,ISO9001+ISO14001,0,0
70,EMEA,3289.09,46.41,9,27.72,1,0.0,870,6.18,0.03,0.025,12,58.36,None,0,0
70,EMEA,3289.09,46.41,9,30.91,1,0.0,1119,5.32,0.014,0.009,10,81.71,ISO9001+ISO14001,0,0
70,EMEA,3289.09,46.41,9,33.29,0,6.43,1324,4.07,0.038,0.02,35,65.07,ISO9001,0,1
70,EMEA,3289.09,46.41,9,29.32,1,0.0,1117,5.35,0.065,0.019,18,68.0,None,0,0
70,EMEA,3289.09,46.41,9,33.28,1,0.0,1204,3.95,0.017,0.014,9,84.33,None,0,0
70,EMEA,3289.09,46.41,9,31.89,1,0.0,1001,4.57,0.065,0.023,19,90.85,ISO9001,0,0
70,EMEA,3289.09,46.41,9,35.37,0,7.33,911,4.92,0.031,0.011,11,64.01,ISO9001+ISO14001,0,1
70,EMEA,3289.09,46.41,9,36.28,0,10.03,883,5.48,0.025,0.012,8,73.35,None,1,0
70,EMEA,3289.09,46.41,9,27.2,1,0.0,1175,4.9,0.04,0.029,26,74.3,None,0,0
70,EMEA,3289.09,46.41,9,30.93,1,0.0,1049,5.69,0.029,0.024,24,67.35,ISO9001,1,0
70,EMEA,3289.09,46.41,9,29.73,0,4.69,613,4.45,0.031,0.014,2,72.76,ISO9001,1,0
70,EMEA,3289.09,46.41,9,32.49,1,0.0,824,4.4,0.0,0.027,28,86.4,ISO9001,1,0
70,EMEA,3289.09,46.41,9,28.53,1,0.0,1016,4.84,0.035,0.005,3,74.17,ISO9001,1,0
70,EMEA,3289.09,46.41,9,28.94,1,0.0,1044,6.57,0.025,0.041,43,66.31,ISO9001,1,0
70,EMEA,3289.09,46.41,9,35.13,1,0.0,1043,5.6,0.062,0.015,17,78.01,ISO9001+ISO14001,1,0
70,EMEA,3289.09,46.41,9,24.85,1,0.0,939,3.76,0.042,0.013,9,75.91,ISO9001,0,0
70,EMEA,3289.09,46.41,9,25.67,0,7.39,674,5.44,0.053,0.016,11,56.62,ISO9001,1,1
70,EMEA,3289.09,46.41,9,35.76,1,0.0,1171,5.2,0.041,0.009,15,68.42,ISO9001+ISO14001,1,0
70,EMEA,3289.09,46.41,9,30.8,1,0.0,1008,5.42,0.039,0.025,19,70.46,ISO9001,1,0
70,EMEA,3289.09,46.41,9,33.69,1,0.0,797,5.65,0.039,0.023,23,68.99,ISO9001+ISO14001,1,0
70,EMEA,3289.09,46.41,9,32.22,1,0.0,990,4.67,0.011,0.022,14,76.9,ISO9001,1,0
70,EMEA,3289.09,46.41,9,34.19,1,0.0,760,6.13,0.037,0.029,27,76.91,ISO9001+ISO14001,0,0
70,EMEA,3289.09,46.41,9,27.74,0,5.27,784,3.54,0.027,0.011,8,75.93,ISO9001+ISO14001,1,0
70,EMEA,3289.09,46.41,9,29.54,0,9.81,1190,4.61,0.044,0.005,3,68.18,ISO9001,1,1
70,EMEA,3289.09,46.41,9,28.13,1,0.0,846,4.51,0.025,0.015,13,83.35,ISO9001,1,0
70,EMEA,3289.09,46.41,9,35.06,1,0.0,924,4.4,0.037,0.015,12,80.63,ISO9001,1,0
71,EMEA,2248.98,73.83,4,23.53,0,4.3,1165,4.53,0.025,0.016,16,93.37,ISO9001+ISO14001,1,0
71,EMEA,2248.98,73.83,4,31.4,1,0.0,941,4.58,0.059,0.01,12,82.47,ISO9001,1,0
71,EMEA,2248.98,73.83,4,27.11,1,0.0,919,5.5,0.03,0.026,28,72.86,ISO9001+ISO14001,0,0
71,EMEA,2248.98,73.83,4,30.8,1,0.0,1063,5.31,0.0,0.0,1,62.31,ISO9001+ISO14001,1,0
71,EMEA,2248.98,73.83,4,25.92,1,0.0,1550,4.39,0.041,0.017,38,87.85,ISO9001,1,0
71,EMEA,2248.98,73.83,4,23.76,0,5.17,876,3.8,0.019,0.001,0,69.68,None,1,0
71,EMEA,2248.98,73.83,4,30.48,1,0.0,1113,4.07,0.062,0.037,41,75.31,None,1,0
71,EMEA,2248.98,73.83,4,27.48,1,0.0,1127,4.62,0.024,0.014,15,70.44,ISO9001,0,0
71,EMEA,2248.98,73.83,4,26.32,1,0.0,1010,5.59,0.065,0.018,17,71.39,None,0,0
71,EMEA,2248.98,73.83,4,28.02,0,5.34,714,5.77,0.04,0.013,11,62.69,ISO9001+ISO14001,0,0
71,EMEA,2248.98,73.83,4,20.36,1,0.0,983,5.07,0.012,0.028,24,82.81,ISO9001,0,0
71,EMEA,2248.98,73.83,4,24.95,1,0.0,878,4.85,0.01,0.019,19,84.86,ISO9001,0,0
71,EMEA,2248.98,73.83,4,26.82,1,0.0,1338,4.0,0.024,0.041,67,73.85,ISO9001,1,0
71,EMEA,2248.98,73.83,4,30.59,1,0.0,1012,5.3,0.033,0.016,23,91.09,ISO9001+ISO14001,1,0
71,EMEA,2248.98,73.83,4,25.14,1,0.0,1169,5.28,0.053,0.017,22,76.88,ISO9001,1,0
71,EMEA,2248.98,73.83,4,25.69,1,0.0,975,5.1,0.058,0.007,12,80.59,ISO9001,0,0
71,EMEA,2248.98,73.83,4,22.62,1,0.0,868,4.79,0.023,0.035,27,75.05,None,0,0
71,EMEA,2248.98,73.83,4,23.03,1,0.0,697,5.28,0.022,0.012,6,75.81,ISO9001+ISO14001,0,0
71,EMEA,2248.98,73.83,4,24.93,1,0.0,966,4.49,0.065,0.02,26,83.69,ISO9001+ISO14001,1,0
71,EMEA,2248.98,73.83,4,29.7,1,0.0,1063,4.1,0.018,0.017,14,76.75,None,0,0
71,EMEA,2248.98,73.83,4,27.63,1,0.0,677,4.78,0.036,0.033,13,89.26,ISO9001+ISO14001,0,0
71,EMEA,2248.98,73.83,4,26.85,0,10.09,1199,4.96,0.023,0.006,3,76.39,ISO9001,1,0
71,EMEA,2248.98,73.83,4,25.62,1,0.0,571,5.52,0.027,0.024,14,70.16,ISO9001,0,0
71,EMEA,2248.98,73.83,4,34.37,0,6.6,971,4.65,0.032,0.017,18,74.07,None,0,0
71,EMEA,2248.98,73.83,4,22.75,1,0.0,1241,4.25,0.031,0.019,25,76.92,None,0,0
71,EMEA,2248.98,73.83,4,28.94,0,5.45,1170,4.65,0.011,0.024,38,84.1,ISO9001,0,0
71,EMEA,2248.98,73.83,4,25.1,1,0.0,1298,5.46,0.025,0.018,24,68.94,None,0,0
71,EMEA,2248.98,73.83,4,27.91,1,0.0,1023,6.18,0.015,0.029,27,73.56,None,0,0
71,EMEA,2248.98,73.83,4,33.35,1,0.0,615,5.76,0.038,0.026,13,77.56,ISO9001,1,0
71,EMEA,2248.98,73.83,4,25.68,1,0.0,600,4.44,0.035,0.021,7,73.27,ISO9001+ISO14001,0,0
71,EMEA,2248.98,73.83,4,28.85,1,0.0,816,5.68,0.032,0.009,7,93.27,None,0,0
71,EMEA,2248.98,73.83,4,30.2,1,0.0,1003,6.29,0.033,0.011,13,78.16,ISO9001+ISO14001,1,0
71,EMEA,2248.98,73.83,4,26.31,1,0.0,1158,4.24,0.056,0.024,22,74.17,None,1,0
71,EMEA,2248.98,73.83,4,27.16,1,0.0,1092,4.78,0.069,0.013,21,74.58,ISO9001,1,0
71,EMEA,2248.98,73.83,4,30.64,1,0.0,1144,5.43,0.05,0.039,52,66.75,ISO9001,1,0
71,EMEA,2248.98,73.83,4,22.87,1,0.0,726,5.06,0.057,0.012,7,70.88,ISO9001+ISO14001,0,0
71,EMEA,2248.98,73.83,4,26.93,1,0.0,702,5.58,0.014,0.026,22,81.68,ISO9001,1,0
71,EMEA,2248.98,73.83,4,29.66,1,0.0,1547,4.46,0.058,0.001,0,75.5,None,1,0
71,EMEA,2248.98,73.83,4,27.94,1,0.0,1250,4.26,0.021,0.012,16,73.11,ISO9001+ISO14001,0,0
71,EMEA,2248.98,73.83,4,19.51,1,0.0,1523,5.29,0.029,0.008,14,80.56,ISO9001,0,0
71,EMEA,2248.98,73.83,4,26.59,1,0.0,1080,4.99,0.037,0.01,7,77.28,ISO9001,1,0
71,EMEA,2248.98,73.83,4,26.75,1,0.0,1262,3.74,0.007,0.027,34,81.96,ISO9001,1,0
71,EMEA,2248.98,73.83,4,27.3,1,0.0,1113,4.6,0.024,0.02,18,79.6,ISO9001+ISO14001,0,0
71,EMEA,2248.98,73.83,4,25.36,1,0.0,728,5.08,0.063,0.007,5,81.03,ISO9001,1,0
71,EMEA,2248.98,73.83,4,21.28,1,0.0,889,4.99,0.036,0.029,27,74.95,ISO9001+ISO14001,1,0
71,EMEA,2248.98,73.83,4,27.06,0,6.07,984,6.79,0.0,0.006,5,67.76,ISO9001+ISO14001,0,0
71,EMEA,2248.98,73.83,4,26.42,1,0.0,880,4.38,0.035,0.013,7,72.92,ISO9001+ISO14001,1,0
71,EMEA,2248.98,73.83,4,30.38,1,0.0,1154,5.02,0.022,0.002,1,76.87,ISO9001,1,0
71,EMEA,2248.98,73.83,4,28.39,1,0.0,1688,5.76,0.0,0.023,28,79.7,ISO9001,0,0
71,EMEA,2248.98,73.83,4,29.75,1,0.0,676,5.37,0.038,0.026,26,73.86,ISO9001,0,0
71,EMEA,2248.98,73.83,4,27.52,1,0.0,1234,4.36,0.052,0.019,34,83.27,ISO9001,0,0
71,EMEA,2248.98,73.83,4,28.96,1,0.0,939,5.01,0.024,0.017,15,79.98,None,0,0
71,EMEA,2248.98,73.83,4,27.31,1,0.0,1115,5.31,0.006,0.02,13,73.86,ISO9001,1,0
71,EMEA,2248.98,73.83,4,26.03,0,5.59,442,5.05,0.045,0.024,7,89.76,ISO9001,1,0
72,AMER,1018.15,59.88,9,16.94,1,0.0,1288,5.1,0.001,0.022,31,87.15,ISO9001+ISO14001,1,0
72,AMER,1018.15,59.88,9,21.06,1,0.0,871,4.7,0.04,0.042,40,100.0,ISO9001,0,0
72,AMER,1018.15,59.88,9,21.83,0,3.89,590,4.96,0.022,0.018,15,62.09,ISO9001+ISO14001,1,0
72,AMER,1018.15,59.88,9,19.63,0,2.86,867,4.67,0.023,0.01,5,71.66,ISO9001,0,0
72,AMER,1018.15,59.88,9,24.81,1,0.0,663,5.68,0.034,0.021,13,88.82,ISO9001,0,0
72,AMER,1018.15,59.88,9,22.65,1,0.0,981,5.05,0.034,0.017,10,78.85,ISO9001+ISO14001,1,0
72,AMER,1018.15,59.88,9,20.97,0,6.52,1034,4.84,0.059,0.023,21,84.64,ISO9001,1,0
72,AMER,1018.15,59.88,9,23.55,1,0.0,1291,4.48,0.041,0.018,33,67.36,ISO9001,1,0
72,AMER,1018.15,59.88,9,21.06,1,0.0,1655,4.39,0.047,0.013,20,80.98,None,1,0
72,AMER,1018.15,59.88,9,26.33,1,0.0,573,4.92,0.028,0.002,2,79.04,ISO9001+ISO14001,0,0
72,AMER,1018.15,59.88,9,23.47,0,3.82,1311,6.3,0.0,0.015,23,90.78,ISO9001,1,0
72,AMER,1018.15,59.88,9,26.34,1,0.0,608,5.5,0.031,0.019,16,65.87,ISO9001,1,0
72,AMER,1018.15,59.88,9,19.34,1,0.0,1356,5.92,0.006,0.022,28,74.55,None,0,0
72,AMER,1018.15,59.88,9,26.63,1,0.0,769,5.05,0.044,0.028,17,76.87,None,1,0
72,AMER,1018.15,59.88,9,24.08,0,7.62,1086,5.02,0.014,0.02,25,97.1,ISO9001,1,0
72,AMER,1018.15,59.88,9,23.46,1,0.0,995,4.12,0.043,0.024,38,34.94,None,0,0
72,AMER,1018.15,59.88,9,19.5,1,0.0,1030,6.29,0.042,0.04,54,80.96,ISO9001,1,0
72,AMER,1018.15,59.88,9,26.37,0,4.13,904,5.2,0.036,0.003,2,65.97,None,0,0
72,AMER,1018.15,59.88,9,22.18,1,0.0,1078,4.57,0.057,0.026,40,77.54,ISO9001,1,0
72,AMER,1018.15,59.88,9,20.92,1,0.0,985,4.54,0.067,0.016,16,82.13,None,0,0
72,AMER,1018.15,59.88,9,21.27,1,0.0,935,4.76,0.032,0.015,11,74.57,None,1,0
72,AMER,1018.15,59.88,9,27.31,1,0.0,1424,5.11,0.07,0.016,34,89.84,ISO9001,1,0
72,AMER,1018.15,59.88,9,19.89,0,4.85,774,5.9,0.032,0.023,19,87.94,ISO9001+ISO14001,1,0
72,AMER,1018.15,59.88,9,18.28,0,1.97,826,4.56,0.045,0.004,3,61.71,None,0,0
73,APAC,3451.9,68.91,5,34.5,0,8.8,1027,5.5,0.075,0.002,3,61.55,ISO9001,1,0
73,APAC,3451.9,68.91,5,32.23,1,0.0,1438,5.86,0.044,0.022,18,82.14,ISO9001,0,0
73,APAC,3451.9,68.91,5,33.96,1,0.0,984,4.93,0.027,0.017,20,76.12,None,0,0
73,APAC,3451.9,68.91,5,36.81,1,0.0,1411,5.71,0.037,0.014,21,65.41,ISO9001+ISO14001,1,0
73,APAC,3451.9,68.91,5,26.77,1,0.0,1070,4.69,0.028,0.022,22,80.93,ISO9001,1,0
73,APAC,3451.9,68.91,5,29.22,1,0.0,884,4.89,0.042,0.028,16,72.07,ISO9001,1,0
73,APAC,3451.9,68.91,5,32.61,1,0.0,666,4.16,0.04,0.034,21,79.08,ISO9001,1,0
73,APAC,3451.9,68.91,5,30.33,1,0.0,1153,5.62,0.048,0.016,24,80.64,ISO9001+ISO14001,0,0
73,APAC,3451.9,68.91,5,32.69,1,0.0,1023,4.24,0.017,0.021,29,69.62,ISO9001,1,0
73,APAC,3451.9,68.91,5,33.01,1,0.0,759,5.14,0.029,0.025,21,85.75,ISO9001,0,0
73,APAC,3451.9,68.91,5,28.66,1,0.0,1391,3.87,0.049,0.021,22,62.53,ISO9001,0,0
73,APAC,3451.9,68.91,5,37.8,1,0.0,879,4.11,0.039,0.006,8,71.8,None,0,0
73,APAC,3451.9,68.91,5,34.52,1,0.0,1177,4.91,0.013,0.027,39,74.26,ISO9001+ISO14001,0,0
73,APAC,3451.9,68.91,5,35.23,1,0.0,789,5.19,0.049,0.025,26,60.17,ISO9001,1,0
73,APAC,3451.9,68.91,5,27.42,1,0.0,967,3.91,0.0,0.021,19,68.68,ISO9001,1,0
73,APAC,3451.9,68.91,5,29.42,0,6.24,733,5.43,0.041,0.021,11,78.21,ISO9001,0,0
73,APAC,3451.9,68.91,5,31.38,1,0.0,1359,5.12,0.051,0.04,49,88.92,ISO9001+ISO14001,0,0
73,APAC,3451.9,68.91,5,36.54,1,0.0,944,5.11,0.039,0.022,24,78.09,ISO9001,1,0
73,APAC,3451.9,68.91,5,27.52,0,6.07,1025,5.22,0.075,0.023,18,61.33,ISO9001,0,0
73,APAC,3451.9,68.91,5,37.58,1,0.0,1037,5.19,0.05,0.021,20,70.59,ISO9001+ISO14001,1,0
73,APAC,3451.9,68.91,5,31.87,1,0.0,849,4.33,0.014,0.02,11,68.2,ISO9001,0,0
73,APAC,3451.9,68.91,5,29.12,1,0.0,391,5.21,0.033,0.036,14,70.83,ISO9001,1,0
73,APAC,3451.9,68.91,5,37.88,1,0.0,1296,4.8,0.049,0.014,25,69.17,ISO9001,1,0
73,APAC,3451.9,68.91,5,33.91,1,0.0,1286,4.46,0.027,0.022,26,81.43,None,0,0
73,APAC,3451.9,68.91,5,34.85,1,0.0,1246,5.05,0.036,0.012,16,71.78,None,0,0
73,APAC,3451.9,68.91,5,26.85,1,0.0,904,4.44,0.073,0.029,30,64.4,ISO9001+ISO14001,1,0
73,APAC,3451.9,68.91,5,27.39,1,0.0,1110,4.21,0.041,0.027,24,68.39,ISO9001+ISO14001,0,0
73,APAC,3451.9,68.91,5,32.9,1,0.0,1194,4.78,0.041,0.023,28,74.65,ISO9001,1,0
73,APAC,3451.9,68.91,5,33.04,1,0.0,1135,4.72,0.034,0.027,27,53.76,None,0,0
73,APAC,3451.9,68.91,5,30.76,1,0.0,797,5.11,0.052,0.027,24,84.53,ISO9001,0,0
73,APAC,3451.9,68.91,5,36.25,0,5.57,842,4.76,0.051,0.027,24,76.73,ISO9001,1,0
73,APAC,3451.9,68.91,5,31.07,1,0.0,256,5.11,0.046,0.015,1,88.46,ISO9001,1,0
73,APAC,3451.9,68.91,5,27.03,1,0.0,1023,5.08,0.0,0.007,10,71.69,ISO9001,1,0
73,APAC,3451.9,68.91,5,28.37,1,0.0,1074,6.62,0.038,0.037,34,70.43,None,0,0
73,APAC,3451.9,68.91,5,35.39,1,0.0,1241,5.31,0.037,0.024,27,76.12,ISO9001,0,0
73,APAC,3451.9,68.91,5,32.92,1,0.0,355,5.35,0.024,0.028,5,66.48,ISO9001,1,0
73,APAC,3451.9,68.91,5,30.75,1,0.0,1077,3.95,0.061,0.032,29,77.97,ISO9001,1,0
73,APAC,3451.9,68.91,5,31.7,1,0.0,878,4.87,0.056,0.002,1,71.0,ISO9001,0,0
73,APAC,3451.9,68.91,5,28.93,1,0.0,1072,5.95,0.056,0.009,8,82.53,ISO9001,1,0
73,APAC,3451.9,68.91,5,28.36,1,0.0,1420,5.16,0.021,0.011,16,63.93,ISO9001,0,0
73,APAC,3451.9,68.91,5,35.06,1,0.0,1078,5.43,0.084,0.03,40,73.28,ISO9001,0,0
73,APAC,3451.9,68.91,5,31.84,1,0.0,750,5.17,0.011,0.034,29,71.28,ISO9001,1,0
73,APAC,3451.9,68.91,5,33.74,1,0.0,624,4.22,0.048,0.045,24,77.52,ISO9001,1,0
73,APAC,3451.9,68.91,5,29.21,1,0.0,842,5.01,0.022,0.011,9,67.52,ISO9001,1,0
73,APAC,3451.9,68.91,5,36.29,1,0.0,858,5.23,0.027,0.034,28,82.84,ISO9001,0,0
73,APAC,3451.9,68.91,5,31.99,1,0.0,716,4.91,0.02,0.022,17,83.43,ISO9001,1,0
73,APAC,3451.9,68.91,5,36.95,1,0.0,1349,4.51,0.016,0.025,38,73.61,ISO9001+ISO14001,1,0
74,APAC,3419.34,67.07,5,32.63,1,0.0,576,5.85,0.02,0.006,6,76.4,ISO9001+ISO14001,1,0
74,APAC,3419.34,67.07,5,33.03,1,0.0,1217,6.25,0.0,0.021,20,80.34,ISO9001+ISO14001,1,0
74,APAC,3419.34,67.07,5,33.51,1,0.0,1061,4.9,0.054,0.0,0,84.87,ISO9001,1,0
74,APAC,3419.34,67.07,5,32.83,1,0.0,1169,4.98,0.017,0.023,33,78.18,ISO9001,1,0
74,APAC,3419.34,67.07,5,28.41,1,0.0,999,4.98,0.029,0.024,20,70.74,ISO9001,1,0
74,APAC,3419.34,67.07,5,32.64,0,4.03,988,4.34,0.054,0.003,2,94.31,None,0,0
74,APAC,3419.34,67.07,5,33.54,1,0.0,1580,5.3,0.021,0.018,25,75.29,None,0,0
74,APAC,3419.34,67.07,5,30.11,0,5.94,1189,4.82,0.031,0.009,4,91.29,ISO9001+ISO14001,1,0
74,APAC,3419.34,67.07,5,34.33,1,0.0,689,5.44,0.0,0.041,27,88.63,None,1,0
74,APAC,3419.34,67.07,5,27.72,1,0.0,788,5.51,0.012,0.006,3,94.2,ISO9001,1,0
74,APAC,3419.34,67.07,5,35.77,1,0.0,597,3.58,0.019,0.016,3,78.35,None,0,0
74,APAC,3419.34,67.07,5,34.25,1,0.0,842,5.04,0.062,0.016,13,100.0,ISO9001,1,0
74,APAC,3419.34,67.07,5,25.36,1,0.0,999,4.6,0.017,0.008,10,69.18,ISO9001,1,0
74,APAC,3419.34,67.07,5,32.87,1,0.0,955,4.54,0.051,0.031,28,80.86,None,1,0
74,APAC,3419.34,67.07,5,33.24,1,0.0,692,5.77,0.078,0.02,11,78.94,ISO9001,0,0
74,APAC,3419.34,67.07,5,30.4,0,6.52,467,4.81,0.045,0.018,8,77.89,ISO9001,1,0
74,APAC,3419.34,67.07,5,32.35,1,0.0,1460,5.06,0.055,0.019,24,100.0,ISO9001+ISO14001,0,0
74,APAC,3419.34,67.07,5,28.86,1,0.0,1136,4.96,0.06,0.023,38,87.58,ISO9001,1,0
74,APAC,3419.34,67.07,5,34.46,1,0.0,1024,5.78,0.033,0.017,19,91.71,ISO9001,1,0
74,APAC,3419.34,67.07,5,32.32,1,0.0,1108,6.43,0.057,0.016,16,72.94,ISO9001+ISO14001,1,0
74,APAC,3419.34,67.07,5,35.91,0,9.39,823,4.95,0.035,0.006,3,83.49,ISO9001+ISO14001,1,0
74,APAC,3419.34,67.07,5,29.86,1,0.0,613,5.59,0.042,0.02,15,92.07,None,0,0
74,APAC,3419.34,67.07,5,35.94,1,0.0,1061,3.75,0.023,0.014,14,85.92,ISO9001+ISO14001,0,0
74,APAC,3419.34,67.07,5,30.21,1,0.0,1069,4.56,0.026,0.015,12,59.23,None,0,0
74,APAC,3419.34,67.07,5,29.67,1,0.0,889,4.4,0.045,0.012,11,82.65,ISO9001+ISO14001,0,0
74,APAC,3419.34,67.07,5,30.79,1,0.0,960,4.41,0.04,0.022,16,83.49,ISO9001+ISO14001,0,0
74,APAC,3419.34,67.07,5,26.51,1,0.0,1029,5.47,0.019,0.009,8,90.33,ISO9001,1,0
74,APAC,3419.34,67.07,5,30.89,1,0.0,356,5.69,0.02,0.014,7,81.26,ISO9001,1,0
74,APAC,3419.34,67.07,5,29.73,0,6.64,1044,4.68,0.031,0.031,31,85.69,ISO9001,1,0
74,APAC,3419.34,67.07,5,37.23,1,0.0,516,5.74,0.023,0.0,0,64.76,None,0,0
74,APAC,3419.34,67.07,5,29.44,1,0.0,1411,4.95,0.021,0.012,11,80.65,ISO9001,0,0
75,EMEA,1914.41,69.86,11,28.94,1,0.0,862,4.85,0.059,0.007,4,80.12,None,0,0
75,EMEA,1914.41,69.86,11,25.88,1,0.0,1427,5.49,0.024,0.011,17,82.25,ISO9001+ISO14001,1,0
75,EMEA,1914.41,69.86,11,22.92,1,0.0,514,6.76,0.049,0.007,6,72.03,ISO9001,0,0
75,EMEA,1914.41,69.86,11,22.65,0,4.42,1200,5.08,0.032,0.006,4,84.32,ISO9001,1,0
75,EMEA,1914.41,69.86,11,24.45,1,0.0,1024,5.38,0.008,0.0,0,86.87,ISO9001,0,0
75,EMEA,1914.41,69.86,11,22.75,1,0.0,1340,4.85,0.026,0.017,20,85.03,ISO9001,1,0
75,EMEA,1914.41,69.86,11,28.05,1,0.0,1529,4.6,0.036,0.012,18,81.54,ISO9001,1,0
75,EMEA,1914.41,69.86,11,28.82,1,0.0,919,5.48,0.039,0.01,10,69.84,ISO9001+ISO14001,1,0
75,EMEA,1914.41,69.86,11,25.36,1,0.0,862,7.11,0.003,0.006,8,60.77,ISO9001,0,0
75,EMEA,1914.41,69.86,11,27.05,1,0.0,1400,5.85,0.055,0.0,0,70.5,ISO9001,1,0
75,EMEA,1914.41,69.86,11,17.51,1,0.0,1094,5.99,0.009,0.005,5,69.13,ISO9001,1,0
75,EMEA,1914.41,69.86,11,20.5,1,0.0,1144,4.52,0.0,0.024,27,56.61,ISO9001,1,0
75,EMEA,1914.41,69.86,11,23.51,1,0.0,1221,5.2,0.008,0.025,28,91.44,None,0,0
75,EMEA,1914.41,69.86,11,24.98,1,0.0,811,4.54,0.019,0.019,16,81.5,ISO9001,1,0
75,EMEA,1914.41,69.86,11,25.45,1,0.0,844,4.22,0.027,0.003,3,78.2,None,0,0
75,EMEA,1914.41,69.86,11,24.3,1,0.0,710,5.43,0.032,0.015,14,72.43,ISO9001,1,0
75,EMEA,1914.41,69.86,11,20.45,1,0.0,631,3.89,0.033,0.006,3,98.7,ISO9001,1,0
75,EMEA,1914.41,69.86,11,25.96,1,0.0,880,4.02,0.046,0.019,16,83.1,ISO9001,0,0
75,EMEA,1914.41,69.86,11,27.6,1,0.0,1245,5.42,0.019,0.022,25,70.48,None,1,0
75,EMEA,1914.41,69.86,11,25.16,1,0.0,921,5.57,0.022,0.029,35,77.67,ISO9001,0,0
75,EMEA,1914.41,69.86,11,25.54,1,0.0,894,6.19,0.006,0.0,0,82.25,ISO9001,0,0
75,EMEA,1914.41,69.86,11,23.06,1,0.0,945,5.68,0.069,0.01,8,70.96,ISO9001,1,0
75,EMEA,1914.41,69.86,11,25.43,1,0.0,1177,4.86,0.017,0.026,33,61.75,ISO9001,1,0
75,EMEA,1914.41,69.86,11,26.42,1,0.0,712,5.36,0.055,0.0,0,80.19,ISO9001,0,0
75,EMEA,1914.41,69.86,11,26.86,1,0.0,895,5.71,0.012,0.008,4,74.85,None,0,0
75,EMEA,1914.41,69.86,11,29.83,1,0.0,1624,4.03,0.0,0.005,11,66.21,ISO9001,1,0
75,EMEA,1914.41,69.86,11,22.33,1,0.0,913,6.57,0.034,0.014,22,84.34,None,0,0
75,EMEA,1914.41,69.86,11,22.96,1,0.0,1044,4.17,0.032,0.0,0,62.03,None,0,0
75,EMEA,1914.41,69.86,11,28.39,0,2.65,765,4.82,0.028,0.016,8,77.03,ISO9001,0,0
75,EMEA,1914.41,69.86,11,26.97,0,6.11,1125,4.32,0.048,0.006,11,77.08,ISO9001,1,0
75,EMEA,1914.41,69.86,11,24.22,1,0.0,1164,4.52,0.038,0.014,14,84.34,ISO9001,1,0
75,EMEA,1914.41,69.86,11,26.02,1,0.0,1466,6.11,0.049,0.022,23,53.15,ISO9001,0,0
75,EMEA,1914.41,69.86,11,27.43,1,0.0,1133,5.35,0.038,0.011,10,73.21,ISO9001+ISO14001,0,0
75,EMEA,1914.41,69.86,11,28.84,1,0.0,928,4.52,0.044,0.004,1,55.27,ISO9001,0,0
75,EMEA,1914.41,69.86,11,25.6,1,0.0,1317,5.19,0.051,0.026,26,89.78,ISO9001+ISO14001,0,0
75,EMEA,1914.41,69.86,11,26.99,1,0.0,1195,4.65,0.045,0.007,8,86.82,ISO9001+ISO14001,0,0
75,EMEA,1914.41,69.86,11,24.44,0,1.44,1044,4.14,0.032,0.0,0,78.93,ISO9001+ISO14001,1,0
76,EMEA,2854.56,85.85,7,28.81,1,0.0,806,5.5,0.024,0.016,13,70.4,ISO9001,1,0
76,EMEA,2854.56,85.85,7,29.24,1,0.0,1137,5.68,0.029,0.008,9,93.89,ISO9001,0,0
76,EMEA,2854.56,85.85,7,32.59,1,0.0,896,5.26,0.0,0.014,24,90.97,None,0,0
76,EMEA,2854.56,85.85,7,28.51,1,0.0,1158,4.92,0.045,0.006,5,85.18,None,0,0
76,EMEA,2854.56,85.85,7,32.43,1,0.0,969,5.7,0.057,0.02,18,68.46,ISO9001,0,0
76,EMEA,2854.56,85.85,7,28.6,1,0.0,486,5.62,0.048,0.0,0,76.01,ISO9001,1,0
76,EMEA,2854.56,85.85,7,31.04,1,0.0,660,4.77,0.041,0.003,3,87.02,None,0,0
76,EMEA,2854.56,85.85,7,31.2,1,0.0,1144,4.58,0.0,0.005,9,93.97,ISO9001+ISO14001,0,0
76,EMEA,2854.56,85.85,7,28.81,1,0.0,708,4.81,0.048,0.013,14,76.81,ISO9001,1,0
76,EMEA,2854.56,85.85,7,25.97,1,0.0,1206,5.11,0.048,0.0,0,70.43,ISO9001,1,0
76,EMEA,2854.56,85.85,7,24.68,1,0.0,681,5.66,0.049,0.009,7,65.26,ISO9001,1,0
76,EMEA,2854.56,85.85,7,27.44,1,0.0,1011,4.82,0.03,0.012,17,91.31,ISO9001,1,0
76,EMEA,2854.56,85.85,7,29.16,1,0.0,1238,5.41,0.034,0.011,12,84.86,None,1,0
76,EMEA,2854.56,85.85,7,30.69,1,0.0,832,5.28,0.0,0.0,0,81.64,ISO9001,0,0
76,EMEA,2854.56,85.85,7,35.63,1,0.0,1436,5.93,0.016,0.01,12,82.9,None,0,0
77,EMEA,2634.47,54.26,9,31.5,1,0.0,640,6.21,0.029,0.026,11,87.62,ISO9001,0,0
77,EMEA,2634.47,54.26,9,32.11,1,0.0,1212,4.53,0.03,0.022,23,87.77,ISO9001+ISO14001,1,0
77,EMEA,2634.47,54.26,9,24.82,1,0.0,1754,4.94,0.024,0.021,29,85.59,None,0,0
77,EMEA,2634.47,54.26,9,26.54,1,0.0,1160,4.63,0.029,0.004,4,72.75,ISO9001,1,0
77,EMEA,2634.47,54.26,9,29.87,1,0.0,699,5.63,0.033,0.021,14,81.31,ISO9001,0,0
77,EMEA,2634.47,54.26,9,31.31,0,6.46,962,5.14,0.029,0.0,0,74.78,None,1,0
77,EMEA,2634.47,54.26,9,25.67,1,0.0,1011,5.3,0.072,0.022,19,84.99,ISO9001,1,0
77,EMEA,2634.47,54.26,9,23.46,1,0.0,1225,5.08,0.013,0.021,27,73.75,ISO9001,1,0
77,EMEA,2634.47,54.26,9,28.89,0,5.99,930,5.52,0.011,0.005,5,56.8,ISO9001,1,0
77,EMEA,2634.47,54.26,9,27.86,1,0.0,950,5.35,0.04,0.0,0,73.32,ISO9001+ISO14001,1,0
77,EMEA,2634.47,54.26,9,30.4,1,0.0,743,5.33,0.038,0.01,10,81.39,ISO9001,1,0
77,EMEA,2634.47,54.26,9,31.69,1,0.0,1481,5.16,0.025,0.019,25,68.9,ISO9001+ISO14001,1,0
77,EMEA,2634.47,54.26,9,30.01,1,0.0,965,5.57,0.052,0.012,18,90.22,None,0,0
77,EMEA,2634.47,54.26,9,30.89,1,0.0,614,4.92,0.051,0.012,12,87.19,ISO9001,1,0
77,EMEA,2634.47,54.26,9,28.63,1,0.0,1170,5.31,0.037,0.029,30,82.4,ISO9001+ISO14001,0,0
77,EMEA,2634.47,54.26,9,28.86,1,0.0,1185,5.09,0.032,0.006,3,71.24,ISO9001+ISO14001,1,0
77,EMEA,2634.47,54.26,9,28.93,1,0.0,906,4.74,0.062,0.022,12,62.76,ISO9001,1,0
77,EMEA,2634.47,54.26,9,27.16,1,0.0,603,4.6,0.07,0.013,9,73.85,None,1,0
77,EMEA,2634.47,54.26,9,28.0,0,5.72,1097,4.9,0.041,0.023,30,76.98,ISO9001+ISO14001,1,0
77,EMEA,2634.47,54.26,9,23.02,1,0.0,1467,5.53,0.039,0.012,11,82.36,ISO9001+ISO14001,1,0
77,EMEA,2634.47,54.26,9,26.66,1,0.0,843,4.66,0.032,0.022,18,76.59,ISO9001+ISO14001,0,0
77,EMEA,2634.47,54.26,9,33.45,0,7.07,1183,5.96,0.0,0.013,12,59.26,ISO9001,0,0
77,EMEA,2634.47,54.26,9,29.75,1,0.0,1235,4.93,0.047,0.047,75,74.16,None,0,0
77,EMEA,2634.47,54.26,9,31.3,1,0.0,1172,4.17,0.039,0.041,47,67.75,ISO9001,1,0
77,EMEA,2634.47,54.26,9,25.55,0,2.02,1072,5.71,0.037,0.017,18,89.84,ISO9001+ISO14001,1,0
77,EMEA,2634.47,54.26,9,33.26,1,0.0,1340,5.48,0.033,0.016,26,89.84,ISO9001+ISO14001,1,0
77,EMEA,2634.47,54.26,9,32.31,1,0.0,1093,5.68,0.002,0.003,4,73.59,ISO9001,1,0
77,EMEA,2634.47,54.26,9,27.38,1,0.0,973,5.42,0.056,0.025,19,92.94,ISO9001,0,0
77,EMEA,2634.47,54.26,9,23.16,1,0.0,1220,5.33,0.035,0.013,20,66.54,ISO9001,0,0
77,EMEA,2634.47,54.26,9,27.97,1,0.0,1346,4.63,0.043,0.029,34,93.81,ISO9001+ISO14001,0,0
77,EMEA,2634.47,54.26,9,31.46,0,7.06,794,5.19,0.021,0.013,13,79.79,None,0,0
77,EMEA,2634.47,54.26,9,27.91,1,0.0,1702,4.78,0.044,0.0,1,79.23,ISO9001+ISO14001,0,0
77,EMEA,2634.47,54.26,9,30.96,1,0.0,1057,5.4,0.038,0.011,6,79.56,None,0,0
77,EMEA,2634.47,54.26,9,27.57,1,0.0,1135,4.84,0.053,0.001,1,86.4,ISO9001,0,0
77,EMEA,2634.47,54.26,9,35.11,1,0.0,885,4.8,0.052,0.025,21,78.48,ISO9001+ISO14001,1,0
77,EMEA,2634.47,54.26,9,20.41,1,0.0,891,5.4,0.031,0.013,9,69.78,ISO9001+ISO14001,0,0
77,EMEA,2634.47,54.26,9,32.54,1,0.0,1125,4.72,0.035,0.02,12,53.68,None,0,0
77,EMEA,2634.47,54.26,9,31.2,1,0.0,1446,4.58,0.036,0.01,21,70.54,ISO9001,1,0
77,EMEA,2634.47,54.26,9,31.18,1,0.0,981,4.43,0.063,0.033,32,73.91,ISO9001,1,0
77,EMEA,2634.47,54.26,9,31.6,1,0.0,904,5.19,0.013,0.031,26,79.04,ISO9001,1,0
77,EMEA,2634.47,54.26,9,32.39,1,0.0,828,4.66,0.031,0.001,0,70.68,ISO9001+ISO14001,0,0
77,EMEA,2634.47,54.26,9,29.02,1,0.0,1123,5.63,0.034,0.006,7,95.25,ISO9001+ISO14001,0,0
78,EMEA,3468.79,71.79,9,28.66,1,0.0,893,5.09,0.043,0.011,5,81.28,ISO9001,1,0
78,EMEA,3468.79,71.79,9,32.94,1,0.0,776,5.19,0.049,0.009,6,79.53,ISO9001,1,0
78,EMEA,3468.79,71.79,9,38.94,1,0.0,928,4.61,0.025,0.019,21,46.11,ISO9001,0,0
78,EMEA,3468.79,71.79,9,32.18,1,0.0,955,4.02,0.05,0.008,6,85.32,ISO9001,0,0
78,EMEA,3468.79,71.79,9,33.47,1,0.0,990,4.54,0.039,0.021,27,80.64,ISO9001+ISO14001,1,0
78,EMEA,3468.79,71.79,9,37.89,0,8.06,536,4.69,0.014,0.019,8,86.89,ISO9001,0,0
78,EMEA,3468.79,71.79,9,30.59,1,0.0,953,5.59,0.074,0.005,2,84.37,ISO9001,1,0
78,EMEA,3468.79,71.79,9,32.97,1,0.0,1018,5.46,0.005,0.003,4,75.58,ISO9001+ISO14001,1,0
78,EMEA,3468.79,71.79,9,30.67,0,3.51,791,5.3,0.006,0.02,14,86.84,ISO9001,1,0
78,EMEA,3468.79,71.79,9,32.91,0,5.15,1274,4.8,0.016,0.003,8,84.32,ISO9001+ISO14001,0,0
78,EMEA,3468.79,71.79,9,32.72,1,0.0,1165,3.4,0.006,0.014,13,95.45,ISO9001+ISO14001,1,0
78,EMEA,3468.79,71.79,9,31.8,1,0.0,819,4.55,0.062,0.001,2,64.14,None,0,0
78,EMEA,3468.79,71.79,9,34.06,1,0.0,684,4.97,0.088,0.016,11,90.85,ISO9001+ISO14001,1,0
78,EMEA,3468.79,71.79,9,30.29,1,0.0,934,4.98,0.021,0.0,0,91.75,ISO9001,1,0
78,EMEA,3468.79,71.79,9,27.21,1,0.0,890,4.71,0.06,0.0,0,77.11,ISO9001,0,0
78,EMEA,3468.79,71.79,9,30.37,1,0.0,1200,4.51,0.036,0.001,2,84.79,ISO9001,1,0
78,EMEA,3468.79,71.79,9,33.08,1,0.0,1004,5.15,0.013,0.011,16,86.2,ISO9001,1,0
78,EMEA,3468.79,71.79,9,33.65,1,0.0,821,4.5,0.018,0.009,12,86.97,None,0,0
78,EMEA,3468.79,71.79,9,29.69,1,0.0,1250,4.55,0.006,0.009,14,99.61,ISO9001,0,0
78,EMEA,3468.79,71.79,9,34.04,1,0.0,730,4.93,0.047,0.007,7,73.58,ISO9001,1,0
78,EMEA,3468.79,71.79,9,28.1,1,0.0,822,5.7,0.064,0.001,0,85.93,ISO9001+ISO14001,0,0
78,EMEA,3468.79,71.79,9,30.96,1,0.0,1027,4.4,0.05,0.023,20,79.94,None,1,0
78,EMEA,3468.79,71.79,9,36.99,1,0.0,1268,6.23,0.012,0.016,26,80.69,ISO9001,0,0
78,EMEA,3468.79,71.79,9,27.08,1,0.0,654,4.81,0.068,0.0,0,75.33,ISO9001,0,0
78,EMEA,3468.79,71.79,9,30.93,1,0.0,807,4.91,0.005,0.0,0,91.77,ISO9001,0,0
78,EMEA,3468.79,71.79,9,31.39,0,4.55,1007,4.68,0.055,0.0,0,65.91,ISO9001,1,0
78,EMEA,3468.79,71.79,9,29.49,1,0.0,413,4.94,0.044,0.013,4,67.52,ISO9001,1,0
78,EMEA,3468.79,71.79,9,31.29,1,0.0,1222,4.82,0.0,0.001,2,89.15,ISO9001+ISO14001,1,0
78,EMEA,3468.79,71.79,9,33.78,0,3.72,993,4.61,0.03,0.003,1,72.34,ISO9001+ISO14001,1,0
78,EMEA,3468.79,71.79,9,37.7,1,0.0,1288,5.41,0.017,0.0,0,85.35,None,0,0
78,EMEA,3468.79,71.79,9,31.0,1,0.0,1479,4.02,0.039,0.029,44,81.64,None,0,0
78,EMEA,3468.79,71.79,9,32.39,1,0.0,819,5.02,0.042,0.003,1,84.77,None,0,0
78,EMEA,3468.79,71.79,9,31.54,1,0.0,821,5.62,0.055,0.004,5,82.65,ISO9001,1,0
78,EMEA,3468.79,71.79,9,33.35,1,0.0,1048,4.74,0.054,0.02,24,74.0,ISO9001,0,0
78,EMEA,3468.79,71.79,9,30.56,1,0.0,1680,4.9,0.047,0.0,0,94.25,None,0,0
78,EMEA,3468.79,71.79,9,32.59,1,0.0,1292,5.46,0.025,0.009,5,80.85,None,0,0
78,EMEA,3468.79,71.79,9,28.18,1,0.0,780,4.81,0.005,0.0,0,76.23,ISO9001,0,0
78,EMEA,3468.79,71.79,9,31.76,1,0.0,1136,5.21,0.025,0.017,22,85.75,ISO9001,1,0
78,EMEA,3468.79,71.79,9,31.39,1,0.0,816,5.45,0.05,0.009,6,92.7,ISO9001,0,0
78,EMEA,3468.79,71.79,9,28.7,1,0.0,784,4.65,0.037,0.007,1,73.42,ISO9001+ISO14001,1,0
78,EMEA,3468.79,71.79,9,31.67,1,0.0,901,5.68,0.029,0.001,0,68.85,None,0,0
78,EMEA,3468.79,71.79,9,26.06,1,0.0,1168,6.0,0.02,0.02,19,64.16,ISO9001,1,0
78,EMEA,3468.79,71.79,9,33.48,1,0.0,1189,3.94,0.064,0.006,6,100.0,ISO9001,1,0
78,EMEA,3468.79,71.79,9,31.84,1,0.0,1398,5.15,0.056,0.002,0,72.45,ISO9001,1,0
78,EMEA,3468.79,71.79,9,29.11,0,8.25,916,4.71,0.02,0.016,17,78.93,ISO9001,1,0
78,EMEA,3468.79,71.79,9,31.0,1,0.0,928,5.91,0.028,0.011,15,77.04,ISO9001,1,0
78,EMEA,3468.79,71.79,9,28.39,0,6.53,1309,5.33,0.029,0.0,0,90.16,ISO9001,1,0
78,EMEA,3468.79,71.79,9,31.7,1,0.0,968,5.24,0.022,0.004,4,92.47,ISO9001,0,0
78,EMEA,3468.79,71.79,9,29.48,1,0.0,1295,4.59,0.033,0.004,5,82.8,ISO9001+ISO14001,1,0
78,EMEA,3468.79,71.79,9,31.46,1,0.0,786,6.19,0.022,0.018,15,61.47,ISO9001,1,0
78,EMEA,3468.79,71.79,9,28.29,1,0.0,887,4.48,0.063,0.009,5,82.79,ISO9001+ISO14001,0,0
78,EMEA,3468.79,71.79,9,36.57,1,0.0,726,4.53,0.059,0.0,0,69.47,ISO9001,0,0
79,APAC,3400.67,87.34,6,33.29,1,0.0,1324,5.32,0.057,0.01,13,83.23,ISO9001,1,0
79,APAC,3400.67,87.34,6,28.61,1,0.0,690,4.68,0.0,0.0,1,68.32,None,1,0
79,APAC,3400.67,87.34,6,31.25,1,0.0,1203,5.64,0.062,0.007,15,65.97,ISO9001,0,0
79,APAC,3400.67,87.34,6,30.29,0,10.09,1099,4.75,0.035,0.001,1,100.0,None,0,0
79,APAC,3400.67,87.34,6,34.78,1,0.0,691,5.59,0.054,0.0,0,86.82,ISO9001+ISO14001,1,0
79,APAC,3400.67,87.34,6,33.13,1,0.0,1033,5.45,0.066,0.018,12,74.02,ISO9001,0,0
79,APAC,3400.67,87.34,6,27.87,1,0.0,837,5.82,0.013,0.006,4,79.67,ISO9001,0,0
79,APAC,3400.67,87.34,6,28.19,0,2.77,1298,4.86,0.034,0.01,12,65.13,ISO9001+ISO14001,1,0
79,APAC,3400.67,87.34,6,37.62,1,0.0,1132,4.39,0.083,0.011,12,64.22,ISO9001,0,0
79,APAC,3400.67,87.34,6,34.72,1,0.0,1172,5.19,0.035,0.006,5,84.08,ISO9001,1,0
79,APAC,3400.67,87.34,6,33.87,1,0.0,1710,5.43,0.044,0.0,0,91.25,ISO9001,1,0
79,APAC,3400.67,87.34,6,32.67,1,0.0,829,5.11,0.022,0.0,0,90.96,ISO9001,1,0
79,APAC,3400.67,87.34,6,30.18,1,0.0,615,5.61,0.04,0.0,0,65.78,ISO9001+ISO14001,0,0
79,APAC,3400.67,87.34,6,32.28,1,0.0,1266,4.56,0.041,0.008,7,85.24,None,0,0
79,APAC,3400.67,87.34,6,30.61,1,0.0,1030,4.41,0.0,0.02,19,87.8,ISO9001+ISO14001,1,0
79,APAC,3400.67,87.34,6,31.47,1,0.0,894,5.78,0.067,0.008,5,73.78,None,0,0
79,APAC,3400.67,87.34,6,33.59,1,0.0,1079,5.13,0.025,0.015,10,78.65,ISO9001,1,0
79,APAC,3400.67,87.34,6,30.82,1,0.0,995,5.39,0.05,0.001,0,78.44,None,0,0
79,APAC,3400.67,87.34,6,28.14,1,0.0,1007,4.27,0.04,0.0,0,65.81,ISO9001,1,0
79,APAC,3400.67,87.34,6,29.49,0,6.87,1051,5.63,0.037,0.023,24,83.8,ISO9001,1,0
79,APAC,3400.67,87.34,6,30.66,1,0.0,864,4.94,0.022,0.0,0,86.34,None,0,0
79,APAC,3400.67,87.34,6,31.01,1,0.0,870,5.33,0.023,0.018,22,83.17,ISO9001+ISO14001,0,0
79,APAC,3400.67,87.34,6,34.24,1,0.0,1011,5.91,0.029,0.007,7,79.92,None,0,0
79,APAC,3400.67,87.34,6,32.12,1,0.0,796,4.51,0.055,0.006,3,77.31,ISO9001+ISO14001,0,0
79,APAC,3400.67,87.34,6,39.13,1,0.0,847,4.15,0.018,0.001,1,75.6,ISO9001,1,0
79,APAC,3400.67,87.34,6,35.22,1,0.0,1170,5.34,0.042,0.003,4,100.0,ISO9001,1,0
79,APAC,3400.67,87.34,6,37.81,1,0.0,1018,4.4,0.025,0.015,14,83.47,ISO9001,1,0
79,APAC,3400.67,87.34,6,29.31,1,0.0,1231,5.21,0.026,0.002,1,87.86,ISO9001,0,0
79,APAC,3400.67,87.34,6,33.34,1,0.0,701,5.76,0.0,0.002,1,83.78,None,0,0
79,APAC,3400.67,87.34,6,33.39,1,0.0,1336,4.71,0.03,0.003,7,69.31,ISO9001,1,0
79,APAC,3400.67,87.34,6,32.42,1,0.0,1399,5.24,0.042,0.011,10,83.22,ISO9001,1,0
79,APAC,3400.67,87.34,6,35.02,1,0.0,1040,4.32,0.027,0.005,8,71.96,ISO9001,1,0
79,APAC,3400.67,87.34,6,29.55,1,0.0,941,5.02,0.037,0.001,0,67.11,ISO9001,1,0
79,APAC,3400.67,87.34,6,29.88,0,3.15,1334,4.89,0.026,0.012,10,87.12,ISO9001,0,0
79,APAC,3400.67,87.34,6,29.92,1,0.0,1146,5.14,0.012,0.014,11,78.25,ISO9001,1,0
79,APAC,3400.67,87.34,6,31.31,1,0.0,1366,5.61,0.005,0.0,0,60.11,ISO9001+ISO14001,1,0
79,APAC,3400.67,87.34,6,30.0,1,0.0,709,5.34,0.012,0.019,10,82.7,ISO9001+ISO14001,1,0
79,APAC,3400.67,87.34,6,30.89,1,0.0,1303,6.01,0.041,0.024,38,64.4,None,0,0
79,APAC,3400.67,87.34,6,30.25,1,0.0,1483,5.32,0.053,0.024,34,93.52,ISO9001,1,0
79,APAC,3400.67,87.34,6,35.13,1,0.0,897,5.99,0.014,0.0,0,79.85,ISO9001,0,0
79,APAC,3400.67,87.34,6,31.56,0,6.54,698,3.68,0.047,0.02,10,88.91,ISO9001,0,0
79,APAC,3400.67,87.34,6,30.74,1,0.0,719,5.2,0.022,0.017,11,81.16,ISO9001,1,0
79,APAC,3400.67,87.34,6,28.84,1,0.0,1223,4.32,0.039,0.0,0,75.5,ISO9001,1,0
79,APAC,3400.67,87.34,6,33.13,1,0.0,892,4.94,0.043,0.012,14,82.06,ISO9001,0,0
80,EMEA,3081.44,76.55,3,30.93,1,0.0,535,4.86,0.079,0.018,6,79.43,None,0,0
80,EMEA,3081.44,76.55,3,26.59,1,0.0,1212,5.19,0.042,0.018,17,85.17,ISO9001,1,0
80,EMEA,3081.44,76.55,3,29.08,1,0.0,1167,4.6,0.039,0.017,20,85.14,None,0,0
80,EMEA,3081.44,76.55,3,32.72,1,0.0,979,4.77,0.022,0.011,11,67.37,ISO9001,1,0
80,EMEA,3081.44,76.55,3,30.13,1,0.0,1023,5.92,0.053,0.014,14,84.7,ISO9001,0,0
80,EMEA,3081.44,76.55,3,28.22,0,4.67,820,4.6,0.007,0.005,2,68.22,None,0,0
80,EMEA,3081.44,76.55,3,32.65,1,0.0,1232,3.96,0.023,0.032,40,79.32,ISO9001,0,0
80,EMEA,3081.44,76.55,3,26.39,1,0.0,972,4.44,0.042,0.034,33,75.88,None,0,0
80,EMEA,3081.44,76.55,3,27.78,0,4.65,1099,4.46,0.033,0.016,25,73.06,ISO9001,1,0
80,EMEA,3081.44,76.55,3,29.56,1,0.0,1127,4.72,0.018,0.022,18,70.9,ISO9001,1,0
80,EMEA,3081.44,76.55,3,36.16,1,0.0,1077,5.53,0.043,0.016,18,74.13,ISO9001,1,0
80,EMEA,3081.44,76.55,3,32.84,1,0.0,1419,5.55,0.028,0.034,45,95.69,None,0,0
80,EMEA,3081.44,76.55,3,24.46,1,0.0,707,5.23,0.026,0.021,16,74.03,ISO9001,1,0
80,EMEA,3081.44,76.55,3,30.12,1,0.0,1247,4.59,0.043,0.022,25,75.51,ISO9001,0,0
80,EMEA,3081.44,76.55,3,29.8,1,0.0,761,4.29,0.047,0.019,14,88.39,ISO9001,0,0
80,EMEA,3081.44,76.55,3,30.89,1,0.0,1003,5.51,0.071,0.015,14,75.43,ISO9001,0,0
80,EMEA,3081.44,76.55,3,29.76,0,8.48,853,5.7,0.018,0.029,26,67.88,ISO9001,0,0
80,EMEA,3081.44,76.55,3,29.17,1,0.0,942,4.73,0.028,0.011,13,72.62,None,0,0
80,EMEA,3081.44,76.55,3,30.47,1,0.0,647,5.38,0.017,0.017,12,66.44,ISO9001,0,0
80,EMEA,3081.44,76.55,3,27.39,1,0.0,796,5.06,0.024,0.017,20,64.26,ISO9001,0,0
80,EMEA,3081.44,76.55,3,28.61,1,0.0,593,4.5,0.039,0.031,17,71.19,ISO9001,1,0
81,APAC,3955.63,84.93,2,28.93,1,0.0,1254,5.92,0.056,0.031,47,56.36,ISO9001,0,0
81,APAC,3955.63,84.93,2,36.03,0,6.13,835,3.63,0.05,0.019,19,71.68,ISO9001,0,0
81,APAC,3955.63,84.93,2,34.88,1,0.0,836,5.39,0.011,0.022,17,69.58,ISO9001,0,0
81,APAC,3955.63,84.93,2,35.5,1,0.0,606,4.85,0.071,0.033,16,67.63,ISO9001,1,0
81,APAC,3955.63,84.93,2,35.39,0,3.01,1450,5.03,0.04,0.031,47,71.05,ISO9001,0,0
81,APAC,3955.63,84.93,2,27.63,0,4.4,1237,5.52,0.032,0.027,30,72.67,ISO9001,1,0
81,APAC,3955.63,84.93,2,36.67,0,9.98,745,5.61,0.042,0.016,10,67.6,ISO9001,1,0
81,APAC,3955.63,84.93,2,37.39,1,0.0,855,5.58,0.05,0.033,26,78.35,None,1,0
81,APAC,3955.63,84.93,2,32.38,1,0.0,1210,3.62,0.049,0.022,20,55.56,ISO9001+ISO14001,1,0
81,APAC,3955.63,84.93,2,33.32,1,0.0,1103,4.9,0.043,0.021,11,63.86,ISO9001,1,0
81,APAC,3955.63,84.93,2,32.72,0,7.32,849,5.43,0.026,0.03,26,75.29,ISO9001,0,0
81,APAC,3955.63,84.93,2,29.46,1,0.0,869,4.68,0.036,0.024,31,64.86,ISO9001,1,0
81,APAC,3955.63,84.93,2,32.6,1,0.0,920,4.46,0.055,0.047,48,65.9,ISO9001+ISO14001,0,0
81,APAC,3955.63,84.93,2,32.69,0,5.17,786,4.87,0.033,0.049,47,63.28,None,1,0
81,APAC,3955.63,84.93,2,28.34,1,0.0,1184,4.25,0.034,0.002,3,61.36,ISO9001,1,0
81,APAC,3955.63,84.93,2,39.49,1,0.0,1331,4.95,0.036,0.026,27,69.77,ISO9001,1,0
81,APAC,3955.63,84.93,2,30.28,1,0.0,1641,4.19,0.073,0.017,37,68.89,ISO9001,1,0
81,APAC,3955.63,84.93,2,37.09,1,0.0,913,4.65,0.053,0.033,36,88.86,ISO9001,0,0
81,APAC,3955.63,84.93,2,35.09,1,0.0,785,4.5,0.025,0.044,38,72.52,None,0,0
81,APAC,3955.63,84.93,2,32.85,1,0.0,1122,5.4,0.04,0.026,17,64.74,ISO9001,0,0
81,APAC,3955.63,84.93,2,31.84,1,0.0,1290,5.43,0.046,0.04,57,73.55,ISO9001+ISO14001,1,0
81,APAC,3955.63,84.93,2,37.9,1,0.0,911,4.27,0.043,0.03,25,61.75,ISO9001,1,0
81,APAC,3955.63,84.93,2,34.47,1,0.0,983,6.09,0.06,0.028,29,87.35,ISO9001+ISO14001,1,0
81,APAC,3955.63,84.93,2,34.57,1,0.0,1109,6.36,0.024,0.02,20,89.03,ISO9001,1,0
81,APAC,3955.63,84.93,2,32.35,0,7.32,742,4.37,0.036,0.034,28,86.48,ISO9001+ISO14001,0,0
81,APAC,3955.63,84.93,2,37.71,1,0.0,1195,4.85,0.01,0.036,42,61.35,None,0,0
81,APAC,3955.63,84.93,2,30.23,1,0.0,677,5.02,0.037,0.026,10,87.35,ISO9001,1,0
81,APAC,3955.63,84.93,2,36.09,1,0.0,907,4.18,0.027,0.048,43,72.94,None,0,0
81,APAC,3955.63,84.93,2,31.56,1,0.0,363,4.37,0.0,0.028,3,72.6,ISO9001,0,0
81,APAC,3955.63,84.93,2,42.32,1,0.0,1118,4.45,0.025,0.03,37,69.28,ISO9001+ISO14001,1,0
81,APAC,3955.63,84.93,2,28.57,1,0.0,1042,5.3,0.055,0.046,54,68.55,None,0,0
81,APAC,3955.63,84.93,2,32.6,1,0.0,869,4.71,0.02,0.027,20,92.91,None,0,0
81,APAC,3955.63,84.93,2,35.24,1,0.0,728,4.73,0.037,0.01,8,64.74,None,0,0
81,APAC,3955.63,84.93,2,33.05,1,0.0,1096,4.67,0.05,0.034,42,70.56,None,0,0
81,APAC,3955.63,84.93,2,33.49,0,9.39,958,5.28,0.044,0.048,52,68.92,ISO9001+ISO14001,0,0
81,APAC,3955.63,84.93,2,34.86,0,2.17,664,5.8,0.032,0.021,11,67.65,ISO9001+ISO14001,1,0
81,APAC,3955.63,84.93,2,33.87,1,0.0,1407,3.47,0.051,0.021,30,88.84,ISO9001,0,0
81,APAC,3955.63,84.93,2,38.46,0,6.3,937,5.08,0.07,0.03,26,78.37,ISO9001,0,0
81,APAC,3955.63,84.93,2,37.34,0,6.36,888,5.65,0.051,0.032,32,64.98,ISO9001,1,0
82,APAC,4109.44,76.64,4,36.99,0,2.62,1369,4.46,0.036,0.025,28,97.9,ISO9001,0,0
82,APAC,4109.44,76.64,4,36.91,1,0.0,782,5.52,0.0,0.025,12,76.61,ISO9001+ISO14001,1,0
82,APAC,4109.44,76.64,4,33.44,1,0.0,1041,5.62,0.043,0.011,11,74.31,ISO9001,1,0
82,APAC,4109.44,76.64,4,38.34,0,10.9,804,4.42,0.031,0.002,1,93.53,ISO9001,1,0
82,APAC,4109.44,76.64,4,39.43,0,4.07,1144,4.52,0.049,0.012,19,72.57,ISO9001,1,0
82,APAC,4109.44,76.64,4,37.45,1,0.0,1071,5.22,0.03,0.013,13,88.8,None,0,0
82,APAC,4109.44,76.64,4,36.28,1,0.0,834,4.91,0.033,0.006,3,84.95,ISO9001,1,0
82,APAC,4109.44,76.64,4,33.52,1,0.0,779,5.36,0.03,0.026,24,66.21,ISO9001,1,0
82,APAC,4109.44,76.64,4,32.4,1,0.0,925,3.85,0.048,0.015,18,78.72,ISO9001,0,0
82,APAC,4109.44,76.64,4,34.29,1,0.0,1393,5.08,0.021,0.026,37,75.05,None,0,0
82,APAC,4109.44,76.64,4,36.03,1,0.0,1008,4.92,0.023,0.031,35,61.57,None,0,0
82,APAC,4109.44,76.64,4,32.81,1,0.0,1346,3.71,0.025,0.006,8,63.18,ISO9001+ISO14001,1,0
82,APAC,4109.44,76.64,4,33.36,1,0.0,605,5.15,0.038,0.016,11,83.52,None,1,0
82,APAC,4109.44,76.64,4,33.54,1,0.0,760,4.72,0.047,0.01,11,84.54,ISO9001,1,0
82,APAC,4109.44,76.64,4,38.14,0,7.4,1213,5.32,0.04,0.029,37,73.35,None,0,0
82,APAC,4109.44,76.64,4,31.0,1,0.0,1145,5.19,0.042,0.007,13,79.47,None,0,0
82,APAC,4109.44,76.64,4,34.95,1,0.0,1249,6.26,0.054,0.02,27,85.48,ISO9001+ISO14001,1,0
82,APAC,4109.44,76.64,4,30.18,1,0.0,1194,4.82,0.029,0.017,14,85.99,ISO9001,1,0
82,APAC,4109.44,76.64,4,33.1,1,0.0,962,5.37,0.054,0.013,17,70.22,ISO9001,1,0
82,APAC,4109.44,76.64,4,31.48,1,0.0,686,5.11,0.026,0.023,20,67.3,ISO9001,1,0
82,APAC,4109.44,76.64,4,29.78,0,4.87,773,4.11,0.034,0.01,3,74.05,ISO9001,0,0
82,APAC,4109.44,76.64,4,36.96,1,0.0,975,4.75,0.031,0.024,25,100.0,None,0,0
82,APAC,4109.44,76.64,4,35.21,1,0.0,951,4.85,0.0,0.018,13,70.44,None,0,0
82,APAC,4109.44,76.64,4,31.67,1,0.0,1328,4.93,0.04,0.03,41,82.39,ISO9001,0,0
82,APAC,4109.44,76.64,4,37.66,1,0.0,715,4.08,0.04,0.013,10,91.54,ISO9001,0,0
82,APAC,4109.44,76.64,4,36.18,1,0.0,685,4.13,0.023,0.036,22,69.51,ISO9001+ISO14001,0,0
82,APAC,4109.44,76.64,4,35.63,1,0.0,820,4.58,0.049,0.013,13,77.27,ISO9001+ISO14001,1,0
83,APAC,3534.36,58.85,4,35.13,1,0.0,905,5.88,0.045,0.0,0,78.07,None,0,0
83,APAC,3534.36,58.85,4,30.46,1,0.0,1333,4.68,0.017,0.031,38,66.91,ISO9001,0,0
83,APAC,3534.36,58.85,4,31.64,1,0.0,1460,5.18,0.05,0.015,23,49.4,ISO9001,1,0
83,APAC,3534.36,58.85,4,33.61,0,5.47,845,5.02,0.019,0.007,9,78.07,ISO9001+ISO14001,1,0
83,APAC,3534.36,58.85,4,30.45,1,0.0,766,4.75,0.052,0.037,18,72.83,ISO9001,1,0
83,APAC,3534.36,58.85,4,27.77,1,0.0,933,4.8,0.021,0.022,21,86.6,None,0,0
83,APAC,3534.36,58.85,4,33.71,1,0.0,1151,5.56,0.038,0.008,11,65.16,None,0,0
83,APAC,3534.36,58.85,4,29.84,1,0.0,986,4.74,0.043,0.039,35,66.16,None,0,0
83,APAC,3534.36,58.85,4,35.34,1,0.0,673,5.26,0.009,0.024,17,75.91,ISO9001,0,0
83,APAC,3534.36,58.85,4,32.64,1,0.0,1314,5.07,0.036,0.014,24,81.03,None,0,0
83,APAC,3534.36,58.85,4,34.74,0,4.22,1017,5.84,0.061,0.014,11,95.87,None,0,0
83,APAC,3534.36,58.85,4,29.3,1,0.0,1230,6.28,0.029,0.018,25,87.61,ISO9001,0,0
83,APAC,3534.36,58.85,4,30.72,1,0.0,1067,5.29,0.055,0.014,11,60.86,ISO9001,1,0
83,APAC,3534.36,58.85,4,31.8,1,0.0,657,5.0,0.03,0.026,15,75.73,None,1,0
83,APAC,3534.36,58.85,4,30.95,1,0.0,597,5.64,0.062,0.022,7,82.94,None,0,0
83,APAC,3534.36,58.85,4,36.2,1,0.0,1336,6.41,0.015,0.027,33,73.12,ISO9001,0,0
83,APAC,3534.36,58.85,4,32.56,1,0.0,801,5.19,0.046,0.029,21,76.46,ISO9001,1,0
83,APAC,3534.36,58.85,4,27.85,1,0.0,889,4.83,0.041,0.023,26,86.64,ISO9001+ISO14001,1,0
83,APAC,3534.36,58.85,4,32.7,1,0.0,950,5.42,0.0,0.028,25,74.32,ISO9001,1,0
83,APAC,3534.36,58.85,4,37.87,1,0.0,1510,6.32,0.043,0.018,30,83.17,ISO9001+ISO14001,0,0
83,APAC,3534.36,58.85,4,33.32,1,0.0,1386,3.97,0.034,0.022,32,81.47,ISO9001+ISO14001,0,0
83,APAC,3534.36,58.85,4,34.98,1,0.0,811,5.5,0.041,0.012,7,69.6,ISO9001+ISO14001,1,0
83,APAC,3534.36,58.85,4,33.91,1,0.0,979,5.01,0.028,0.029,31,86.98,None,0,0
83,APAC,3534.36,58.85,4,30.48,1,0.0,1280,4.86,0.014,0.01,11,84.38,ISO9001,1,0
83,APAC,3534.36,58.85,4,32.88,1,0.0,1079,3.36,0.065,0.009,10,91.36,ISO9001,1,0
83,APAC,3534.36,58.85,4,30.82,1,0.0,1106,5.34,0.012,0.003,6,89.13,ISO9001,1,0
83,APAC,3534.36,58.85,4,35.3,1,0.0,1133,5.34,0.028,0.0,0,83.65,ISO9001,0,0
83,APAC,3534.36,58.85,4,31.11,1,0.0,826,4.18,0.028,0.042,38,76.73,ISO9001,1,0
83,APAC,3534.36,58.85,4,35.82,1,0.0,1040,5.03,0.023,0.022,24,60.74,ISO9001,1,0
83,APAC,3534.36,58.85,4,29.74,1,0.0,1203,5.37,0.066,0.021,28,68.83,None,0,0
83,APAC,3534.36,58.85,4,25.85,1,0.0,821,4.8,0.039,0.036,24,80.44,ISO9001,0,0
83,APAC,3534.36,58.85,4,32.87,1,0.0,1686,4.45,0.026,0.031,51,72.82,ISO9001,1,0
83,APAC,3534.36,58.85,4,27.36,1,0.0,756,5.48,0.028,0.024,16,88.13,ISO9001,1,0
83,APAC,3534.36,58.85,4,35.67,1,0.0,971,5.55,0.018,0.021,18,63.71,ISO9001,0,0
83,APAC,3534.36,58.85,4,35.85,1,0.0,643,4.94,0.044,0.021,14,87.78,ISO9001,1,0
83,APAC,3534.36,58.85,4,31.17,0,5.6,1128,4.29,0.031,0.025,22,84.75,ISO9001,0,0
83,APAC,3534.36,58.85,4,35.61,0,6.93,1495,5.93,0.032,0.02,22,71.51,None,0,0
83,APAC,3534.36,58.85,4,33.02,1,0.0,1127,5.73,0.055,0.028,37,72.88,ISO9001+ISO14001,0,0
83,APAC,3534.36,58.85,4,32.35,1,0.0,1230,5.99,0.008,0.037,45,66.5,ISO9001+ISO14001,1,0
83,APAC,3534.36,58.85,4,30.4,1,0.0,753,4.27,0.03,0.031,25,73.63,ISO9001,1,0
83,APAC,3534.36,58.85,4,30.14,1,0.0,1413,4.58,0.037,0.031,51,71.19,ISO9001,1,0
83,APAC,3534.36,58.85,4,32.82,0,6.34,942,5.46,0.006,0.008,2,71.37,ISO9001+ISO14001,1,0
83,APAC,3534.36,58.85,4,28.56,1,0.0,581,4.82,0.024,0.031,24,59.98,ISO9001,0,0
83,APAC,3534.36,58.85,4,28.72,1,0.0,1137,4.49,0.032,0.019,23,80.78,ISO9001,1,0
83,APAC,3534.36,58.85,4,31.88,0,4.92,800,5.39,0.037,0.02,25,93.12,None,0,0
83,APAC,3534.36,58.85,4,37.56,1,0.0,1546,5.4,0.042,0.035,46,77.76,ISO9001+ISO14001,1,0
83,APAC,3534.36,58.85,4,31.57,1,0.0,1168,4.66,0.019,0.042,51,87.06,ISO9001+ISO14001,1,0
83,APAC,3534.36,58.85,4,28.29,1,0.0,744,4.38,0.043,0.017,15,92.72,ISO9001+ISO14001,0,0
83,APAC,3534.36,58.85,4,32.08,1,0.0,933,4.75,0.04,0.019,12,84.29,ISO9001,1,0
83,APAC,3534.36,58.85,4,36.97,1,0.0,1684,5.08,0.043,0.027,46,87.48,ISO9001,1,0
83,APAC,3534.36,58.85,4,31.61,1,0.0,1004,4.11,0.013,0.01,9,90.03,ISO9001+ISO14001,1,0
83,APAC,3534.36,58.85,4,31.49,1,0.0,800,3.86,0.032,0.016,14,69.89,ISO9001,0,0
83,APAC,3534.36,58.85,4,34.44,1,0.0,1265,4.52,0.048,0.02,28,71.21,ISO9001,0,0
83,APAC,3534.36,58.85,4,31.17,1,0.0,566,5.88,0.056,0.029,14,92.78,ISO9001,0,0
83,APAC,3534.36,58.85,4,36.98,1,0.0,674,5.55,0.032,0.031,22,82.41,ISO9001,0,0
83,APAC,3534.36,58.85,4,28.93,0,5.47,1199,6.11,0.042,0.018,33,77.19,ISO9001,1,0
83,APAC,3534.36,58.85,4,32.88,0,4.96,1062,5.56,0.047,0.018,22,86.99,None,0,0
83,APAC,3534.36,58.85,4,33.66,1,0.0,709,5.75,0.056,0.034,25,70.72,ISO9001,0,0
84,APAC,2849.56,79.73,2,32.64,1,0.0,1085,5.0,0.054,0.017,16,59.15,None,1,0
84,APAC,2849.56,79.73,2,29.13,1,0.0,1182,5.21,0.087,0.04,38,71.57,ISO9001,1,0
84,APAC,2849.56,79.73,2,30.0,1,0.0,1176,4.95,0.018,0.004,6,72.34,ISO9001+ISO14001,1,0
84,APAC,2849.56,79.73,2,26.13,1,0.0,945,4.64,0.048,0.024,22,72.64,ISO9001+ISO14001,0,0
84,APAC,2849.56,79.73,2,24.43,1,0.0,1138,5.51,0.052,0.041,47,75.48,ISO9001,1,0
84,APAC,2849.56,79.73,2,23.43,1,0.0,534,4.98,0.008,0.014,8,79.74,ISO9001+ISO14001,0,0
84,APAC,2849.56,79.73,2,31.93,1,0.0,1054,4.17,0.022,0.043,50,88.53,None,0,0
84,APAC,2849.56,79.73,2,31.59,1,0.0,1254,4.46,0.053,0.034,55,71.41,ISO9001,0,0
84,APAC,2849.56,79.73,2,27.01,1,0.0,651,4.86,0.038,0.02,15,84.01,ISO9001,1,0
84,APAC,2849.56,79.73,2,25.27,0,8.15,1262,5.28,0.065,0.036,55,76.25,ISO9001,1,0
84,APAC,2849.56,79.73,2,28.28,1,0.0,1606,5.12,0.042,0.052,85,78.0,ISO9001,1,0
84,APAC,2849.56,79.73,2,29.86,1,0.0,1213,4.17,0.064,0.044,68,71.5,ISO9001,0,0
84,APAC,2849.56,79.73,2,29.12,0,7.84,746,3.81,0.043,0.024,23,66.04,None,0,0
84,APAC,2849.56,79.73,2,28.73,1,0.0,1212,4.84,0.036,0.026,25,81.86,None,0,0
84,APAC,2849.56,79.73,2,23.15,1,0.0,1258,3.31,0.054,0.028,27,72.24,ISO9001+ISO14001,1,0
84,APAC,2849.56,79.73,2,28.41,1,0.0,1253,5.03,0.059,0.056,77,59.96,ISO9001,1,0
84,APAC,2849.56,79.73,2,29.22,1,0.0,1122,5.68,0.08,0.009,12,69.89,ISO9001+ISO14001,1,0
84,APAC,2849.56,79.73,2,26.42,1,0.0,883,4.56,0.021,0.016,15,72.9,ISO9001,0,0
84,APAC,2849.56,79.73,2,28.04,1,0.0,1059,5.67,0.057,0.024,35,85.67,ISO9001,1,0
84,APAC,2849.56,79.73,2,32.11,0,5.1,624,4.11,0.048,0.02,9,89.86,None,0,0
84,APAC,2849.56,79.73,2,27.44,1,0.0,938,5.68,0.004,0.027,24,73.86,ISO9001,0,0
84,APAC,2849.56,79.73,2,28.23,1,0.0,706,5.67,0.049,0.027,25,84.18,ISO9001,0,0
84,APAC,2849.56,79.73,2,30.9,1,0.0,915,4.59,0.051,0.037,33,63.89,ISO9001+ISO14001,1,0
84,APAC,2849.56,79.73,2,26.16,1,0.0,1353,4.66,0.088,0.026,34,72.17,ISO9001,0,0
84,APAC,2849.56,79.73,2,31.9,1,0.0,827,4.81,0.011,0.018,12,74.76,ISO9001,1,0
84,APAC,2849.56,79.73,2,30.08,1,0.0,991,5.04,0.061,0.039,41,63.01,None,0,0
84,APAC,2849.56,79.73,2,35.35,1,0.0,980,4.07,0.042,0.031,29,78.99,ISO9001,1,0
84,APAC,2849.56,79.73,2,27.29,1,0.0,797,4.53,0.075,0.037,33,79.17,ISO9001+ISO14001,0,0
84,APAC,2849.56,79.73,2,31.26,1,0.0,1238,4.34,0.041,0.031,37,71.73,ISO9001,1,0
84,APAC,2849.56,79.73,2,30.76,1,0.0,1377,5.81,0.044,0.009,12,61.83,ISO9001,1,0
84,APAC,2849.56,79.73,2,32.91,1,0.0,830,5.05,0.046,0.035,25,80.59,ISO9001,1,0
84,APAC,2849.56,79.73,2,28.12,1,0.0,956,6.61,0.066,0.032,29,95.2,ISO9001,1,0
84,APAC,2849.56,79.73,2,30.99,1,0.0,856,5.42,0.047,0.023,17,71.76,ISO9001,0,0
84,APAC,2849.56,79.73,2,27.2,1,0.0,968,5.08,0.018,0.028,27,69.34,ISO9001+ISO14001,1,0
84,APAC,2849.56,79.73,2,29.84,1,0.0,1217,5.84,0.062,0.022,27,75.32,ISO9001,0,0
84,APAC,2849.56,79.73,2,30.58,0,4.0,1195,5.24,0.021,0.058,77,72.04,ISO9001,1,0
84,APAC,2849.56,79.73,2,30.56,1,0.0,1017,5.02,0.067,0.04,38,97.92,None,0,0
84,APAC,2849.56,79.73,2,25.15,1,0.0,754,4.15,0.065,0.013,14,56.85,None,0,0
84,APAC,2849.56,79.73,2,31.9,1,0.0,1195,4.4,0.048,0.0,0,60.42,ISO9001,0,0
84,APAC,2849.56,79.73,2,30.64,1,0.0,720,5.36,0.07,0.037,33,94.15,ISO9001,1,0
84,APAC,2849.56,79.73,2,31.28,1,0.0,1133,5.07,0.056,0.027,28,74.07,ISO9001+ISO14001,1,0
84,APAC,2849.56,79.73,2,30.1,1,0.0,1102,5.55,0.027,0.021,25,56.45,None,0,0
84,APAC,2849.56,79.73,2,30.61,1,0.0,813,5.1,0.071,0.032,31,59.04,ISO9001,0,0
84,APAC,2849.56,79.73,2,32.15,1,0.0,1022,5.33,0.062,0.02,21,71.25,None,0,0
84,APAC,2849.56,79.73,2,31.72,1,0.0,1125,4.57,0.026,0.042,55,80.21,None,0,0
84,APAC,2849.56,79.73,2,27.25,0,6.25,990,5.21,0.09,0.033,37,75.29,ISO9001,0,0
84,APAC,2849.56,79.73,2,29.13,1,0.0,991,6.41,0.004,0.042,53,60.19,ISO9001,1,0
84,APAC,2849.56,79.73,2,29.27,1,0.0,732,5.44,0.017,0.035,28,100.0,ISO9001,1,0
84,APAC,2849.56,79.73,2,29.94,1,0.0,1018,5.63,0.062,0.036,40,67.83,ISO9001,0,0
84,APAC,2849.56,79.73,2,33.16,1,0.0,744,4.69,0.077,0.013,9,82.74,ISO9001,0,0
84,APAC,2849.56,79.73,2,30.26,1,0.0,1116,5.33,0.028,0.031,24,74.11,ISO9001+ISO14001,0,0
84,APAC,2849.56,79.73,2,32.92,1,0.0,931,5.41,0.061,0.046,51,75.0,None,0,0
84,APAC,2849.56,79.73,2,29.37,1,0.0,751,5.47,0.084,0.043,32,67.73,None,0,0
84,APAC,2849.56,79.73,2,28.12,0,7.68,1253,5.42,0.064,0.027,30,71.07,ISO9001,0,0
85,EMEA,2941.51,66.72,5,30.16,1,0.0,1389,5.18,0.0,0.013,21,80.54,None,0,0
85,EMEA,2941.51,66.72,5,29.47,1,0.0,827,5.54,0.057,0.03,19,100.0,None,0,0
85,EMEA,2941.51,66.72,5,31.34,1,0.0,1179,4.68,0.03,0.036,39,85.1,ISO9001+ISO14001,1,0
85,EMEA,2941.51,66.72,5,35.67,1,0.0,1117,4.13,0.031,0.023,28,84.75,ISO9001,0,0
85,EMEA,2941.51,66.72,5,27.65,1,0.0,764,5.0,0.047,0.035,20,79.77,ISO9001+ISO14001,1,0
85,EMEA,2941.51,66.72,5,29.01,1,0.0,1299,4.07,0.032,0.041,47,90.25,ISO9001,1,0
85,EMEA,2941.51,66.72,5,32.2,1,0.0,989,5.56,0.043,0.025,31,75.37,ISO9001,1,0
85,EMEA,2941.51,66.72,5,29.07,1,0.0,707,5.22,0.02,0.01,7,70.74,ISO9001,0,0
85,EMEA,2941.51,66.72,5,22.46,1,0.0,961,5.93,0.03,0.004,4,80.07,None,0,0
85,EMEA,2941.51,66.72,5,30.97,1,0.0,920,5.26,0.035,0.001,1,64.96,ISO9001,1,0
85,EMEA,2941.51,66.72,5,26.15,1,0.0,978,4.42,0.021,0.019,20,70.54,ISO9001,0,0
85,EMEA,2941.51,66.72,5,29.68,1,0.0,301,4.76,0.036,0.01,2,98.94,ISO9001,1,0
85,EMEA,2941.51,66.72,5,30.47,0,7.63,995,5.7,0.015,0.022,17,92.92,ISO9001,1,0
85,EMEA,2941.51,66.72,5,28.59,0,4.9,1103,5.67,0.018,0.002,8,67.38,None,1,0
85,EMEA,2941.51,66.72,5,28.84,1,0.0,994,4.92,0.002,0.013,10,59.36,None,0,0
85,EMEA,2941.51,66.72,5,30.79,0,7.21,962,5.09,0.023,0.017,18,92.73,ISO9001+ISO14001,1,0
85,EMEA,2941.51,66.72,5,29.98,1,0.0,1143,4.21,0.022,0.016,19,78.0,None,0,0
85,EMEA,2941.51,66.72,5,29.47,1,0.0,673,4.19,0.048,0.032,33,66.73,ISO9001,1,0
85,EMEA,2941.51,66.72,5,29.88,1,0.0,896,5.28,0.039,0.012,13,62.2,ISO9001,0,0
85,EMEA,2941.51,66.72,5,24.21,1,0.0,996,5.78,0.019,0.009,3,61.75,ISO9001,0,0
85,EMEA,2941.51,66.72,5,33.59,1,0.0,976,5.16,0.016,0.026,24,59.42,None,0,0
85,EMEA,2941.51,66.72,5,28.45,1,0.0,566,4.71,0.031,0.003,0,80.54,ISO9001+ISO14001,0,0
85,EMEA,2941.51,66.72,5,25.33,1,0.0,757,5.23,0.048,0.013,10,80.14,ISO9001+ISO14001,0,0
86,AMER,1815.47,53.95,13,17.88,0,2.94,979,5.39,0.02,0.014,16,76.29,ISO9001,1,0
86,AMER,1815.47,53.95,13,25.51,1,0.0,992,4.9,0.0,0.009,10,55.76,ISO9001,1,0
86,AMER,1815.47,53.95,13,25.25,1,0.0,868,5.38,0.042,0.025,27,83.32,ISO9001+ISO14001,0,0
86,AMER,1815.47,53.95,13,25.77,0,5.78,823,4.85,0.071,0.028,23,75.62,ISO9001+ISO14001,0,1
86,AMER,1815.47,53.95,13,25.02,1,0.0,870,5.25,0.061,0.015,6,60.35,ISO9001,1,0
86,AMER,1815.47,53.95,13,32.95,1,0.0,945,5.53,0.019,0.015,13,74.01,ISO9001+ISO14001,1,0
86,AMER,1815.47,53.95,13,25.41,1,0.0,1248,4.66,0.047,0.019,24,81.52,None,0,0
86,AMER,1815.47,53.95,13,23.63,1,0.0,949,6.0,0.029,0.012,12,95.33,ISO9001,1,0
86,AMER,1815.47,53.95,13,23.22,0,7.62,1322,4.72,0.045,0.03,46,77.24,ISO9001+ISO14001,1,0
86,AMER,1815.47,53.95,13,30.19,1,0.0,1087,4.25,0.017,0.024,31,69.09,ISO9001,0,0
86,AMER,1815.47,53.95,13,23.05,1,0.0,1066,4.54,0.038,0.024,31,72.71,ISO9001+ISO14001,1,0
86,AMER,1815.47,53.95,13,26.8,1,0.0,1364,5.5,0.046,0.003,3,81.23,ISO9001+ISO14001,1,0
86,AMER,1815.47,53.95,13,24.97,1,0.0,1140,5.42,0.051,0.026,30,65.9,ISO9001,0,0
86,AMER,1815.47,53.95,13,28.3,1,0.0,807,4.66,0.026,0.012,10,65.53,ISO9001,0,0
86,AMER,1815.47,53.95,13,20.26,1,0.0,1124,5.49,0.015,0.0,0,99.23,ISO9001,1,0
86,AMER,1815.47,53.95,13,25.72,1,0.0,1241,4.49,0.035,0.011,9,76.28,ISO9001+ISO14001,1,0
86,AMER,1815.47,53.95,13,28.73,1,0.0,957,5.81,0.021,0.016,9,71.64,ISO9001,1,0
86,AMER,1815.47,53.95,13,23.22,0,2.31,835,4.14,0.01,0.01,5,81.25,ISO9001,1,0
86,AMER,1815.47,53.95,13,26.26,1,0.0,961,4.44,0.051,0.018,21,74.13,ISO9001,1,0
86,AMER,1815.47,53.95,13,24.86,1,0.0,839,4.26,0.0,0.006,3,100.0,ISO9001+ISO14001,1,0
86,AMER,1815.47,53.95,13,27.39,1,0.0,960,4.36,0.02,0.011,13,64.4,ISO9001,1,0
86,AMER,1815.47,53.95,13,27.86,1,0.0,1138,6.95,0.039,0.008,13,61.88,ISO9001,0,0
86,AMER,1815.47,53.95,13,28.04,1,0.0,1332,5.03,0.028,0.017,23,77.53,None,0,0
86,AMER,1815.47,53.95,13,22.88,1,0.0,734,5.71,0.028,0.031,22,83.21,None,0,0
86,AMER,1815.47,53.95,13,24.83,1,0.0,1208,5.64,0.017,0.019,28,92.01,ISO9001,1,0
86,AMER,1815.47,53.95,13,29.99,0,6.0,1371,5.34,0.018,0.024,38,80.97,ISO9001,0,0
86,AMER,1815.47,53.95,13,28.12,0,3.46,775,4.83,0.036,0.018,17,68.41,ISO9001,0,0
86,AMER,1815.47,53.95,13,22.73,1,0.0,1000,4.94,0.043,0.021,15,73.48,ISO9001,1,0
86,AMER,1815.47,53.95,13,33.18,1,0.0,1225,4.24,0.001,0.009,16,47.29,ISO9001+ISO14001,1,0
86,AMER,1815.47,53.95,13,22.17,0,5.34,838,5.56,0.021,0.038,37,76.33,ISO9001,1,0
86,AMER,1815.47,53.95,13,25.97,1,0.0,1491,4.73,0.047,0.046,70,69.72,None,0,0
86,AMER,1815.47,53.95,13,18.04,1,0.0,780,5.87,0.061,0.008,5,63.35,ISO9001,1,0
86,AMER,1815.47,53.95,13,25.37,1,0.0,1223,5.04,0.02,0.028,41,81.57,None,0,0
86,AMER,1815.47,53.95,13,30.06,1,0.0,923,5.39,0.034,0.0,0,70.12,ISO9001,1,0
86,AMER,1815.47,53.95,13,25.99,0,3.1,891,5.12,0.033,0.022,22,69.73,ISO9001,1,0
86,AMER,1815.47,53.95,13,24.37,1,0.0,983,4.71,0.063,0.012,7,66.99,ISO9001,0,0
86,AMER,1815.47,53.95,13,24.77,1,0.0,1191,4.36,0.034,0.016,16,64.55,None,0,0
87,EMEA,2608.79,51.9,5,30.53,0,7.01,727,3.7,0.053,0.032,24,65.09,ISO9001,1,1
87,EMEA,2608.79,51.9,5,30.81,1,0.0,1310,5.1,0.013,0.014,11,72.41,ISO9001+ISO14001,0,0
87,EMEA,2608.79,51.9,5,30.25,1,0.0,1293,4.21,0.088,0.021,26,71.48,ISO9001+ISO14001,0,0
87,EMEA,2608.79,51.9,5,35.47,1,0.0,1142,5.27,0.059,0.014,16,67.66,ISO9001,1,0
87,EMEA,2608.79,51.9,5,26.45,1,0.0,1261,5.24,0.029,0.043,53,90.99,ISO9001,1,0
87,EMEA,2608.79,51.9,5,24.63,1,0.0,1049,4.74,0.038,0.012,12,86.58,ISO9001,0,0
87,EMEA,2608.79,51.9,5,27.27,1,0.0,932,5.32,0.059,0.01,9,82.63,ISO9001,1,0
87,EMEA,2608.79,51.9,5,24.92,1,0.0,653,4.62,0.038,0.037,27,53.89,ISO9001,1,0
87,EMEA,2608.79,51.9,5,23.29,1,0.0,913,5.34,0.03,0.016,16,77.75,None,0,0
87,EMEA,2608.79,51.9,5,28.54,1,0.0,981,5.56,0.024,0.006,3,73.32,ISO9001,0,0
87,EMEA,2608.79,51.9,5,32.65,1,0.0,994,3.98,0.033,0.016,18,95.09,ISO9001,1,0
87,EMEA,2608.79,51.9,5,31.84,1,0.0,1171,4.57,0.025,0.041,53,46.58,None,0,0
87,EMEA,2608.79,51.9,5,31.29,1,0.0,1038,4.16,0.059,0.013,12,60.66,None,0,0
87,EMEA,2608.79,51.9,5,22.7,0,1.86,650,4.99,0.033,0.022,16,72.32,ISO9001+ISO14001,1,0
87,EMEA,2608.79,51.9,5,26.21,1,0.0,1132,5.9,0.037,0.029,33,79.73,None,0,0
87,EMEA,2608.79,51.9,5,32.68,1,0.0,1058,5.42,0.063,0.014,11,74.13,ISO9001,0,0
87,EMEA,2608.79,51.9,5,34.97,1,0.0,978,4.48,0.032,0.025,32,88.21,ISO9001,1,0
87,EMEA,2608.79,51.9,5,24.99,1,0.0,996,3.81,0.026,0.021,12,92.11,ISO9001+ISO14001,1,0
87,EMEA,2608.79,51.9,5,30.82,1,0.0,1052,6.37,0.041,0.03,27,81.64,ISO9001,0,0
87,EMEA,2608.79,51.9,5,25.37,0,5.03,1049,5.47,0.037,0.033,34,78.71,ISO9001+ISO14001,1,0
87,EMEA,2608.79,51.9,5,27.01,1,0.0,895,4.77,0.057,0.002,1,80.3,ISO9001+ISO14001,1,0
87,EMEA,2608.79,51.9,5,30.3,1,0.0,1113,5.99,0.028,0.029,36,100.0,None,1,0
87,EMEA,2608.79,51.9,5,34.11,1,0.0,957,4.34,0.0,0.029,20,82.16,ISO9001+ISO14001,1,0
87,EMEA,2608.79,51.9,5,25.21,1,0.0,1057,5.89,0.045,0.027,17,93.53,None,0,0
87,EMEA,2608.79,51.9,5,31.29,1,0.0,800,4.72,0.05,0.013,17,71.87,ISO9001,0,0
87,EMEA,2608.79,51.9,5,26.61,1,0.0,1053,4.5,0.025,0.03,27,70.56,ISO9001+ISO14001,0,0
87,EMEA,2608.79,51.9,5,26.28,0,4.59,542,5.98,0.031,0.022,10,78.49,None,0,0
87,EMEA,2608.79,51.9,5,25.39,1,0.0,1161,4.77,0.046,0.0,0,64.94,ISO9001+ISO14001,0,0
87,EMEA,2608.79,51.9,5,30.52,1,0.0,908,4.34,0.032,0.005,6,84.51,ISO9001,1,0
87,EMEA,2608.79,51.9,5,29.19,1,0.0,704,5.23,0.018,0.031,28,82.04,ISO9001,1,0
87,EMEA,2608.79,51.9,5,33.67,0,8.6,848,5.43,0.009,0.027,33,84.88,ISO9001+ISO14001,0,0
87,EMEA,2608.79,51.9,5,27.09,1,0.0,1046,5.23,0.039,0.025,28,64.77,ISO9001,1,0
87,EMEA,2608.79,51.9,5,20.89,0,1.3,1173,5.36,0.098,0.018,18,71.64,None,1,1
87,EMEA,2608.79,51.9,5,31.28,0,4.5,1030,4.64,0.046,0.028,31,82.99,None,0,0
87,EMEA,2608.79,51.9,5,28.18,1,0.0,595,3.99,0.056,0.006,3,86.72,None,0,0
87,EMEA,2608.79,51.9,5,28.38,1,0.0,618,5.23,0.026,0.01,3,53.69,ISO9001,1,0
87,EMEA,2608.79,51.9,5,28.26,1,0.0,1084,4.8,0.071,0.014,17,75.52,ISO9001,1,0
87,EMEA,2608.79,51.9,5,27.21,1,0.0,1105,4.95,0.048,0.024,37,68.49,ISO9001+ISO14001,1,0
87,EMEA,2608.79,51.9,5,26.35,1,0.0,864,4.99,0.088,0.03,19,70.1,ISO9001,0,0
87,EMEA,2608.79,51.9,5,29.42,1,0.0,1159,4.0,0.063,0.034,42,92.2,ISO9001,1,0
87,EMEA,2608.79,51.9,5,34.4,1,0.0,951,5.8,0.008,0.02,13,80.06,ISO9001,1,0
87,EMEA,2608.79,51.9,5,31.19,1,0.0,983,4.26,0.006,0.012,13,70.28,ISO9001,1,0
87,EMEA,2608.79,51.9,5,27.78,1,0.0,1156,4.2,0.025,0.027,35,68.39,ISO9001,1,0
87,EMEA,2608.79,51.9,5,29.09,1,0.0,1273,5.08,0.04,0.029,33,71.54,ISO9001,1,0
87,EMEA,2608.79,51.9,5,31.85,1,0.0,940,4.31,0.024,0.018,14,78.37,None,0,0
87,EMEA,2608.79,51.9,5,29.62,1,0.0,1029,5.7,0.023,0.002,1,82.53,ISO9001,0,0
87,EMEA,2608.79,51.9,5,26.94,0,1.19,1016,4.55,0.059,0.011,14,96.17,None,0,0
87,EMEA,2608.79,51.9,5,31.39,0,5.68,1243,5.23,0.024,0.019,20,67.49,ISO9001,1,0
87,EMEA,2608.79,51.9,5,32.28,0,5.72,1345,3.61,0.008,0.015,15,81.04,ISO9001,0,0
87,EMEA,2608.79,51.9,5,29.3,1,0.0,1393,3.93,0.025,0.032,51,78.96,ISO9001,0,0
87,EMEA,2608.79,51.9,5,26.44,0,8.57,516,4.86,0.024,0.009,3,73.65,ISO9001,1,0
87,EMEA,2608.79,51.9,5,28.45,0,5.19,809,4.92,0.036,0.031,20,76.0,ISO9001,0,0
87,EMEA,2608.79,51.9,5,28.27,1,0.0,1532,5.47,0.011,0.012,20,80.66,ISO9001+ISO14001,1,0
87,EMEA,2608.79,51.9,5,29.0,1,0.0,776,4.95,0.029,0.016,15,80.58,ISO9001,0,0
87,EMEA,2608.79,51.9,5,32.06,1,0.0,998,4.86,0.042,0.023,16,62.55,ISO9001+ISO14001,1,0
87,EMEA,2608.79,51.9,5,25.47,0,6.42,986,4.7,0.039,0.029,24,80.23,None,0,0
87,EMEA,2608.79,51.9,5,26.47,1,0.0,1187,4.94,0.019,0.014,16,81.4,ISO9001,1,0
88,EMEA,1778.46,53.78,6,24.66,1,0.0,1158,4.34,0.046,0.021,21,72.35,ISO9001,0,0
88,EMEA,1778.46,53.78,6,21.12,1,0.0,1284,4.44,0.0,0.021,23,73.32,ISO9001,1,0
88,EMEA,1778.46,53.78,6,26.58,1,0.0,1032,5.48,0.037,0.021,14,73.98,ISO9001,1,0
88,EMEA,1778.46,53.78,6,23.73,1,0.0,708,5.6,0.025,0.041,34,85.32,None,1,0
88,EMEA,1778.46,53.78,6,27.27,1,0.0,1371,4.72,0.051,0.011,15,88.89,ISO9001,1,0
88,EMEA,1778.46,53.78,6,26.09,0,5.19,1094,3.9,0.02,0.006,8,89.51,ISO9001,0,0
88,EMEA,1778.46,53.78,6,22.88,1,0.0,921,5.58,0.025,0.011,9,85.44,None,0,0
88,EMEA,1778.46,53.78,6,25.69,1,0.0,533,4.26,0.05,0.015,4,74.71,None,0,0
88,EMEA,1778.46,53.78,6,29.22,1,0.0,1371,4.75,0.02,0.014,17,76.85,ISO9001,1,0
88,EMEA,1778.46,53.78,6,24.06,1,0.0,998,6.03,0.03,0.022,18,79.14,ISO9001,1,0
88,EMEA,1778.46,53.78,6,25.8,1,0.0,1060,5.77,0.045,0.03,28,85.75,None,0,0
88,EMEA,1778.46,53.78,6,28.82,1,0.0,964,4.22,0.049,0.025,25,65.75,ISO9001+ISO14001,1,0
88,EMEA,1778.46,53.78,6,19.34,1,0.0,922,4.14,0.0,0.0,0,81.39,None,0,0
88,EMEA,1778.46,53.78,6,25.57,1,0.0,961,5.09,0.059,0.005,4,78.93,ISO9001,0,0
88,EMEA,1778.46,53.78,6,26.78,1,0.0,576,3.99,0.025,0.01,9,55.61,None,0,0
88,EMEA,1778.46,53.78,6,28.74,1,0.0,1106,4.55,0.019,0.003,5,82.1,ISO9001,1,0
88,EMEA,1778.46,53.78,6,30.35,1,0.0,1143,5.22,0.021,0.007,7,90.65,ISO9001+ISO14001,1,0
88,EMEA,1778.46,53.78,6,23.75,1,0.0,1365,3.94,0.016,0.005,6,83.42,ISO9001,0,0
88,EMEA,1778.46,53.78,6,27.04,0,7.28,641,6.02,0.03,0.001,1,81.44,ISO9001,0,0
88,EMEA,1778.46,53.78,6,22.27,0,1.0,1307,5.01,0.047,0.015,17,78.07,ISO9001,1,0
88,EMEA,1778.46,53.78,6,23.87,1,0.0,898,4.67,0.039,0.012,13,77.79,ISO9001,1,0
88,EMEA,1778.46,53.78,6,25.24,1,0.0,1149,4.63,0.039,0.0,0,83.36,ISO9001,1,0
88,EMEA,1778.46,53.78,6,21.86,1,0.0,954,4.97,0.041,0.007,8,86.1,ISO9001,1,0
88,EMEA,1778.46,53.78,6,25.81,1,0.0,1041,5.37,0.029,0.004,1,83.64,ISO9001,0,0
88,EMEA,1778.46,53.78,6,27.82,1,0.0,1271,4.82,0.025,0.006,6,74.03,ISO9001+ISO14001,0,0
88,EMEA,1778.46,53.78,6,24.86,1,0.0,1106,3.75,0.043,0.006,5,80.07,ISO9001,1,0
88,EMEA,1778.46,53.78,6,31.19,1,0.0,903,4.53,0.023,0.005,5,85.47,ISO9001,1,0
88,EMEA,1778.46,53.78,6,26.41,1,0.0,928,5.46,0.015,0.003,1,78.43,ISO9001,1,0
88,EMEA,1778.46,53.78,6,27.52,1,0.0,1310,5.81,0.024,0.018,17,69.02,ISO9001,1,0
88,EMEA,1778.46,53.78,6,22.69,1,0.0,1198,5.59,0.039,0.021,17,64.31,None,0,0
88,EMEA,1778.46,53.78,6,20.64,1,0.0,1032,5.25,0.062,0.006,8,95.92,ISO9001,1,0
88,EMEA,1778.46,53.78,6,27.71,1,0.0,696,6.58,0.02,0.024,15,84.32,None,0,0
88,EMEA,1778.46,53.78,6,21.61,1,0.0,813,5.6,0.0,0.001,1,84.37,ISO9001+ISO14001,0,0
88,EMEA,1778.46,53.78,6,22.28,1,0.0,816,4.32,0.021,0.002,1,64.37,ISO9001,0,0
88,EMEA,1778.46,53.78,6,27.52,1,0.0,853,4.26,0.011,0.007,10,58.47,ISO9001,0,0
88,EMEA,1778.46,53.78,6,24.95,1,0.0,967,5.65,0.03,0.019,29,72.62,ISO9001+ISO14001,0,0
88,EMEA,1778.46,53.78,6,21.82,1,0.0,1221,5.93,0.038,0.032,27,68.86,ISO9001,1,0
88,EMEA,1778.46,53.78,6,28.97,1,0.0,989,4.27,0.034,0.002,5,100.0,ISO9001,1,0
88,EMEA,1778.46,53.78,6,27.54,1,0.0,832,5.29,0.0,0.026,25,91.72,None,0,0
88,EMEA,1778.46,53.78,6,19.25,1,0.0,1067,5.12,0.019,0.01,13,72.2,ISO9001,1,0
88,EMEA,1778.46,53.78,6,23.02,1,0.0,343,4.49,0.047,0.025,9,73.23,ISO9001,0,0
88,EMEA,1778.46,53.78,6,28.87,0,6.46,556,5.21,0.025,0.01,5,76.59,ISO9001+ISO14001,1,0
88,EMEA,1778.46,53.78,6,20.62,1,0.0,1049,4.52,0.037,0.011,10,80.06,ISO9001,1,0
88,EMEA,1778.46,53.78,6,25.61,0,3.9,1302,4.45,0.0,0.0,0,79.84,ISO9001,1,0
88,EMEA,1778.46,53.78,6,24.77,1,0.0,1143,4.36,0.027,0.001,2,83.53,ISO9001+ISO14001,0,0
88,EMEA,1778.46,53.78,6,25.58,1,0.0,1168,4.51,0.03,0.0,0,86.89,ISO9001,0,0
88,EMEA,1778.46,53.78,6,29.66,1,0.0,919,5.02,0.033,0.021,28,72.1,ISO9001,1,0
88,EMEA,1778.46,53.78,6,26.95,1,0.0,551,4.73,0.04,0.009,8,81.49,ISO9001,1,0
88,EMEA,1778.46,53.78,6,22.74,1,0.0,989,4.68,0.025,0.002,1,71.26,ISO9001+ISO14001,1,0
88,EMEA,1778.46,53.78,6,24.46,1,0.0,561,4.72,0.045,0.015,12,76.88,ISO9001+ISO14001,1,0
88,EMEA,1778.46,53.78,6,24.4,0,6.05,1211,4.45,0.029,0.022,25,83.19,ISO9001+ISO14001,0,0
88,EMEA,1778.46,53.78,6,22.47,1,0.0,989,3.82,0.012,0.019,16,97.7,ISO9001,1,0
88,EMEA,1778.46,53.78,6,32.06,1,0.0,1255,4.04,0.0,0.0,0,87.53,None,0,0
89,AMER,894.39,92.78,6,17.47,1,0.0,680,5.4,0.0,0.018,9,89.94,ISO9001,1,0
89,AMER,894.39,92.78,6,26.19,0,4.18,871,4.97,0.026,0.008,5,96.81,None,0,0
89,AMER,894.39,92.78,6,26.02,1,0.0,972,5.31,0.043,0.0,0,65.2,None,0,0
89,AMER,894.39,92.78,6,25.03,1,0.0,1075,4.45,0.019,0.017,23,82.66,ISO9001+ISO14001,0,0
89,AMER,894.39,92.78,6,19.63,1,0.0,876,4.6,0.046,0.0,0,83.42,ISO9001+ISO14001,0,0
89,AMER,894.39,92.78,6,21.39,1,0.0,948,3.72,0.053,0.022,19,70.43,ISO9001,0,0
89,AMER,894.39,92.78,6,21.53,1,0.0,727,4.04,0.024,0.017,14,75.29,ISO9001+ISO14001,0,0
89,AMER,894.39,92.78,6,25.98,1,0.0,998,5.13,0.027,0.002,3,66.99,ISO9001,1,0
89,AMER,894.39,92.78,6,23.15,1,0.0,695,5.11,0.019,0.015,11,94.95,ISO9001,0,0
89,AMER,894.39,92.78,6,19.95,1,0.0,1194,4.64,0.032,0.02,23,67.33,ISO9001,1,0
89,AMER,894.39,92.78,6,23.58,1,0.0,636,4.94,0.018,0.013,9,83.65,ISO9001+ISO14001,1,0
89,AMER,894.39,92.78,6,28.08,1,0.0,1232,5.02,0.071,0.004,7,61.49,ISO9001,1,0
89,AMER,894.39,92.78,6,14.47,1,0.0,888,4.7,0.037,0.017,16,85.33,ISO9001+ISO14001,1,0
89,AMER,894.39,92.78,6,26.31,1,0.0,932,5.26,0.042,0.011,7,83.3,ISO9001,1,0
89,AMER,894.39,92.78,6,19.63,1,0.0,967,4.64,0.011,0.013,14,83.94,None,1,0
89,AMER,894.39,92.78,6,21.6,1,0.0,1106,4.64,0.0,0.029,22,82.98,None,0,0
89,AMER,894.39,92.78,6,20.99,1,0.0,1021,4.89,0.013,0.017,13,79.77,ISO9001+ISO14001,0,0
89,AMER,894.39,92.78,6,20.35,1,0.0,508,4.46,0.0,0.004,3,80.64,ISO9001,1,0
89,AMER,894.39,92.78,6,22.15,1,0.0,1124,3.65,0.033,0.0,0,85.78,ISO9001+ISO14001,0,0
89,AMER,894.39,92.78,6,22.51,1,0.0,649,5.43,0.035,0.008,5,66.14,ISO9001+ISO14001,0,0
89,AMER,894.39,92.78,6,23.95,1,0.0,772,5.45,0.052,0.013,14,76.89,ISO9001,1,0
89,AMER,894.39,92.78,6,23.16,1,0.0,1300,5.01,0.076,0.0,0,70.58,ISO9001,0,0
89,AMER,894.39,92.78,6,22.67,1,0.0,1036,5.1,0.014,0.01,18,67.58,ISO9001,1,0
89,AMER,894.39,92.78,6,19.33,1,0.0,1071,4.95,0.066,0.0,0,78.0,ISO9001,1,0
89,AMER,894.39,92.78,6,22.18,0,2.83,578,5.31,0.013,0.012,7,76.11,ISO9001,0,0
89,AMER,894.39,92.78,6,26.24,1,0.0,1035,5.04,0.009,0.011,2,80.52,ISO9001,1,0
89,AMER,894.39,92.78,6,19.82,1,0.0,944,4.11,0.033,0.022,22,77.57,None,0,0
89,AMER,894.39,92.78,6,20.1,1,0.0,684,4.54,0.026,0.0,0,76.42,ISO9001,0,0
89,AMER,894.39,92.78,6,22.23,1,0.0,1082,5.17,0.03,0.007,12,76.94,ISO9001,0,0
89,AMER,894.39,92.78,6,21.73,1,0.0,1033,4.54,0.006,0.032,35,84.24,None,0,0
89,AMER,894.39,92.78,6,23.71,1,0.0,1337,4.95,0.041,0.019,26,63.93,ISO9001,1,0
89,AMER,894.39,92.78,6,18.81,1,0.0,1279,5.25,0.029,0.006,8,81.21,ISO9001+ISO14001,1,0
89,AMER,894.39,92.78,6,21.94,1,0.0,585,5.64,0.041,0.002,0,93.48,ISO9001+ISO14001,0,0
89,AMER,894.39,92.78,6,19.39,1,0.0,306,5.24,0.03,0.016,3,90.39,ISO9001,0,0
89,AMER,894.39,92.78,6,17.65,0,5.66,304,4.27,0.037,0.0,0,79.79,ISO9001,0,0
89,AMER,894.39,92.78,6,23.63,1,0.0,1266,4.81,0.021,0.002,2,61.63,None,0,0
89,AMER,894.39,92.78,6,25.87,1,0.0,748,4.73,0.05,0.013,10,91.51,ISO9001+ISO14001,1,0
89,AMER,894.39,92.78,6,28.16,0,2.27,837,5.13,0.046,0.014,8,73.82,ISO9001,1,0
89,AMER,894.39,92.78,6,22.15,1,0.0,1425,5.76,0.014,0.023,27,82.36,ISO9001,1,0
89,AMER,894.39,92.78,6,19.73,1,0.0,1317,5.13,0.004,0.005,9,82.18,ISO9001,0,0
89,AMER,894.39,92.78,6,25.24,1,0.0,864,4.26,0.038,0.028,25,78.55,ISO9001,0,0
89,AMER,894.39,92.78,6,22.7,1,0.0,1125,5.36,0.016,0.016,16,72.04,ISO9001,0,0
89,AMER,894.39,92.78,6,25.01,1,0.0,1050,6.02,0.017,0.02,18,75.44,ISO9001+ISO14001,1,0
89,AMER,894.39,92.78,6,22.55,1,0.0,911,5.31,0.024,0.019,17,64.45,ISO9001+ISO14001,1,0
89,AMER,894.39,92.78,6,19.42,1,0.0,836,4.04,0.008,0.013,11,87.76,ISO9001,1,0
89,AMER,894.39,92.78,6,20.35,1,0.0,1159,5.47,0.038,0.016,25,77.54,ISO9001,1,0
90,APAC,4242.28,54.57,6,35.31,0,7.03,667,4.33,0.049,0.0,0,86.99,ISO9001,1,0
90,APAC,4242.28,54.57,6,34.44,1,0.0,935,4.54,0.04,0.011,10,74.52,ISO9001,1,0
90,APAC,4242.28,54.57,6,38.57,1,0.0,859,6.29,0.067,0.028,27,72.76,None,0,0
90,APAC,4242.28,54.57,6,34.56,1,0.0,1236,5.19,0.026,0.001,2,83.17,ISO9001+ISO14001,0,0
90,APAC,4242.28,54.57,6,35.71,1,0.0,1131,4.99,0.034,0.003,5,60.17,ISO9001,1,0
90,APAC,4242.28,54.57,6,32.93,1,0.0,1070,3.8,0.0,0.005,5,71.15,ISO9001,1,0
90,APAC,4242.28,54.57,6,33.33,1,0.0,640,4.77,0.06,0.05,33,68.52,None,0,0
90,APAC,4242.28,54.57,6,35.7,1,0.0,1143,5.99,0.076,0.029,30,65.79,None,0,0
90,APAC,4242.28,54.57,6,34.39,1,0.0,1178,5.19,0.039,0.032,43,68.25,ISO9001,1,0
90,APAC,4242.28,54.57,6,31.98,1,0.0,388,4.97,0.024,0.03,11,85.53,ISO9001,0,0
90,APAC,4242.28,54.57,6,35.62,0,4.94,1124,4.51,0.007,0.026,26,70.53,ISO9001,0,0
90,APAC,4242.28,54.57,6,33.44,1,0.0,1007,4.92,0.02,0.014,18,91.23,None,1,0
90,APAC,4242.28,54.57,6,32.62,1,0.0,1004,5.85,0.04,0.023,29,70.52,None,0,0
90,APAC,4242.28,54.57,6,37.74,1,0.0,997,4.93,0.0,0.024,20,63.5,ISO9001,1,0
90,APAC,4242.28,54.57,6,33.5,0,4.21,1005,5.96,0.07,0.04,49,87.49,None,0,0
90,APAC,4242.28,54.57,6,35.01,1,0.0,1157,5.14,0.022,0.026,30,94.82,ISO9001,1,0
90,APAC,4242.28,54.57,6,35.79,1,0.0,997,4.54,0.054,0.019,18,74.44,ISO9001,1,0
90,APAC,4242.28,54.57,6,39.5,1,0.0,848,6.58,0.04,0.018,19,79.01,ISO9001,1,0
90,APAC,4242.28,54.57,6,36.37,1,0.0,1202,4.65,0.009,0.022,23,63.17,None,0,0
90,APAC,4242.28,54.57,6,31.64,1,0.0,710,4.3,0.02,0.021,20,61.2,ISO9001,1,0
90,APAC,4242.28,54.57,6,33.79,1,0.0,754,5.02,0.027,0.0,0,55.87,ISO9001+ISO14001,1,0
90,APAC,4242.28,54.57,6,39.85,0,9.77,1285,4.72,0.066,0.036,53,73.16,ISO9001,1,1
90,APAC,4242.28,54.57,6,39.93,0,8.19,870,4.77,0.057,0.024,27,87.5,ISO9001,0,0
90,APAC,4242.28,54.57,6,31.9,1,0.0,146,5.75,0.059,0.009,1,66.11,ISO9001+ISO14001,1,0
90,APAC,4242.28,54.57,6,39.02,0,8.39,1085,4.88,0.011,0.007,7,68.3,ISO9001,1,0
90,APAC,4242.28,54.57,6,32.92,0,10.56,1480,5.63,0.057,0.0,0,71.15,ISO9001,0,0
90,APAC,4242.28,54.57,6,37.43,1,0.0,1145,4.39,0.029,0.013,13,86.79,ISO9001,1,0
90,APAC,4242.28,54.57,6,35.55,1,0.0,974,4.41,0.009,0.006,6,85.14,ISO9001,1,0
90,APAC,4242.28,54.57,6,33.12,0,6.29,923,4.66,0.053,0.018,18,93.67,ISO9001+ISO14001,0,0
90,APAC,4242.28,54.57,6,32.3,1,0.0,1077,5.41,0.053,0.04,47,70.27,ISO9001+ISO14001,0,0
90,APAC,4242.28,54.57,6,34.43,0,9.93,615,5.6,0.055,0.01,7,68.46,ISO9001,0,1
90,APAC,4242.28,54.57,6,38.16,1,0.0,674,3.39,0.021,0.026,6,79.22,None,1,0
90,APAC,4242.28,54.57,6,38.67,0,10.63,784,6.05,0.059,0.028,28,83.87,ISO9001,0,0
90,APAC,4242.28,54.57,6,31.12,1,0.0,1164,5.41,0.033,0.033,41,70.07,ISO9001+ISO14001,1,0
90,APAC,4242.28,54.57,6,34.42,1,0.0,904,5.98,0.046,0.018,19,65.96,None,0,0
90,APAC,4242.28,54.57,6,30.66,1,0.0,932,4.29,0.03,0.013,16,76.74,ISO9001+ISO14001,0,0
90,APAC,4242.28,54.57,6,31.99,1,0.0,1151,4.81,0.008,0.015,15,66.15,ISO9001,0,0
90,APAC,4242.28,54.57,6,34.84,1,0.0,1399,4.86,0.072,0.019,29,77.89,ISO9001,0,0
90,APAC,4242.28,54.57,6,31.95,1,0.0,755,5.43,0.054,0.03,22,62.28,ISO9001+ISO14001,1,0
90,APAC,4242.28,54.57,6,32.03,0,6.15,1051,3.78,0.007,0.028,35,80.61,ISO9001+ISO14001,0,0
90,APAC,4242.28,54.57,6,37.65,1,0.0,918,3.95,0.015,0.026,31,75.63,None,0,0
90,APAC,4242.28,54.57,6,27.62,1,0.0,878,4.8,0.065,0.035,35,78.52,ISO9001,1,0
90,APAC,4242.28,54.57,6,34.36,1,0.0,590,5.47,0.044,0.019,12,59.57,ISO9001,1,0
91,AMER,1130.21,66.13,5,22.19,1,0.0,986,4.42,0.014,0.006,8,93.18,ISO9001,0,0
91,AMER,1130.21,66.13,5,23.62,1,0.0,540,4.02,0.035,0.017,9,66.96,ISO9001,1,0
91,AMER,1130.21,66.13,5,24.38,0,2.62,839,4.46,0.033,0.012,7,86.7,ISO9001+ISO14001,1,0
91,AMER,1130.21,66.13,5,19.78,1,0.0,792,5.34,0.042,0.002,2,86.36,ISO9001+ISO14001,1,0
91,AMER,1130.21,66.13,5,17.79,1,0.0,860,4.36,0.013,0.017,13,70.61,None,0,0
91,AMER,1130.21,66.13,5,26.41,1,0.0,900,4.34,0.007,0.026,28,57.57,ISO9001,0,0
91,AMER,1130.21,66.13,5,21.99,1,0.0,993,5.37,0.016,0.012,11,73.39,ISO9001+ISO14001,1,0
91,AMER,1130.21,66.13,5,20.33,0,4.35,1299,4.95,0.015,0.013,19,98.84,None,0,0
91,AMER,1130.21,66.13,5,18.34,1,0.0,1120,5.18,0.033,0.018,19,58.93,ISO9001+ISO14001,0,0
91,AMER,1130.21,66.13,5,27.56,1,0.0,1018,4.59,0.011,0.01,11,94.09,None,0,0
91,AMER,1130.21,66.13,5,20.01,1,0.0,924,4.59,0.038,0.006,7,76.32,ISO9001,0,0
91,AMER,1130.21,66.13,5,24.04,1,0.0,1121,5.24,0.045,0.019,21,89.45,ISO9001,1,0
91,AMER,1130.21,66.13,5,25.61,1,0.0,757,4.22,0.015,0.025,20,92.19,ISO9001,1,0
91,AMER,1130.21,66.13,5,20.12,1,0.0,1384,4.85,0.05,0.02,46,64.18,None,0,0
91,AMER,1130.21,66.13,5,24.17,1,0.0,1299,5.33,0.035,0.017,19,93.54,ISO9001+ISO14001,1,0
91,AMER,1130.21,66.13,5,21.06,1,0.0,1037,4.77,0.037,0.012,11,91.69,ISO9001+ISO14001,1,0
92,EMEA,2372.36,57.23,7,21.8,1,0.0,1270,5.84,0.018,0.009,8,61.63,ISO9001,0,0
92,EMEA,2372.36,57.23,7,27.08,1,0.0,1179,4.72,0.064,0.018,20,84.22,ISO9001,0,0
92,EMEA,2372.36,57.23,7,27.85,1,0.0,1426,5.76,0.017,0.037,62,63.07,ISO9001,1,0
92,EMEA,2372.36,57.23,7,27.49,1,0.0,767,5.53,0.021,0.02,18,78.16,ISO9001,1,0
92,EMEA,2372.36,57.23,7,23.68,1,0.0,1255,4.92,0.031,0.038,43,89.9,None,0,0
92,EMEA,2372.36,57.23,7,29.19,1,0.0,1072,5.58,0.041,0.03,22,62.52,ISO9001,0,0
92,EMEA,2372.36,57.23,7,31.42,1,0.0,734,5.63,0.032,0.021,16,89.64,None,0,0
92,EMEA,2372.36,57.23,7,31.4,1,0.0,845,6.81,0.052,0.036,38,67.77,ISO9001,1,0
92,EMEA,2372.36,57.23,7,29.27,1,0.0,773,5.35,0.0,0.028,17,75.85,ISO9001,0,0
92,EMEA,2372.36,57.23,7,23.48,1,0.0,733,4.98,0.006,0.013,15,57.77,ISO9001,1,0
92,EMEA,2372.36,57.23,7,19.51,1,0.0,1661,5.15,0.046,0.025,39,94.98,None,1,0
92,EMEA,2372.36,57.23,7,21.45,1,0.0,574,4.12,0.056,0.018,16,72.1,None,0,0
92,EMEA,2372.36,57.23,7,24.89,1,0.0,779,5.4,0.031,0.019,8,72.76,ISO9001,1,0
92,EMEA,2372.36,57.23,7,27.52,1,0.0,655,5.26,0.009,0.0,0,59.58,None,0,0
92,EMEA,2372.36,57.23,7,24.12,1,0.0,1024,4.46,0.021,0.008,3,74.56,None,0,0
92,EMEA,2372.36,57.23,7,27.23,1,0.0,1018,5.4,0.019,0.025,25,86.98,ISO9001,0,0
92,EMEA,2372.36,57.23,7,26.34,1,0.0,873,4.62,0.069,0.023,18,91.42,ISO9001,0,0
92,EMEA,2372.36,57.23,7,27.02,1,0.0,1667,5.75,0.04,0.0,0,71.53,ISO9001+ISO14001,1,0
92,EMEA,2372.36,57.23,7,26.61,1,0.0,1071,4.54,0.04,0.028,42,83.7,ISO9001,1,0
92,EMEA,2372.36,57.23,7,27.27,1,0.0,1074,5.69,0.029,0.02,13,74.24,ISO9001,1,0
92,EMEA,2372.36,57.23,7,31.37,1,0.0,1354,5.88,0.009,0.023,29,81.89,ISO9001,0,0
92,EMEA,2372.36,57.23,7,24.91,1,0.0,1067,4.87,0.0,0.029,39,61.76,ISO9001,0,0
92,EMEA,2372.36,57.23,7,23.5,1,0.0,1107,5.78,0.041,0.023,25,77.77,None,0,0
92,EMEA,2372.36,57.23,7,23.8,1,0.0,1260,5.0,0.033,0.035,40,82.49,ISO9001,1,0
92,EMEA,2372.36,57.23,7,26.52,1,0.0,565,4.79,0.091,0.004,2,62.89,None,0,0
92,EMEA,2372.36,57.23,7,30.33,1,0.0,918,4.66,0.059,0.026,31,91.57,ISO9001+ISO14001,1,0
92,EMEA,2372.36,57.23,7,25.63,0,3.09,758,5.98,0.055,0.022,14,75.09,ISO9001,0,0
92,EMEA,2372.36,57.23,7,27.49,1,0.0,967,3.89,0.027,0.012,10,58.07,ISO9001+ISO14001,0,0
92,EMEA,2372.36,57.23,7,29.0,1,0.0,772,4.43,0.039,0.03,27,85.73,ISO9001,0,0
92,EMEA,2372.36,57.23,7,29.46,1,0.0,857,4.34,0.025,0.032,27,89.14,ISO9001,0,0
92,EMEA,2372.36,57.23,7,32.25,1,0.0,870,4.85,0.043,0.003,2,80.25,ISO9001,0,0
92,EMEA,2372.36,57.23,7,27.17,1,0.0,1210,5.01,0.017,0.029,41,73.07,None,0,0
92,EMEA,2372.36,57.23,7,23.08,1,0.0,1217,6.32,0.0,0.028,28,98.19,None,0,0
92,EMEA,2372.36,57.23,7,26.38,1,0.0,1329,4.22,0.0,0.028,46,86.26,ISO9001+ISO14001,0,0
92,EMEA,2372.36,57.23,7,24.51,1,0.0,902,4.45,0.043,0.009,6,74.06,ISO9001,1,0
92,EMEA,2372.36,57.23,7,26.9,1,0.0,677,5.18,0.059,0.026,13,68.1,ISO9001,0,0
92,EMEA,2372.36,57.23,7,29.79,1,0.0,710,5.92,0.032,0.018,19,62.65,ISO9001+ISO14001,0,0
92,EMEA,2372.36,57.23,7,28.89,1,0.0,513,5.47,0.044,0.032,14,71.23,None,1,0
92,EMEA,2372.36,57.23,7,22.91,1,0.0,1168,4.75,0.033,0.003,4,92.41,ISO9001,1,0
92,EMEA,2372.36,57.23,7,23.2,0,6.44,1093,5.25,0.021,0.028,35,74.98,None,0,0
92,EMEA,2372.36,57.23,7,25.33,1,0.0,817,4.44,0.045,0.015,12,59.51,None,0,0
92,EMEA,2372.36,57.23,7,22.07,1,0.0,1013,4.93,0.064,0.004,3,81.64,ISO9001,1,0
92,EMEA,2372.36,57.23,7,31.14,1,0.0,1021,5.31,0.028,0.013,13,84.38,ISO9001,1,0
92,EMEA,2372.36,57.23,7,31.19,1,0.0,683,5.44,0.033,0.015,10,79.36,ISO9001,0,0
92,EMEA,2372.36,57.23,7,25.63,1,0.0,1174,6.03,0.035,0.022,25,67.68,ISO9001,0,0
92,EMEA,2372.36,57.23,7,28.78,1,0.0,1177,4.52,0.029,0.032,47,79.16,ISO9001,0,0
92,EMEA,2372.36,57.23,7,30.65,1,0.0,954,5.66,0.057,0.01,5,74.68,None,0,0
92,EMEA,2372.36,57.23,7,26.71,1,0.0,925,5.07,0.036,0.037,30,79.6,ISO9001+ISO14001,0,0
93,APAC,4136.44,61.15,9,32.97,0,5.69,1199,4.38,0.041,0.034,42,70.3,ISO9001+ISO14001,1,0
93,APAC,4136.44,61.15,9,35.98,1,0.0,594,4.66,0.026,0.0,0,71.15,ISO9001,1,0
93,APAC,4136.44,61.15,9,32.98,1,0.0,630,4.63,0.058,0.022,12,61.65,ISO9001,0,0
93,APAC,4136.44,61.15,9,32.88,1,0.0,649,5.38,0.037,0.02,7,100.0,ISO9001+ISO14001,0,0
93,APAC,4136.44,61.15,9,29.34,0,4.94,1000,5.34,0.016,0.015,11,80.57,ISO9001,1,0
93,APAC,4136.44,61.15,9,37.25,1,0.0,1036,5.04,0.045,0.024,26,73.99,ISO9001,0,0
93,APAC,4136.44,61.15,9,36.15,1,0.0,1324,3.44,0.047,0.037,43,76.89,ISO9001,0,0
93,APAC,4136.44,61.15,9,42.8,1,0.0,1372,4.66,0.038,0.016,30,72.49,ISO9001+ISO14001,1,0
93,APAC,4136.44,61.15,9,31.8,1,0.0,1028,5.4,0.023,0.025,20,100.0,ISO9001,1,0
93,APAC,4136.44,61.15,9,37.23,1,0.0,1349,4.7,0.029,0.024,24,91.5,ISO9001,1,0
93,APAC,4136.44,61.15,9,36.46,1,0.0,910,4.65,0.001,0.006,8,66.53,ISO9001+ISO14001,1,0
93,APAC,4136.44,61.15,9,37.77,1,0.0,964,5.96,0.035,0.029,28,79.11,ISO9001,0,0
93,APAC,4136.44,61.15,9,36.45,1,0.0,1321,4.8,0.05,0.021,32,75.25,ISO9001+ISO14001,0,0
93,APAC,4136.44,61.15,9,32.66,1,0.0,1056,5.12,0.061,0.024,21,84.61,ISO9001,1,0
93,APAC,4136.44,61.15,9,37.86,1,0.0,545,3.21,0.033,0.032,21,71.77,ISO9001+ISO14001,0,0
93,APAC,4136.44,61.15,9,33.29,0,9.38,798,5.25,0.064,0.014,17,69.05,ISO9001,1,0
93,APAC,4136.44,61.15,9,34.39,1,0.0,1088,5.27,0.045,0.012,10,57.01,ISO9001,1,0
93,APAC,4136.44,61.15,9,28.31,0,4.22,1227,4.52,0.042,0.024,32,79.31,ISO9001+ISO14001,0,0
93,APAC,4136.44,61.15,9,34.34,1,0.0,1337,4.54,0.033,0.009,17,92.68,ISO9001,0,0
93,APAC,4136.44,61.15,9,31.14,0,5.38,881,4.79,0.032,0.008,6,77.93,ISO9001,1,0
93,APAC,4136.44,61.15,9,30.47,1,0.0,1258,5.2,0.02,0.012,18,74.8,None,0,0
93,APAC,4136.44,61.15,9,34.66,1,0.0,919,4.96,0.025,0.024,30,86.82,ISO9001,1,0
93,APAC,4136.44,61.15,9,31.97,1,0.0,921,6.1,0.048,0.018,12,87.39,ISO9001,0,0
93,APAC,4136.44,61.15,9,31.33,1,0.0,620,5.53,0.008,0.034,18,61.79,ISO9001,1,0
93,APAC,4136.44,61.15,9,30.88,1,0.0,852,5.93,0.064,0.007,4,75.93,ISO9001,1,0
93,APAC,4136.44,61.15,9,35.52,1,0.0,1557,5.46,0.02,0.032,58,84.18,None,1,0
93,APAC,4136.44,61.15,9,35.01,1,0.0,952,4.86,0.044,0.01,9,86.16,ISO9001,1,0
93,APAC,4136.44,61.15,9,34.18,1,0.0,1185,4.77,0.054,0.016,16,79.83,ISO9001,1,0
93,APAC,4136.44,61.15,9,27.68,1,0.0,825,4.69,0.062,0.01,18,81.81,ISO9001,0,0
93,APAC,4136.44,61.15,9,35.78,1,0.0,1005,5.09,0.05,0.045,45,68.94,ISO9001,0,0
93,APAC,4136.44,61.15,9,40.9,1,0.0,1490,5.34,0.045,0.021,30,72.45,ISO9001,1,0
93,APAC,4136.44,61.15,9,36.89,1,0.0,612,5.32,0.092,0.02,7,65.46,ISO9001,0,0
93,APAC,4136.44,61.15,9,34.96,1,0.0,867,4.45,0.042,0.009,10,79.92,ISO9001,0,0
93,APAC,4136.44,61.15,9,36.74,1,0.0,1059,4.56,0.012,0.016,19,77.61,ISO9001+ISO14001,0,0
93,APAC,4136.44,61.15,9,31.96,1,0.0,341,5.49,0.036,0.019,5,73.2,ISO9001,1,0
93,APAC,4136.44,61.15,9,34.97,1,0.0,1255,4.91,0.026,0.032,37,73.64,None,0,0
94,EMEA,2328.2,53.43,7,26.98,1,0.0,1246,4.98,0.024,0.02,25,93.61,ISO9001,1,0
94,EMEA,2328.2,53.43,7,28.76,0,8.31,1061,4.45,0.067,0.0,0,90.16,None,0,0
94,EMEA,2328.2,53.43,7,22.69,1,0.0,1055,4.4,0.051,0.01,9,83.16,None,0,0
94,EMEA,2328.2,53.43,7,27.65,0,6.86,955,4.67,0.014,0.008,7,65.31,ISO9001,0,0
94,EMEA,2328.2,53.43,7,28.81,1,0.0,1012,4.79,0.049,0.018,19,87.67,None,1,0
94,EMEA,2328.2,53.43,7,26.95,1,0.0,1263,4.18,0.025,0.0,0,61.15,None,0,0
94,EMEA,2328.2,53.43,7,28.12,1,0.0,989,5.41,0.0,0.017,21,83.63,None,0,0
94,EMEA,2328.2,53.43,7,32.78,1,0.0,1088,5.5,0.076,0.02,23,98.32,ISO9001,1,0
94,EMEA,2328.2,53.43,7,29.95,0,6.46,1052,5.35,0.063,0.017,20,82.8,ISO9001+ISO14001,1,0
94,EMEA,2328.2,53.43,7,23.23,1,0.0,779,4.19,0.05,0.001,1,69.54,ISO9001+ISO14001,1,0
94,EMEA,2328.2,53.43,7,31.54,1,0.0,919,5.31,0.041,0.011,15,82.46,None,0,0
94,EMEA,2328.2,53.43,7,26.01,1,0.0,971,4.16,0.035,0.017,7,58.11,ISO9001,1,0
94,EMEA,2328.2,53.43,7,22.79,1,0.0,1214,6.11,0.024,0.003,4,72.55,ISO9001,1,0
94,EMEA,2328.2,53.43,7,23.9,0,3.81,1177,5.42,0.031,0.0,0,85.26,ISO9001,1,0
94,EMEA,2328.2,53.43,7,25.59,1,0.0,989,5.18,0.062,0.003,4,80.94,ISO9001,1,0
94,EMEA,2328.2,53.43,7,23.2,1,0.0,1124,4.78,0.057,0.009,12,88.07,ISO9001,0,0
94,EMEA,2328.2,53.43,7,32.3,1,0.0,1159,4.0,0.025,0.019,21,100.0,ISO9001,0,0
94,EMEA,2328.2,53.43,7,26.43,0,5.38,1014,5.74,0.013,0.001,2,90.41,ISO9001+ISO14001,0,0
94,EMEA,2328.2,53.43,7,26.66,0,4.76,819,5.07,0.044,0.001,1,75.3,ISO9001+ISO14001,0,0
95,APAC,4147.84,56.58,7,36.54,1,0.0,1564,5.46,0.062,0.032,53,65.46,ISO9001,1,0
95,APAC,4147.84,56.58,7,39.94,0,7.38,1062,5.34,0.067,0.037,42,61.84,None,0,1
95,APAC,4147.84,56.58,7,33.18,0,5.88,1180,5.02,0.062,0.038,43,71.06,ISO9001,0,1
95,APAC,4147.84,56.58,7,36.67,1,0.0,1306,4.82,0.028,0.03,39,68.14,ISO9001,0,0
95,APAC,4147.84,56.58,7,34.2,1,0.0,1105,5.35,0.066,0.031,38,75.43,None,0,0
95,APAC,4147.84,56.58,7,35.69,1,0.0,1031,4.22,0.063,0.03,31,77.92,ISO9001+ISO14001,0,0
95,APAC,4147.84,56.58,7,32.73,0,8.53,1148,5.0,0.062,0.01,11,62.74,ISO9001,0,1
95,APAC,4147.84,56.58,7,34.19,1,0.0,1024,4.71,0.03,0.018,16,72.55,ISO9001,1,0
95,APAC,4147.84,56.58,7,29.67,1,0.0,882,4.55,0.034,0.043,30,90.52,ISO9001,1,0
95,APAC,4147.84,56.58,7,29.64,1,0.0,753,4.18,0.063,0.044,34,55.14,None,0,0
95,APAC,4147.84,56.58,7,33.05,1,0.0,928,4.76,0.021,0.026,15,73.83,None,0,0
95,APAC,4147.84,56.58,7,36.51,1,0.0,812,4.25,0.002,0.029,19,64.36,ISO9001+ISO14001,0,0
95,APAC,4147.84,56.58,7,36.96,1,0.0,826,5.25,0.03,0.018,19,72.82,ISO9001,1,0
95,APAC,4147.84,56.58,7,35.93,1,0.0,1173,4.67,0.044,0.016,25,69.49,ISO9001+ISO14001,1,0
95,APAC,4147.84,56.58,7,30.99,0,3.14,1550,4.7,0.016,0.043,68,73.58,ISO9001+ISO14001,1,0
95,APAC,4147.84,56.58,7,31.03,1,0.0,940,5.21,0.022,0.022,17,76.58,None,0,0
95,APAC,4147.84,56.58,7,37.94,0,6.81,1151,4.43,0.014,0.011,15,72.09,None,1,0
95,APAC,4147.84,56.58,7,30.68,0,4.41,676,4.29,0.014,0.033,15,79.83,ISO9001+ISO14001,1,0
95,APAC,4147.84,56.58,7,40.54,1,0.0,1344,5.29,0.043,0.03,42,88.29,ISO9001+ISO14001,1,0
95,APAC,4147.84,56.58,7,34.9,1,0.0,1186,4.92,0.029,0.021,27,88.84,ISO9001+ISO14001,0,0
95,APAC,4147.84,56.58,7,33.52,0,7.71,987,5.26,0.069,0.026,26,74.22,ISO9001,0,1
95,APAC,4147.84,56.58,7,35.91,1,0.0,1400,4.22,0.073,0.016,32,62.85,None,0,0
95,APAC,4147.84,56.58,7,33.05,1,0.0,838,6.01,0.016,0.028,20,61.86,None,0,0
95,APAC,4147.84,56.58,7,35.43,0,8.61,869,4.25,0.019,0.023,23,85.01,None,0,0
95,APAC,4147.84,56.58,7,34.78,1,0.0,1212,5.46,0.025,0.045,60,60.82,ISO9001,1,0
95,APAC,4147.84,56.58,7,37.05,0,7.54,1067,4.15,0.011,0.028,37,76.07,None,1,0
96,EMEA,1801.54,75.3,11,25.09,1,0.0,1121,3.51,0.041,0.009,9,85.22,ISO9001,0,0
96,EMEA,1801.54,75.3,11,26.2,1,0.0,959,5.22,0.011,0.012,10,82.71,ISO9001+ISO14001,1,0
96,EMEA,1801.54,75.3,11,25.59,1,0.0,1145,4.51,0.048,0.002,1,95.75,ISO9001,1,0
96,EMEA,1801.54,75.3,11,25.5,1,0.0,1090,5.63,0.033,0.006,3,65.21,ISO9001+ISO14001,1,0
96,EMEA,1801.54,75.3,11,28.03,1,0.0,878,5.15,0.061,0.0,0,77.79,ISO9001,1,0
96,EMEA,1801.54,75.3,11,27.36,1,0.0,975,4.43,0.023,0.016,10,94.25,ISO9001,0,0
96,EMEA,1801.54,75.3,11,30.22,1,0.0,1015,5.36,0.062,0.02,16,75.11,None,0,0
96,EMEA,1801.54,75.3,11,22.95,1,0.0,1014,4.51,0.078,0.014,18,100.0,ISO9001,1,0
96,EMEA,1801.54,75.3,11,23.36,1,0.0,1022,4.93,0.008,0.035,38,100.0,ISO9001,1,0
96,EMEA,1801.54,75.3,11,24.44,1,0.0,1105,4.98,0.043,0.022,25,100.0,ISO9001,1,0
96,EMEA,1801.54,75.3,11,24.47,1,0.0,749,5.97,0.042,0.0,0,79.21,ISO9001,1,0
96,EMEA,1801.54,75.3,11,23.42,1,0.0,1085,4.64,0.038,0.001,0,75.25,ISO9001+ISO14001,0,0
96,EMEA,1801.54,75.3,11,28.31,1,0.0,1045,5.88,0.001,0.012,6,84.54,ISO9001,0,0
96,EMEA,1801.54,75.3,11,19.3,1,0.0,1254,4.63,0.035,0.011,20,88.01,None,0,0
96,EMEA,1801.54,75.3,11,25.88,1,0.0,1078,5.58,0.039,0.006,6,72.73,ISO9001,1,0
96,EMEA,1801.54,75.3,11,18.95,1,0.0,999,4.97,0.081,0.013,13,86.46,ISO9001,0,0
96,EMEA,1801.54,75.3,11,23.22,1,0.0,722,4.57,0.017,0.015,13,66.05,ISO9001,1,0
96,EMEA,1801.54,75.3,11,25.45,1,0.0,1013,5.1,0.036,0.021,26,83.43,ISO9001,1,0
96,EMEA,1801.54,75.3,11,22.82,1,0.0,699,5.78,0.019,0.01,8,76.44,ISO9001,1,0
96,EMEA,1801.54,75.3,11,23.78,1,0.0,1083,4.29,0.056,0.031,42,70.24,ISO9001,0,0
96,EMEA,1801.54,75.3,11,23.26,1,0.0,1519,4.2,0.068,0.012,20,75.13,ISO9001+ISO14001,0,0
96,EMEA,1801.54,75.3,11,24.01,1,0.0,950,5.01,0.036,0.009,11,70.9,None,0,0
96,EMEA,1801.54,75.3,11,25.24,1,0.0,974,4.52,0.01,0.007,3,69.41,None,1,0
96,EMEA,1801.54,75.3,11,27.76,1,0.0,775,4.95,0.0,0.026,8,89.45,ISO9001+ISO14001,0,0
96,EMEA,1801.54,75.3,11,23.09,1,0.0,921,4.65,0.041,0.001,1,83.88,ISO9001+ISO14001,1,0
96,EMEA,1801.54,75.3,11,28.79,1,0.0,626,5.35,0.06,0.012,5,92.33,ISO9001,0,0
96,EMEA,1801.54,75.3,11,31.85,1,0.0,1225,4.89,0.027,0.021,31,79.58,ISO9001+ISO14001,0,0
96,EMEA,1801.54,75.3,11,22.5,1,0.0,631,5.35,0.059,0.03,33,66.82,None,0,0
96,EMEA,1801.54,75.3,11,23.86,1,0.0,586,4.93,0.043,0.006,4,83.55,ISO9001,1,0
96,EMEA,1801.54,75.3,11,22.31,1,0.0,1079,4.85,0.044,0.017,25,67.52,None,0,0
96,EMEA,1801.54,75.3,11,26.97,0,2.72,1027,5.12,0.054,0.012,13,79.18,ISO9001+ISO14001,0,0
96,EMEA,1801.54,75.3,11,28.06,1,0.0,876,5.61,0.036,0.028,24,74.36,ISO9001,1,0
96,EMEA,1801.54,75.3,11,22.61,1,0.0,948,4.72,0.018,0.0,0,82.96,ISO9001,1,0
96,EMEA,1801.54,75.3,11,24.85,0,3.66,769,5.23,0.038,0.018,6,82.99,None,0,0
96,EMEA,1801.54,75.3,11,23.08,1,0.0,1145,4.34,0.051,0.02,19,74.49,ISO9001+ISO14001,1,0
96,EMEA,1801.54,75.3,11,25.23,1,0.0,1290,5.4,0.0,0.007,10,92.5,ISO9001,1,0
96,EMEA,1801.54,75.3,11,28.62,1,0.0,1308,4.86,0.054,0.019,22,71.38,None,1,0
96,EMEA,1801.54,75.3,11,22.37,1,0.0,555,3.09,0.011,0.013,7,75.49,None,0,0
96,EMEA,1801.54,75.3,11,27.12,1,0.0,897,4.29,0.0,0.019,15,78.67,None,0,0
97,EMEA,3120.98,85.53,5,26.02,1,0.0,898,4.19,0.059,0.014,7,89.86,ISO9001,1,0
97,EMEA,3120.98,85.53,5,32.87,1,0.0,1077,5.16,0.048,0.014,14,68.09,ISO9001,0,0
97,EMEA,3120.98,85.53,5,28.68,1,0.0,403,4.84,0.0,0.019,8,90.19,None,0,0
97,EMEA,3120.98,85.53,5,33.16,1,0.0,868,5.63,0.025,0.0,0,66.88,ISO9001,0,0
97,EMEA,3120.98,85.53,5,30.99,0,6.46,1062,5.61,0.0,0.045,53,81.08,None,0,0
97,EMEA,3120.98,85.53,5,34.47,1,0.0,1118,5.09,0.032,0.033,34,86.0,ISO9001,1,0
97,EMEA,3120.98,85.53,5,25.06,1,0.0,1421,4.35,0.015,0.009,12,76.01,ISO9001,0,0
97,EMEA,3120.98,85.53,5,33.76,1,0.0,953,5.2,0.004,0.0,0,80.16,None,0,0
97,EMEA,3120.98,85.53,5,31.26,1,0.0,1165,4.67,0.036,0.036,39,68.98,ISO9001+ISO14001,1,0
97,EMEA,3120.98,85.53,5,32.84,1,0.0,671,4.56,0.007,0.021,14,95.76,ISO9001,0,0
97,EMEA,3120.98,85.53,5,31.9,0,3.3,745,5.55,0.007,0.035,30,65.87,ISO9001,0,0
97,EMEA,3120.98,85.53,5,26.9,1,0.0,949,4.84,0.043,0.019,17,90.16,ISO9001,0,0
97,EMEA,3120.98,85.53,5,28.47,0,8.02,1044,4.77,0.039,0.006,13,72.94,ISO9001,1,0
97,EMEA,3120.98,85.53,5,32.28,1,0.0,840,4.33,0.041,0.007,8,97.7,ISO9001,1,0
97,EMEA,3120.98,85.53,5,32.1,1,0.0,1043,4.4,0.078,0.02,23,66.29,ISO9001+ISO14001,1,0
97,EMEA,3120.98,85.53,5,28.45,1,0.0,1023,5.38,0.035,0.028,41,81.55,ISO9001,1,0
97,EMEA,3120.98,85.53,5,33.74,1,0.0,832,5.1,0.047,0.023,20,64.09,ISO9001,1,0
97,EMEA,3120.98,85.53,5,33.0,1,0.0,1387,5.95,0.051,0.02,30,75.74,None,0,0
97,EMEA,3120.98,85.53,5,27.24,1,0.0,591,5.72,0.032,0.011,3,78.56,ISO9001,1,0
97,EMEA,3120.98,85.53,5,26.73,1,0.0,1241,5.03,0.05,0.0,0,73.43,ISO9001+ISO14001,1,0
97,EMEA,3120.98,85.53,5,33.45,0,7.67,1130,3.77,0.033,0.018,21,74.19,ISO9001+ISO14001,0,0
97,EMEA,3120.98,85.53,5,32.71,1,0.0,1226,4.94,0.023,0.006,3,58.19,ISO9001+ISO14001,0,0
97,EMEA,3120.98,85.53,5,30.07,1,0.0,1207,5.55,0.03,0.017,25,62.31,ISO9001,0,0
97,EMEA,3120.98,85.53,5,22.67,1,0.0,951,5.43,0.035,0.023,22,71.54,ISO9001+ISO14001,1,0
97,EMEA,3120.98,85.53,5,30.05,1,0.0,920,5.52,0.043,0.02,21,78.98,None,0,0
97,EMEA,3120.98,85.53,5,27.7,1,0.0,934,4.81,0.037,0.018,16,64.26,ISO9001,1,0
97,EMEA,3120.98,85.53,5,32.41,1,0.0,854,5.22,0.009,0.02,16,92.11,ISO9001+ISO14001,0,0
97,EMEA,3120.98,85.53,5,34.89,1,0.0,562,4.93,0.0,0.013,4,58.06,None,0,0
97,EMEA,3120.98,85.53,5,33.47,1,0.0,1445,5.76,0.036,0.024,42,67.31,ISO9001,1,0
97,EMEA,3120.98,85.53,5,27.52,1,0.0,838,5.2,0.029,0.027,21,81.38,ISO9001,1,0
97,EMEA,3120.98,85.53,5,38.39,1,0.0,1276,5.34,0.066,0.013,13,70.68,ISO9001,1,0
97,EMEA,3120.98,85.53,5,33.1,1,0.0,758,5.68,0.022,0.011,11,89.72,ISO9001,1,0
97,EMEA,3120.98,85.53,5,28.51,1,0.0,1023,5.63,0.043,0.009,3,75.37,ISO9001,0,0
97,EMEA,3120.98,85.53,5,35.44,1,0.0,881,5.5,0.039,0.015,14,69.74,ISO9001,1,0
97,EMEA,3120.98,85.53,5,30.17,1,0.0,1165,4.14,0.001,0.022,27,86.51,ISO9001,1,0
97,EMEA,3120.98,85.53,5,25.98,1,0.0,871,4.69,0.045,0.0,0,72.01,None,0,0
97,EMEA,3120.98,85.53,5,27.14,1,0.0,668,5.5,0.02,0.031,20,80.24,ISO9001,0,0
97,EMEA,3120.98,85.53,5,30.05,1,0.0,649,5.5,0.016,0.0,0,74.66,None,0,0
97,EMEA,3120.98,85.53,5,34.99,1,0.0,1407,6.19,0.074,0.02,27,90.19,ISO9001,0,0
97,EMEA,3120.98,85.53,5,30.46,1,0.0,1248,5.18,0.017,0.024,23,81.51,ISO9001,0,0
97,EMEA,3120.98,85.53,5,34.13,1,0.0,1197,4.82,0.009,0.011,12,54.22,ISO9001+ISO14001,0,0
97,EMEA,3120.98,85.53,5,36.8,1,0.0,1044,4.38,0.005,0.017,19,69.84,ISO9001,1,0
97,EMEA,3120.98,85.53,5,23.34,1,0.0,775,4.7,0.019,0.008,5,60.23,ISO9001,0,0
97,EMEA,3120.98,85.53,5,30.23,1,0.0,1395,4.57,0.025,0.034,48,79.98,ISO9001,1,0
97,EMEA,3120.98,85.53,5,28.99,1,0.0,972,5.88,0.007,0.019,13,83.57,ISO9001,0,0
97,EMEA,3120.98,85.53,5,28.2,1,0.0,1163,4.93,0.027,0.031,30,74.51,ISO9001,0,0
97,EMEA,3120.98,85.53,5,30.5,1,0.0,941,5.93,0.034,0.032,31,84.95,ISO9001+ISO14001,0,0
98,EMEA,3278.87,58.79,7,32.11,1,0.0,1365,4.33,0.031,0.027,40,77.65,ISO9001,1,0
98,EMEA,3278.87,58.79,7,28.72,1,0.0,1298,5.19,0.065,0.0,0,64.47,ISO9001+ISO14001,1,0
98,EMEA,3278.87,58.79,7,35.92,0,6.97,1335,4.36,0.081,0.009,11,67.19,ISO9001,1,1
98,EMEA,3278.87,58.79,7,26.01,1,0.0,1005,4.63,0.028,0.017,15,79.37,ISO9001,1,0
98,EMEA,3278.87,58.79,7,27.59,1,0.0,1339,5.31,0.005,0.021,34,80.79,None,0,0
98,EMEA,3278.87,58.79,7,28.6,0,5.73,804,5.25,0.06,0.018,13,81.15,ISO9001,0,0
98,EMEA,3278.87,58.79,7,30.15,1,0.0,260,4.92,0.012,0.01,4,79.21,ISO9001+ISO14001,0,0
98,EMEA,3278.87,58.79,7,30.78,1,0.0,586,5.85,0.016,0.017,10,80.65,ISO9001,0,0
98,EMEA,3278.87,58.79,7,25.16,0,5.42,1034,5.61,0.05,0.016,14,76.49,ISO9001,0,0
98,EMEA,3278.87,58.79,7,28.83,1,0.0,1095,5.81,0.018,0.021,21,61.63,ISO9001,0,0
98,EMEA,3278.87,58.79,7,29.1,0,4.21,913,4.79,0.064,0.018,20,75.62,ISO9001,1,0
98,EMEA,3278.87,58.79,7,36.95,0,2.88,1394,4.85,0.01,0.027,30,83.28,None,0,0
98,EMEA,3278.87,58.79,7,35.68,1,0.0,1142,6.52,0.039,0.006,8,90.46,ISO9001,1,0
98,EMEA,3278.87,58.79,7,36.25,0,6.99,1066,3.92,0.04,0.0,0,63.23,ISO9001+ISO14001,1,0
98,EMEA,3278.87,58.79,7,25.6,1,0.0,1196,4.84,0.038,0.019,25,63.28,ISO9001,1,0
98,EMEA,3278.87,58.79,7,30.04,1,0.0,931,4.95,0.032,0.023,23,82.53,ISO9001,0,0
98,EMEA,3278.87,58.79,7,34.67,0,8.67,650,4.54,0.053,0.032,26,71.03,ISO9001+ISO14001,1,0
98,EMEA,3278.87,58.79,7,34.26,1,0.0,731,3.95,0.022,0.005,3,67.44,ISO9001,0,0
98,EMEA,3278.87,58.79,7,29.42,1,0.0,624,5.26,0.024,0.025,12,87.02,ISO9001,1,0
98,EMEA,3278.87,58.79,7,30.55,1,0.0,575,4.9,0.033,0.021,10,73.15,ISO9001+ISO14001,1,0
98,EMEA,3278.87,58.79,7,30.3,1,0.0,904,4.46,0.06,0.032,34,71.07,ISO9001,0,0
98,EMEA,3278.87,58.79,7,26.75,1,0.0,472,5.52,0.0,0.018,8,61.76,ISO9001,0,0
98,EMEA,3278.87,58.79,7,29.34,1,0.0,893,5.46,0.041,0.009,10,71.75,ISO9001,0,0
98,EMEA,3278.87,58.79,7,34.52,1,0.0,1055,4.94,0.041,0.01,11,68.71,ISO9001,0,0
98,EMEA,3278.87,58.79,7,31.71,1,0.0,1099,4.56,0.069,0.007,12,77.63,ISO9001,0,0
98,EMEA,3278.87,58.79,7,28.18,1,0.0,1036,5.62,0.035,0.025,29,82.61,ISO9001,1,0
98,EMEA,3278.87,58.79,7,32.51,1,0.0,788,4.62,0.022,0.039,31,73.59,ISO9001,0,0
98,EMEA,3278.87,58.79,7,32.49,1,0.0,1264,4.45,0.015,0.013,21,88.58,ISO9001+ISO14001,1,0
98,EMEA,3278.87,58.79,7,27.66,1,0.0,1054,4.79,0.0,0.023,38,95.44,ISO9001,1,0
98,EMEA,3278.87,58.79,7,28.91,1,0.0,502,4.37,0.014,0.016,5,70.32,None,0,0
98,EMEA,3278.87,58.79,7,32.21,1,0.0,765,5.04,0.04,0.054,40,71.93,ISO9001+ISO14001,1,0
98,EMEA,3278.87,58.79,7,33.23,1,0.0,934,4.09,0.053,0.006,5,56.18,ISO9001,0,0
98,EMEA,3278.87,58.79,7,33.81,1,0.0,836,5.17,0.017,0.019,15,86.34,None,0,0
98,EMEA,3278.87,58.79,7,28.38,1,0.0,584,3.96,0.028,0.025,11,87.01,None,0,0
98,EMEA,3278.87,58.79,7,33.04,0,7.63,1596,5.39,0.067,0.029,35,84.23,ISO9001+ISO14001,1,0
98,EMEA,3278.87,58.79,7,29.72,1,0.0,825,5.74,0.022,0.018,12,67.98,ISO9001,1,0
98,EMEA,3278.87,58.79,7,24.64,1,0.0,712,5.29,0.044,0.002,2,80.79,ISO9001+ISO14001,0,0
99,AMER,2683.63,69.18,4,28.41,1,0.0,913,4.29,0.071,0.01,11,93.2,None,1,0
99,AMER,2683.63,69.18,4,27.77,1,0.0,1030,5.95,0.054,0.025,20,69.08,ISO9001+ISO14001,1,0
99,AMER,2683.63,69.18,4,27.14,1,0.0,1169,5.18,0.062,0.044,40,82.07,ISO9001,1,0
99,AMER,2683.63,69.18,4,30.38,1,0.0,844,4.72,0.019,0.029,26,62.46,ISO9001,1,0
99,AMER,2683.63,69.18,4,26.3,1,0.0,1043,5.57,0.019,0.016,13,76.69,None,0,0
99,AMER,2683.63,69.18,4,32.73,1,0.0,956,4.6,0.071,0.006,5,66.4,None,1,0
99,AMER,2683.63,69.18,4,23.3,1,0.0,1193,4.64,0.017,0.019,22,67.65,ISO9001,0,0
99,AMER,2683.63,69.18,4,26.24,1,0.0,815,5.44,0.034,0.033,18,62.76,ISO9001+ISO14001,1,0
99,AMER,2683.63,69.18,4,28.9,1,0.0,1506,4.63,0.029,0.008,13,71.13,ISO9001,1,0
99,AMER,2683.63,69.18,4,25.93,1,0.0,905,5.31,0.013,0.015,9,89.9,ISO9001,1,0
99,AMER,2683.63,69.18,4,29.99,1,0.0,841,4.34,0.034,0.031,26,71.52,ISO9001+ISO14001,0,0
99,AMER,2683.63,69.18,4,26.6,1,0.0,491,6.25,0.035,0.042,18,80.49,None,0,0
99,AMER,2683.63,69.18,4,30.55,1,0.0,1192,4.87,0.046,0.019,25,64.58,ISO9001,0,0
99,AMER,2683.63,69.18,4,25.62,1,0.0,1317,5.08,0.03,0.03,39,70.09,None,1,0
99,AMER,2683.63,69.18,4,28.43,0,3.74,957,4.3,0.034,0.023,16,71.84,None,0,0
99,AMER,2683.63,69.18,4,24.65,1,0.0,771,4.56,0.032,0.032,20,87.05,ISO9001,0,0
99,AMER,2683.63,69.18,4,27.95,1,0.0,1403,5.54,0.0,0.025,32,82.07,None,0,0
99,AMER,2683.63,69.18,4,31.22,1,0.0,664,4.79,0.021,0.014,13,68.31,None,0,0
99,AMER,2683.63,69.18,4,24.55,1,0.0,602,5.58,0.051,0.0,0,66.84,ISO9001,1,0
99,AMER,2683.63,69.18,4,27.53,1,0.0,1526,5.05,0.013,0.009,5,57.36,ISO9001+ISO14001,1,0
99,AMER,2683.63,69.18,4,26.39,1,0.0,839,5.07,0.056,0.03,29,81.23,ISO9001,0,0
99,AMER,2683.63,69.18,4,32.31,1,0.0,760,5.29,0.038,0.019,12,90.25,ISO9001,1,0
99,AMER,2683.63,69.18,4,32.18,1,0.0,858,4.82,0.017,0.024,18,65.92,ISO9001,1,0
99,AMER,2683.63,69.18,4,28.84,1,0.0,916,5.43,0.03,0.022,18,74.79,ISO9001+ISO14001,1,0
99,AMER,2683.63,69.18,4,26.08,1,0.0,1308,5.07,0.051,0.013,17,83.93,ISO9001,0,0
99,AMER,2683.63,69.18,4,29.12,1,0.0,1112,4.97,0.028,0.021,24,84.17,ISO9001,1,0
99,AMER,2683.63,69.18,4,27.38,1,0.0,604,4.52,0.028,0.002,1,94.34,ISO9001,0,0
99,AMER,2683.63,69.18,4,28.03,1,0.0,978,3.98,0.015,0.027,26,71.54,ISO9001,1,0
99,AMER,2683.63,69.18,4,24.67,1,0.0,754,3.95,0.013,0.021,15,86.13,ISO9001,0,0
99,AMER,2683.63,69.18,4,26.75,1,0.0,1388,5.13,0.021,0.011,14,97.62,ISO9001,0,0
99,AMER,2683.63,69.18,4,29.11,1,0.0,1225,5.4,0.066,0.004,8,82.36,ISO9001,1,0
99,AMER,2683.63,69.18,4,30.41,1,0.0,992,5.89,0.052,0.013,9,57.31,ISO9001+ISO14001,1,0
99,AMER,2683.63,69.18,4,30.14,1,0.0,1261,4.85,0.033,0.01,6,76.71,ISO9001,1,0
99,AMER,2683.63,69.18,4,27.04,1,0.0,681,5.2,0.055,0.022,12,61.44,ISO9001+ISO14001,1,0
99,AMER,2683.63,69.18,4,28.81,1,0.0,1196,5.21,0.065,0.036,32,82.8,ISO9001,1,0
99,AMER,2683.63,69.18,4,22.59,1,0.0,830,4.97,0.017,0.011,8,85.36,ISO9001+ISO14001,1,0
99,AMER,2683.63,69.18,4,33.49,1,0.0,1101,4.41,0.028,0.022,21,72.98,ISO9001+ISO14001,0,0
99,AMER,2683.63,69.18,4,26.42,1,0.0,1224,4.47,0.011,0.037,55,61.6,ISO9001+ISO14001,1,0
99,AMER,2683.63,69.18,4,25.78,1,0.0,1165,4.78,0.066,0.016,24,85.9,ISO9001+ISO14001,1,0
99,AMER,2683.63,69.18,4,28.58,1,0.0,966,3.46,0.081,0.027,28,75.84,None,0,0
99,AMER,2683.63,69.18,4,26.75,1,0.0,1211,5.14,0.04,0.029,36,68.11,ISO9001+ISO14001,1,0
99,AMER,2683.63,69.18,4,30.4,1,0.0,1221,4.3,0.073,0.017,16,70.74,ISO9001+ISO14001,0,0
100,APAC,3188.91,83.96,5,30.68,1,0.0,1036,4.63,0.025,0.0,0,65.95,ISO9001,0,0
100,APAC,3188.91,83.96,5,32.52,0,9.28,823,5.2,0.022,0.013,10,80.97,ISO9001+ISO14001,0,0
100,APAC,3188.91,83.96,5,29.09,0,5.11,817,3.92,0.026,0.013,11,86.53,ISO9001,1,0
100,APAC,3188.91,83.96,5,28.73,0,1.0,1394,5.64,0.055,0.0,0,86.42,ISO9001,1,0
100,APAC,3188.91,83.96,5,30.17,1,0.0,997,4.82,0.06,0.021,28,64.82,None,0,0
100,APAC,3188.91,83.96,5,36.14,1,0.0,917,4.93,0.075,0.017,17,79.09,ISO9001,1,0
100,APAC,3188.91,83.96,5,33.49,1,0.0,888,4.78,0.052,0.011,6,77.09,ISO9001,0,0
100,APAC,3188.91,83.96,5,29.44,1,0.0,919,5.15,0.034,0.0,0,62.08,None,0,0
100,APAC,3188.91,83.96,5,32.56,1,0.0,1262,5.39,0.041,0.003,3,82.19,ISO9001,1,0
100,APAC,3188.91,83.96,5,31.35,0,4.76,901,4.67,0.051,0.021,14,77.55,ISO9001,1,0
100,APAC,3188.91,83.96,5,34.34,1,0.0,681,4.01,0.061,0.019,11,74.8,ISO9001,1,0
100,APAC,3188.91,83.96,5,30.74,0,7.81,819,4.3,0.052,0.01,8,91.32,ISO9001,1,0
100,APAC,3188.91,83.96,5,35.53,0,9.12,846,5.23,0.0,0.008,11,71.14,ISO9001,0,0
100,APAC,3188.91,83.96,5,30.66,1,0.0,635,5.13,0.072,0.016,7,66.86,None,0,0
100,APAC,3188.91,83.96,5,28.64,1,0.0,1032,3.71,0.05,0.017,14,84.77,None,1,0
100,APAC,3188.91,83.96,5,26.39,1,0.0,1131,5.4,0.021,0.009,8,86.61,None,1,0
100,APAC,3188.91,83.96,5,25.42,1,0.0,927,5.15,0.031,0.003,5,82.2,None,0,0
100,APAC,3188.91,83.96,5,27.54,1,0.0,1180,5.69,0.003,0.007,11,90.78,ISO9001,1,0
100,APAC,3188.91,83.96,5,35.04,1,0.0,877,5.03,0.015,0.009,8,76.9,ISO9001,1,0
100,APAC,3188.91,83.96,5,28.87,1,0.0,1049,3.71,0.007,0.0,0,77.62,ISO9001,0,0
100,APAC,3188.91,83.96,5,25.82,1,0.0,873,4.93,0.039,0.019,13,74.42,ISO9001,1,0
100,APAC,3188.91,83.96,5,27.81,1,0.0,1652,5.25,0.017,0.008,9,75.8,ISO9001,1,0
100,APAC,3188.91,83.96,5,31.66,1,0.0,793,4.96,0.015,0.006,4,61.62,ISO9001+ISO14001,1,0
100,APAC,3188.91,83.96,5,22.78,0,5.76,1723,4.44,0.06,0.0,0,89.49,ISO9001,1,0
100,APAC,3188.91,83.96,5,27.32,1,0.0,1257,5.87,0.024,0.008,6,73.09,ISO9001,1,0
100,APAC,3188.91,83.96,5,33.82,1,0.0,1108,4.4,0.001,0.004,9,93.06,ISO9001+ISO14001,1,0
100,APAC,3188.91,83.96,5,33.38,1,0.0,772,5.88,0.051,0.0,0,76.59,None,1,0
100,APAC,3188.91,83.96,5,34.61,1,0.0,868,5.73,0.016,0.013,12,76.55,ISO9001,1,0
100,APAC,3188.91,83.96,5,26.8,1,0.0,1487,6.16,0.066,0.004,8,70.45,ISO9001+ISO14001,1,0
100,APAC,3188.91,83.96,5,27.29,1,0.0,734,5.67,0.035,0.006,3,66.47,None,0,0
100,APAC,3188.91,83.96,5,32.57,1,0.0,984,4.19,0.017,0.01,8,84.08,None,0,0
100,APAC,3188.91,83.96,5,27.32,1,0.0,1133,4.79,0.007,0.008,9,77.86,ISO9001,1,0
100,APAC,3188.91,83.96,5,28.93,1,0.0,1107,3.85,0.021,0.0,0,73.23,ISO9001,1,0
100,APAC,3188.91,83.96,5,32.77,1,0.0,723,5.14,0.04,0.0,0,62.55,None,0,0
100,APAC,3188.91,83.96,5,30.8,1,0.0,1219,6.39,0.0,0.013,13,91.23,ISO9001,1,0
100,APAC,3188.91,83.96,5,26.65,1,0.0,1499,3.8,0.007,0.016,26,87.91,ISO9001,0,0
100,APAC,3188.91,83.96,5,33.89,1,0.0,519,4.99,0.039,0.009,4,92.96,ISO9001,1,0
100,APAC,3188.91,83.96,5,31.39,1,0.0,1548,4.63,0.029,0.023,33,86.65,None,0,0
100,APAC,3188.91,83.96,5,30.71,1,0.0,950,4.11,0.054,0.032,30,89.81,None,0,0
100,APAC,3188.91,83.96,5,28.99,1,0.0,1246,5.33,0.0,0.016,16,90.11,ISO9001,1,0
100,APAC,3188.91,83.96,5,35.19,1,0.0,1102,5.6,0.035,0.006,7,81.9,ISO9001+ISO14001,1,0
100,APAC,3188.91,83.96,5,35.62,1,0.0,996,4.96,0.027,0.026,24,68.03,ISO9001+ISO14001,1,0
100,APAC,3188.91,83.96,5,28.29,1,0.0,949,4.71,0.032,0.008,10,86.68,None,0,0
100,APAC,3188.91,83.96,5,34.2,1,0.0,981,4.67,0.048,0.006,5,90.84,None,0,0
100,APAC,3188.91,83.96,5,34.56,1,0.0,1192,4.66,0.005,0.005,4,80.98,ISO9001,0,0
100,APAC,3188.91,83.96,5,34.29,0,2.84,972,5.09,0.031,0.017,17,85.45,ISO9001,1,0
100,APAC,3188.91,83.96,5,28.03,1,0.0,634,5.27,0.026,0.003,1,65.1,ISO9001+ISO14001,1,0
100,APAC,3188.91,83.96,5,32.43,1,0.0,756,5.87,0.019,0.018,17,99.53,None,0,0
100,APAC,3188.91,83.96,5,31.89,1,0.0,902,4.66,0.047,0.0,0,81.29,None,1,0
100,APAC,3188.91,83.96,5,27.56,1,0.0,1193,4.03,0.0,0.027,23,81.23,ISO9001+ISO14001,1,0
100,APAC,3188.91,83.96,5,30.35,1,0.0,1384,5.84,0.016,0.005,14,76.19,ISO9001+ISO14001,1,0
100,APAC,3188.91,83.96,5,24.95,1,0.0,871,5.69,0.054,0.005,7,69.79,None,1,0
100,APAC,3188.91,83.96,5,31.44,0,5.72,1137,5.2,0.041,0.001,0,75.52,None,0,0
100,APAC,3188.91,83.96,5,29.87,1,0.0,1101,4.71,0.026,0.017,27,78.56,ISO9001,1,0
101,APAC,3450.77,100.0,6,33.5,1,0.0,1026,5.47,0.035,0.006,7,81.94,ISO9001,1,0
101,APAC,3450.77,100.0,6,35.3,1,0.0,777,5.19,0.068,0.009,4,71.61,None,0,0
101,APAC,3450.77,100.0,6,29.41,1,0.0,869,5.07,0.012,0.035,34,68.23,None,0,0
101,APAC,3450.77,100.0,6,29.84,1,0.0,1401,4.26,0.067,0.009,12,50.88,ISO9001,1,0
101,APAC,3450.77,100.0,6,27.64,1,0.0,882,3.88,0.031,0.025,17,86.83,ISO9001,1,0
101,APAC,3450.77,100.0,6,30.9,1,0.0,1103,5.19,0.06,0.004,6,95.24,ISO9001,1,0
101,APAC,3450.77,100.0,6,31.15,1,0.0,920,5.61,0.032,0.006,8,76.3,None,0,0
101,APAC,3450.77,100.0,6,31.09,1,0.0,1615,5.02,0.058,0.008,10,83.14,ISO9001,0,0
101,APAC,3450.77,100.0,6,32.9,1,0.0,435,5.05,0.065,0.0,0,87.36,ISO9001,1,0
101,APAC,3450.77,100.0,6,29.96,1,0.0,538,4.71,0.027,0.006,2,94.11,ISO9001,0,0
101,APAC,3450.77,100.0,6,32.92,1,0.0,958,4.9,0.024,0.023,26,85.04,ISO9001,0,0
101,APAC,3450.77,100.0,6,29.21,1,0.0,1328,5.67,0.051,0.03,49,78.99,None,0,0
101,APAC,3450.77,100.0,6,34.93,1,0.0,1012,4.99,0.057,0.02,11,80.85,ISO9001,0,0
101,APAC,3450.77,100.0,6,32.28,1,0.0,1014,5.66,0.036,0.012,16,75.41,ISO9001,0,0
101,APAC,3450.77,100.0,6,33.59,1,0.0,879,5.76,0.011,0.0,0,85.7,ISO9001,1,0
101,APAC,3450.77,100.0,6,30.44,1,0.0,1243,4.66,0.02,0.02,33,91.74,ISO9001,0,0
101,APAC,3450.77,100.0,6,33.11,1,0.0,950,3.52,0.0,0.026,25,81.81,ISO9001,1,0
101,APAC,3450.77,100.0,6,31.32,1,0.0,801,4.89,0.064,0.01,3,98.45,ISO9001,1,0
101,APAC,3450.77,100.0,6,31.89,1,0.0,1248,4.36,0.055,0.023,30,77.41,None,0,0
101,APAC,3450.77,100.0,6,33.7,1,0.0,276,4.15,0.053,0.019,4,69.31,None,0,0
101,APAC,3450.77,100.0,6,38.96,0,5.88,992,5.24,0.023,0.023,19,78.74,None,0,0
101,APAC,3450.77,100.0,6,31.24,1,0.0,1097,5.74,0.028,0.022,21,86.62,ISO9001,0,0
101,APAC,3450.77,100.0,6,32.04,1,0.0,1321,3.75,0.045,0.012,16,82.3,ISO9001,1,0
101,APAC,3450.77,100.0,6,33.68,1,0.0,714,5.19,0.025,0.018,13,60.77,ISO9001,0,0
101,APAC,3450.77,100.0,6,31.41,1,0.0,1250,5.22,0.048,0.019,27,73.81,ISO9001,1,0
101,APAC,3450.77,100.0,6,30.5,1,0.0,1042,5.79,0.033,0.013,11,71.57,ISO9001,1,0
101,APAC,3450.77,100.0,6,35.36,0,6.1,1079,5.32,0.018,0.005,2,76.58,ISO9001,0,0
101,APAC,3450.77,100.0,6,30.45,1,0.0,925,4.83,0.05,0.014,17,85.4,None,0,0
101,APAC,3450.77,100.0,6,30.09,0,5.65,992,5.91,0.041,0.016,20,68.17,ISO9001,0,0
101,APAC,3450.77,100.0,6,27.76,1,0.0,1057,4.24,0.044,0.019,19,73.28,ISO9001,1,0
101,APAC,3450.77,100.0,6,31.57,1,0.0,1201,6.35,0.063,0.019,18,77.0,ISO9001+ISO14001,0,0
101,APAC,3450.77,100.0,6,32.84,1,0.0,1022,4.68,0.045,0.012,18,72.55,None,0,0
101,APAC,3450.77,100.0,6,28.14,1,0.0,1206,4.88,0.039,0.015,21,72.26,ISO9001+ISO14001,0,0
101,APAC,3450.77,100.0,6,33.34,1,0.0,1371,5.15,0.063,0.017,17,90.2,ISO9001+ISO14001,1,0
101,APAC,3450.77,100.0,6,32.69,1,0.0,873,5.16,0.058,0.029,23,74.52,None,1,0
101,APAC,3450.77,100.0,6,30.55,1,0.0,1527,4.96,0.051,0.015,22,64.67,ISO9001,1,0
101,APAC,3450.77,100.0,6,27.74,1,0.0,1199,5.0,0.054,0.028,30,83.59,ISO9001+ISO14001,0,0
101,APAC,3450.77,100.0,6,35.33,1,0.0,1326,4.51,0.047,0.0,0,86.08,ISO9001,0,0
101,APAC,3450.77,100.0,6,26.39,1,0.0,847,5.32,0.067,0.027,27,65.8,ISO9001,1,0
101,APAC,3450.77,100.0,6,34.13,1,0.0,1174,5.42,0.051,0.016,22,83.37,ISO9001,1,0
101,APAC,3450.77,100.0,6,35.3,1,0.0,1204,4.87,0.049,0.025,27,74.11,ISO9001+ISO14001,1,0
101,APAC,3450.77,100.0,6,34.12,1,0.0,1123,6.29,0.0,0.019,14,81.96,ISO9001,1,0
101,APAC,3450.77,100.0,6,33.43,1,0.0,908,5.52,0.073,0.014,18,86.97,ISO9001,1,0
101,APAC,3450.77,100.0,6,31.03,0,5.98,1282,4.64,0.061,0.036,41,71.84,ISO9001,1,0
101,APAC,3450.77,100.0,6,28.75,1,0.0,1030,4.52,0.035,0.007,3,74.28,ISO9001,1,0
102,EMEA,2581.36,77.99,2,31.89,1,0.0,1014,4.62,0.054,0.02,24,72.87,ISO9001,0,0
102,EMEA,2581.36,77.99,2,23.92,1,0.0,676,5.09,0.04,0.011,3,79.81,ISO9001,1,0
102,EMEA,2581.36,77.99,2,33.76,1,0.0,495,5.01,0.061,0.028,16,90.58,ISO9001,1,0
102,EMEA,2581.36,77.99,2,27.69,1,0.0,1277,4.69,0.044,0.037,48,69.63,None,0,0
102,EMEA,2581.36,77.99,2,29.94,0,4.96,654,4.48,0.035,0.035,26,68.64,ISO9001,0,0
102,EMEA,2581.36,77.99,2,29.31,1,0.0,1276,5.36,0.049,0.024,44,89.79,None,0,0
102,EMEA,2581.36,77.99,2,30.01,1,0.0,910,4.81,0.059,0.035,31,56.55,None,0,0
102,EMEA,2581.36,77.99,2,26.61,0,5.41,938,3.41,0.056,0.027,29,71.63,None,0,0
102,EMEA,2581.36,77.99,2,28.06,1,0.0,1174,5.41,0.021,0.02,21,73.41,ISO9001,1,0
102,EMEA,2581.36,77.99,2,27.91,1,0.0,594,5.45,0.05,0.016,8,72.57,ISO9001+ISO14001,1,0
102,EMEA,2581.36,77.99,2,32.15,1,0.0,911,5.64,0.028,0.02,20,94.21,ISO9001,1,0
102,EMEA,2581.36,77.99,2,26.75,1,0.0,1465,3.82,0.043,0.034,61,64.67,None,0,0
102,EMEA,2581.36,77.99,2,34.78,0,4.58,897,4.15,0.057,0.02,13,67.36,ISO9001,0,0
102,EMEA,2581.36,77.99,2,29.21,1,0.0,948,5.45,0.061,0.016,13,56.36,None,0,0
102,EMEA,2581.36,77.99,2,22.16,1,0.0,1058,5.27,0.072,0.028,23,78.45,ISO9001,0,0
102,EMEA,2581.36,77.99,2,30.1,0,6.87,658,4.95,0.04,0.032,19,63.6,ISO9001,0,0
102,EMEA,2581.36,77.99,2,24.51,0,3.35,1324,4.63,0.004,0.03,52,83.78,ISO9001+ISO14001,1,0
102,EMEA,2581.36,77.99,2,26.83,1,0.0,1096,4.65,0.0,0.039,45,77.62,ISO9001,1,0
102,EMEA,2581.36,77.99,2,26.57,1,0.0,1024,4.24,0.037,0.035,41,80.25,ISO9001,0,0
102,EMEA,2581.36,77.99,2,29.72,1,0.0,827,3.79,0.02,0.01,6,72.6,None,0,0
102,EMEA,2581.36,77.99,2,35.01,1,0.0,1633,6.11,0.056,0.048,81,67.71,None,0,0
102,EMEA,2581.36,77.99,2,33.0,1,0.0,1187,5.04,0.031,0.036,39,80.16,None,0,0
102,EMEA,2581.36,77.99,2,33.62,1,0.0,900,5.25,0.015,0.025,21,73.44,None,0,0
102,EMEA,2581.36,77.99,2,30.49,1,0.0,814,5.22,0.035,0.036,29,71.63,ISO9001,0,0
102,EMEA,2581.36,77.99,2,29.31,1,0.0,1055,4.76,0.079,0.043,42,93.86,ISO9001,1,0
102,EMEA,2581.36,77.99,2,27.86,1,0.0,1138,4.56,0.088,0.028,44,79.77,ISO9001,1,0
102,EMEA,2581.36,77.99,2,27.07,1,0.0,1276,5.3,0.031,0.031,43,78.97,None,1,0
102,EMEA,2581.36,77.99,2,23.03,1,0.0,871,4.83,0.078,0.015,9,74.55,ISO9001+ISO14001,1,0
102,EMEA,2581.36,77.99,2,26.29,1,0.0,1072,5.23,0.018,0.032,36,72.02,ISO9001,1,0
102,EMEA,2581.36,77.99,2,26.06,1,0.0,686,3.65,0.019,0.006,6,78.15,None,0,0
102,EMEA,2581.36,77.99,2,26.99,0,3.98,870,5.02,0.033,0.034,30,59.59,None,0,0
103,EMEA,3086.76,69.37,6,29.44,1,0.0,1069,4.96,0.023,0.017,24,84.3,ISO9001+ISO14001,0,0
103,EMEA,3086.76,69.37,6,32.28,1,0.0,869,5.12,0.033,0.011,11,73.48,ISO9001,0,0
103,EMEA,3086.76,69.37,6,26.8,1,0.0,960,4.51,0.006,0.023,19,63.42,ISO9001+ISO14001,1,0
103,EMEA,3086.76,69.37,6,28.11,1,0.0,610,4.96,0.0,0.021,8,73.05,ISO9001+ISO14001,0,0
103,EMEA,3086.76,69.37,6,26.16,1,0.0,1322,5.09,0.027,0.025,36,61.18,ISO9001+ISO14001,1,0
103,EMEA,3086.76,69.37,6,27.39,1,0.0,890,5.79,0.043,0.015,13,75.5,ISO9001+ISO14001,1,0
103,EMEA,3086.76,69.37,6,27.28,1,0.0,933,5.17,0.073,0.017,18,93.74,ISO9001+ISO14001,1,0
103,EMEA,3086.76,69.37,6,31.34,1,0.0,1198,5.5,0.028,0.008,9,75.58,ISO9001,0,0
103,EMEA,3086.76,69.37,6,30.31,1,0.0,753,6.13,0.023,0.012,13,84.39,ISO9001+ISO14001,1,0
103,EMEA,3086.76,69.37,6,30.64,1,0.0,1380,4.9,0.009,0.0,1,74.3,ISO9001+ISO14001,1,0
103,EMEA,3086.76,69.37,6,28.64,1,0.0,1189,4.87,0.0,0.002,0,73.54,ISO9001+ISO14001,1,0
103,EMEA,3086.76,69.37,6,29.16,1,0.0,1333,4.69,0.011,0.014,14,70.48,ISO9001,1,0
103,EMEA,3086.76,69.37,6,28.39,1,0.0,1386,4.98,0.018,0.029,49,83.12,ISO9001,1,0
103,EMEA,3086.76,69.37,6,29.77,0,7.27,893,6.17,0.009,0.019,10,75.97,ISO9001,1,0
103,EMEA,3086.76,69.37,6,37.22,1,0.0,531,5.65,0.038,0.018,10,85.54,ISO9001+ISO14001,1,0
103,EMEA,3086.76,69.37,6,29.29,1,0.0,926,5.11,0.006,0.008,6,86.32,None,0,0
103,EMEA,3086.76,69.37,6,22.88,1,0.0,1290,5.94,0.064,0.004,9,79.01,None,0,0
103,EMEA,3086.76,69.37,6,29.45,0,4.84,1029,4.47,0.021,0.006,6,75.83,ISO9001,0,0
103,EMEA,3086.76,69.37,6,27.64,1,0.0,779,5.86,0.031,0.005,5,76.91,ISO9001,1,0
103,EMEA,3086.76,69.37,6,31.77,1,0.0,1550,5.61,0.038,0.018,17,100.0,ISO9001,1,0
103,EMEA,3086.76,69.37,6,27.42,1,0.0,848,4.89,0.077,0.005,4,88.89,ISO9001,0,0
103,EMEA,3086.76,69.37,6,28.48,1,0.0,828,4.61,0.029,0.01,6,74.04,None,0,0
103,EMEA,3086.76,69.37,6,32.6,0,6.54,880,5.66,0.002,0.019,16,85.49,ISO9001,1,0
103,EMEA,3086.76,69.37,6,31.29,1,0.0,813,4.12,0.04,0.003,2,74.75,None,0,0
103,EMEA,3086.76,69.37,6,33.27,1,0.0,1320,3.29,0.0,0.031,44,82.53,ISO9001,1,0
103,EMEA,3086.76,69.37,6,31.71,1,0.0,1121,5.51,0.044,0.016,17,83.66,ISO9001,0,0
103,EMEA,3086.76,69.37,6,30.43,0,6.45,1174,4.92,0.03,0.031,28,96.76,ISO9001,1,0
103,EMEA,3086.76,69.37,6,34.66,1,0.0,1384,5.76,0.022,0.012,19,68.08,ISO9001,1,0
103,EMEA,3086.76,69.37,6,26.08,1,0.0,835,4.91,0.026,0.006,4,80.29,None,0,0
103,EMEA,3086.76,69.37,6,28.54,1,0.0,868,5.37,0.049,0.012,12,65.67,None,0,0
103,EMEA,3086.76,69.37,6,31.38,1,0.0,879,4.88,0.019,0.015,10,83.62,ISO9001,0,0
103,EMEA,3086.76,69.37,6,34.19,1,0.0,1078,4.64,0.008,0.007,6,87.07,ISO9001,0,0
103,EMEA,3086.76,69.37,6,26.04,0,5.32,348,4.76,0.0,0.014,7,82.11,ISO9001,1,0
103,EMEA,3086.76,69.37,6,31.05,1,0.0,727,4.39,0.024,0.021,19,76.63,ISO9001+ISO14001,1,0
103,EMEA,3086.76,69.37,6,30.77,1,0.0,1189,5.25,0.048,0.024,29,86.66,ISO9001,1,0
103,EMEA,3086.76,69.37,6,32.24,1,0.0,1121,4.24,0.04,0.024,28,82.67,None,0,0
103,EMEA,3086.76,69.37,6,27.65,0,5.59,1239,4.86,0.008,0.026,30,83.44,ISO9001,1,0
103,EMEA,3086.76,69.37,6,26.77,1,0.0,915,5.19,0.038,0.022,28,83.27,ISO9001,1,0
103,EMEA,3086.76,69.37,6,33.49,1,0.0,928,4.33,0.03,0.026,31,81.61,ISO9001,1,0
103,EMEA,3086.76,69.37,6,24.64,1,0.0,642,3.84,0.026,0.024,9,84.11,ISO9001,1,0
103,EMEA,3086.76,69.37,6,23.39,1,0.0,1399,5.46,0.044,0.0,0,88.51,ISO9001+ISO14001,1,0
103,EMEA,3086.76,69.37,6,25.21,1,0.0,880,4.8,0.024,0.011,4,67.84,ISO9001,0,0
103,EMEA,3086.76,69.37,6,30.08,0,5.2,940,4.83,0.038,0.012,13,78.09,None,1,0
104,EMEA,2864.99,73.97,6,30.49,1,0.0,799,4.46,0.009,0.014,5,64.26,ISO9001,1,0
104,EMEA,2864.99,73.97,6,28.25,1,0.0,808,4.41,0.018,0.021,10,86.44,None,0,0
104,EMEA,2864.99,73.97,6,31.37,1,0.0,1130,5.82,0.024,0.028,25,68.74,ISO9001,1,0
104,EMEA,2864.99,73.97,6,29.14,1,0.0,859,5.67,0.07,0.029,23,82.55,None,0,0
104,EMEA,2864.99,73.97,6,30.0,1,0.0,1050,4.18,0.058,0.047,55,77.69,ISO9001,1,0
104,EMEA,2864.99,73.97,6,35.28,1,0.0,1094,4.82,0.048,0.004,5,66.23,ISO9001,1,0
104,EMEA,2864.99,73.97,6,29.73,1,0.0,909,4.25,0.021,0.02,15,76.86,None,0,0
104,EMEA,2864.99,73.97,6,27.72,1,0.0,410,5.38,0.058,0.016,7,68.19,None,1,0
104,EMEA,2864.99,73.97,6,27.88,1,0.0,1404,4.91,0.023,0.029,37,91.87,ISO9001,1,0
104,EMEA,2864.99,73.97,6,34.13,1,0.0,1280,5.49,0.014,0.009,15,86.35,None,0,0
104,EMEA,2864.99,73.97,6,26.09,1,0.0,791,4.36,0.061,0.032,29,72.42,ISO9001,1,0
104,EMEA,2864.99,73.97,6,32.47,1,0.0,1160,4.82,0.021,0.026,35,62.92,ISO9001,1,0
104,EMEA,2864.99,73.97,6,28.83,1,0.0,752,4.99,0.041,0.009,7,89.07,ISO9001,0,0
104,EMEA,2864.99,73.97,6,32.28,1,0.0,503,6.12,0.072,0.02,9,79.41,ISO9001,1,0
104,EMEA,2864.99,73.97,6,29.99,1,0.0,1383,3.65,0.032,0.015,24,87.63,ISO9001+ISO14001,0,0
104,EMEA,2864.99,73.97,6,26.76,1,0.0,1060,5.21,0.032,0.024,25,65.6,None,0,0
104,EMEA,2864.99,73.97,6,26.03,0,5.13,993,4.75,0.034,0.041,49,91.85,ISO9001,1,0
104,EMEA,2864.99,73.97,6,27.98,1,0.0,1466,4.3,0.041,0.032,42,67.62,ISO9001,0,0
104,EMEA,2864.99,73.97,6,31.55,1,0.0,706,5.3,0.071,0.021,12,74.51,ISO9001,1,0
104,EMEA,2864.99,73.97,6,29.29,1,0.0,968,5.79,0.0,0.024,27,49.96,ISO9001,1,0
104,EMEA,2864.99,73.97,6,33.64,1,0.0,1367,4.93,0.034,0.01,15,61.55,ISO9001,1,0
104,EMEA,2864.99,73.97,6,34.67,1,0.0,1267,5.05,0.049,0.038,56,59.7,ISO9001,1,0
104,EMEA,2864.99,73.97,6,26.27,1,0.0,1115,5.2,0.045,0.021,22,78.59,ISO9001+ISO14001,0,0
104,EMEA,2864.99,73.97,6,29.09,1,0.0,733,5.46,0.06,0.024,25,69.93,None,0,0
104,EMEA,2864.99,73.97,6,24.36,1,0.0,642,4.61,0.024,0.023,23,82.59,ISO9001,1,0
104,EMEA,2864.99,73.97,6,30.25,1,0.0,1115,5.73,0.049,0.044,51,80.39,ISO9001+ISO14001,1,0
104,EMEA,2864.99,73.97,6,32.99,0,8.49,680,4.85,0.056,0.036,24,75.7,None,0,0
104,EMEA,2864.99,73.97,6,23.23,1,0.0,773,4.8,0.01,0.006,7,71.35,ISO9001,1,0
104,EMEA,2864.99,73.97,6,25.01,0,2.79,1080,5.52,0.049,0.03,37,90.27,ISO9001,1,0
104,EMEA,2864.99,73.97,6,22.21,0,1.91,1003,6.1,0.02,0.026,22,66.44,None,1,0
104,EMEA,2864.99,73.97,6,29.6,1,0.0,896,3.95,0.017,0.03,22,47.39,ISO9001,1,0
104,EMEA,2864.99,73.97,6,30.69,1,0.0,295,4.08,0.021,0.025,7,84.97,ISO9001+ISO14001,0,0
104,EMEA,2864.99,73.97,6,33.54,1,0.0,904,5.56,0.021,0.012,9,85.62,None,0,0
104,EMEA,2864.99,73.97,6,30.12,1,0.0,1141,6.11,0.039,0.031,42,76.32,None,0,0
104,EMEA,2864.99,73.97,6,22.78,1,0.0,1248,3.81,0.035,0.035,46,88.52,ISO9001+ISO14001,0,0
104,EMEA,2864.99,73.97,6,31.01,1,0.0,1125,5.35,0.058,0.016,16,80.89,ISO9001,1,0
104,EMEA,2864.99,73.97,6,30.89,1,0.0,846,5.13,0.036,0.012,11,61.78,ISO9001+ISO14001,1,0
104,EMEA,2864.99,73.97,6,34.12,1,0.0,1023,5.61,0.035,0.015,14,57.02,None,0,0
104,EMEA,2864.99,73.97,6,32.58,0,4.73,1001,4.87,0.0,0.025,24,70.09,None,0,0
104,EMEA,2864.99,73.97,6,34.21,1,0.0,1426,4.98,0.058,0.023,29,62.23,ISO9001,1,0
104,EMEA,2864.99,73.97,6,32.68,1,0.0,771,4.92,0.066,0.021,15,97.4,ISO9001,1,0
105,EMEA,2382.59,84.48,9,34.52,0,7.6,1393,5.62,0.039,0.023,30,73.64,ISO9001,1,0
105,EMEA,2382.59,84.48,9,24.82,0,6.92,966,4.4,0.028,0.005,4,95.93,ISO9001,0,0
105,EMEA,2382.59,84.48,9,28.9,1,0.0,1161,5.27,0.05,0.0,0,75.18,ISO9001,1,0
105,EMEA,2382.59,84.48,9,23.83,0,4.0,1134,5.23,0.009,0.0,0,63.69,None,0,0
105,EMEA,2382.59,84.48,9,25.91,1,0.0,1048,5.53,0.037,0.015,15,89.84,None,0,0
105,EMEA,2382.59,84.48,9,27.56,1,0.0,565,5.64,0.066,0.012,9,76.83,ISO9001+ISO14001,1,0
105,EMEA,2382.59,84.48,9,20.12,1,0.0,806,5.32,0.067,0.0,0,76.19,ISO9001,0,0
105,EMEA,2382.59,84.48,9,30.42,0,7.31,1130,4.78,0.036,0.019,25,88.62,ISO9001,0,0
105,EMEA,2382.59,84.48,9,25.7,1,0.0,1488,5.05,0.031,0.004,9,81.18,ISO9001+ISO14001,1,0
105,EMEA,2382.59,84.48,9,32.06,1,0.0,801,4.99,0.034,0.007,3,65.76,ISO9001,0,0
105,EMEA,2382.59,84.48,9,27.43,1,0.0,1013,4.89,0.014,0.012,17,77.89,ISO9001,1,0
105,EMEA,2382.59,84.48,9,28.98,1,0.0,1000,4.05,0.063,0.01,10,84.88,ISO9001+ISO14001,0,0
105,EMEA,2382.59,84.48,9,28.27,1,0.0,619,4.5,0.036,0.017,16,75.74,None,0,0
105,EMEA,2382.59,84.48,9,25.68,1,0.0,492,4.27,0.048,0.012,4,100.0,ISO9001+ISO14001,1,0
105,EMEA,2382.59,84.48,9,28.32,0,8.78,764,4.59,0.021,0.036,31,86.38,ISO9001,0,0
105,EMEA,2382.59,84.48,9,29.04,1,0.0,895,5.18,0.0,0.013,18,83.78,ISO9001+ISO14001,1,0
105,EMEA,2382.59,84.48,9,28.22,0,1.06,409,5.52,0.01,0.018,5,71.27,None,1,0
105,EMEA,2382.59,84.48,9,34.58,1,0.0,1435,5.29,0.0,0.0,0,85.76,ISO9001,1,0
105,EMEA,2382.59,84.48,9,27.39,1,0.0,811,5.72,0.027,0.005,5,85.67,ISO9001+ISO14001,1,0
106,APAC,3953.52,66.85,1,36.33,1,0.0,879,5.77,0.026,0.037,43,76.94,ISO9001+ISO14001,1,0
106,APAC,3953.52,66.85,1,32.71,1,0.0,795,3.92,0.014,0.033,25,63.21,None,1,0
106,APAC,3953.52,66.85,1,28.29,1,0.0,922,5.1,0.018,0.028,30,52.32,ISO9001,0,0
106,APAC,3953.52,66.85,1,34.4,1,0.0,1149,5.75,0.066,0.04,50,80.64,ISO9001+ISO14001,0,0
106,APAC,3953.52,66.85,1,31.79,0,6.61,1036,5.4,0.051,0.031,38,91.28,ISO9001,1,0
106,APAC,3953.52,66.85,1,33.32,1,0.0,830,5.1,0.046,0.04,31,67.95,None,0,0
106,APAC,3953.52,66.85,1,26.88,0,4.55,1037,5.33,0.053,0.03,23,88.2,ISO9001,1,0
106,APAC,3953.52,66.85,1,31.79,1,0.0,1091,5.02,0.054,0.033,44,84.05,ISO9001+ISO14001,1,0
106,APAC,3953.52,66.85,1,35.46,0,7.96,1004,4.21,0.051,0.026,28,78.67,ISO9001,1,0
106,APAC,3953.52,66.85,1,32.52,1,0.0,990,4.15,0.064,0.052,44,80.92,ISO9001,0,0
106,APAC,3953.52,66.85,1,32.96,0,8.34,1035,5.63,0.082,0.034,38,78.46,ISO9001+ISO14001,0,0
106,APAC,3953.52,66.85,1,37.83,1,0.0,749,4.76,0.034,0.027,16,79.1,ISO9001+ISO14001,1,0
106,APAC,3953.52,66.85,1,27.28,1,0.0,978,4.93,0.022,0.034,34,80.56,None,0,0
106,APAC,3953.52,66.85,1,35.46,0,8.09,854,5.06,0.013,0.025,14,62.6,ISO9001+ISO14001,1,0
106,APAC,3953.52,66.85,1,33.07,1,0.0,1279,5.28,0.052,0.039,46,73.25,None,0,0
106,APAC,3953.52,66.85,1,32.74,1,0.0,1161,4.56,0.045,0.033,46,69.21,None,0,0
106,APAC,3953.52,66.85,1,36.92,1,0.0,1115,5.42,0.063,0.018,14,59.24,ISO9001,1,0
107,APAC,4095.09,60.13,2,35.54,1,0.0,1683,4.75,0.059,0.024,33,71.89,ISO9001,0,0
107,APAC,4095.09,60.13,2,33.76,0,1.21,1320,5.08,0.064,0.026,34,61.5,None,0,1
107,APAC,4095.09,60.13,2,31.94,0,8.61,575,5.84,0.048,0.032,22,73.47,ISO9001+ISO14001,0,0
107,APAC,4095.09,60.13,2,37.14,1,0.0,1132,4.72,0.068,0.036,47,66.85,ISO9001+ISO14001,1,0
107,APAC,4095.09,60.13,2,35.72,1,0.0,568,5.3,0.063,0.034,22,72.32,ISO9001,1,0
107,APAC,4095.09,60.13,2,32.85,1,0.0,737,5.2,0.048,0.033,26,81.58,None,0,0
107,APAC,4095.09,60.13,2,30.93,0,3.42,1236,5.2,0.022,0.025,41,61.96,ISO9001,1,0
107,APAC,4095.09,60.13,2,35.43,1,0.0,977,4.94,0.03,0.022,21,67.98,None,0,0
107,APAC,4095.09,60.13,2,35.11,1,0.0,1438,4.81,0.064,0.046,67,68.46,ISO9001,0,0
107,APAC,4095.09,60.13,2,31.41,0,1.0,827,5.2,0.029,0.029,21,69.74,ISO9001,1,0
107,APAC,4095.09,60.13,2,33.17,1,0.0,1155,6.27,0.03,0.029,35,69.54,ISO9001+ISO14001,1,0
107,APAC,4095.09,60.13,2,34.79,1,0.0,1278,4.68,0.013,0.032,36,81.43,ISO9001,1,0
107,APAC,4095.09,60.13,2,34.25,1,0.0,943,5.1,0.052,0.026,33,60.26,ISO9001,1,0
107,APAC,4095.09,60.13,2,35.04,1,0.0,583,4.87,0.041,0.037,20,78.42,None,0,0
107,APAC,4095.09,60.13,2,37.93,0,10.86,1395,5.15,0.028,0.043,49,70.35,None,0,0
107,APAC,4095.09,60.13,2,34.44,1,0.0,915,5.32,0.047,0.027,29,80.41,ISO9001,0,0
107,APAC,4095.09,60.13,2,33.61,0,4.03,1074,5.13,0.017,0.025,29,87.61,ISO9001,0,0
107,APAC,4095.09,60.13,2,33.84,1,0.0,853,4.6,0.041,0.026,22,88.66,ISO9001,1,0
107,APAC,4095.09,60.13,2,33.98,1,0.0,1202,4.65,0.03,0.032,44,90.58,ISO9001,1,0
107,APAC,4095.09,60.13,2,35.19,1,0.0,1005,3.56,0.028,0.027,33,78.45,ISO9001,0,0
107,APAC,4095.09,60.13,2,31.2,1,0.0,825,5.48,0.026,0.02,13,72.1,ISO9001,1,0
107,APAC,4095.09,60.13,2,34.26,1,0.0,1018,5.47,0.058,0.03,25,57.01,ISO9001+ISO14001,0,0
107,APAC,4095.09,60.13,2,37.79,0,5.95,1068,5.0,0.045,0.024,30,72.57,ISO9001,0,0
107,APAC,4095.09,60.13,2,37.53,1,0.0,571,4.04,0.041,0.013,7,68.86,ISO9001+ISO14001,1,0
107,APAC,4095.09,60.13,2,32.82,0,7.24,1318,4.22,0.036,0.018,26,78.02,ISO9001,0,0
107,APAC,4095.09,60.13,2,29.33,1,0.0,1245,5.86,0.034,0.028,31,61.96,ISO9001,0,0
107,APAC,4095.09,60.13,2,38.01,0,8.48,1050,4.7,0.027,0.013,15,69.3,ISO9001,1,0
107,APAC,4095.09,60.13,2,34.71,1,0.0,607,4.22,0.028,0.024,20,58.42,ISO9001+ISO14001,0,0
107,APAC,4095.09,60.13,2,34.6,1,0.0,661,4.44,0.059,0.019,6,74.78,ISO9001,1,0
107,APAC,4095.09,60.13,2,30.14,1,0.0,875,4.51,0.058,0.03,28,84.96,ISO9001,0,0
107,APAC,4095.09,60.13,2,33.64,1,0.0,1303,4.75,0.051,0.041,54,46.95,ISO9001,0,0
107,APAC,4095.09,60.13,2,30.91,1,0.0,930,6.2,0.021,0.024,11,82.4,ISO9001,0,0
107,APAC,4095.09,60.13,2,35.96,0,10.16,1171,5.18,0.063,0.031,32,71.88,ISO9001,1,0
107,APAC,4095.09,60.13,2,34.15,0,1.41,551,5.35,0.053,0.029,18,78.53,ISO9001,1,0
107,APAC,4095.09,60.13,2,31.01,0,5.9,797,5.4,0.033,0.046,44,68.21,ISO9001,1,0
107,APAC,4095.09,60.13,2,34.9,1,0.0,1185,4.96,0.0,0.015,25,76.88,ISO9001,1,0
107,APAC,4095.09,60.13,2,34.21,1,0.0,835,5.36,0.064,0.027,25,78.3,ISO9001,0,0
107,APAC,4095.09,60.13,2,34.91,1,0.0,799,4.87,0.036,0.038,30,84.86,ISO9001,0,0
107,APAC,4095.09,60.13,2,31.94,1,0.0,681,4.27,0.002,0.02,13,69.34,ISO9001+ISO14001,0,0
107,APAC,4095.09,60.13,2,34.39,1,0.0,1132,5.06,0.05,0.012,13,78.33,ISO9001,1,0
107,APAC,4095.09,60.13,2,31.32,1,0.0,1094,5.33,0.072,0.036,47,95.94,ISO9001,0,0
107,APAC,4095.09,60.13,2,30.12,1,0.0,1331,4.52,0.041,0.016,18,88.58,ISO9001,1,0
107,APAC,4095.09,60.13,2,31.64,1,0.0,1302,5.15,0.01,0.021,31,69.39,None,0,0
107,APAC,4095.09,60.13,2,36.0,0,9.11,972,4.23,0.063,0.033,38,56.83,ISO9001,1,1
108,EMEA,3453.23,66.6,6,27.95,1,0.0,969,5.26,0.008,0.025,18,61.19,ISO9001+ISO14001,1,0
108,EMEA,3453.23,66.6,6,33.52,1,0.0,586,6.06,0.033,0.021,14,86.37,None,0,0
108,EMEA,3453.23,66.6,6,31.93,0,9.17,1099,6.35,0.052,0.015,19,70.24,ISO9001,1,0
108,EMEA,3453.23,66.6,6,29.9,1,0.0,1241,4.82,0.058,0.028,37,80.47,None,0,0
108,EMEA,3453.23,66.6,6,28.43,1,0.0,1150,4.36,0.006,0.019,21,66.82,None,0,0
108,EMEA,3453.23,66.6,6,33.94,1,0.0,652,4.83,0.038,0.01,12,79.95,ISO9001+ISO14001,1,0
108,EMEA,3453.23,66.6,6,33.11,1,0.0,1029,5.07,0.005,0.024,28,83.12,None,0,0
108,EMEA,3453.23,66.6,6,29.12,1,0.0,723,5.55,0.038,0.036,28,85.03,ISO9001,0,0
108,EMEA,3453.23,66.6,6,37.56,1,0.0,885,4.41,0.025,0.012,11,71.36,None,0,0
108,EMEA,3453.23,66.6,6,36.41,1,0.0,1122,5.56,0.002,0.013,22,60.13,ISO9001+ISO14001,1,0
108,EMEA,3453.23,66.6,6,34.09,1,0.0,874,4.4,0.067,0.02,8,73.8,ISO9001+ISO14001,0,0
108,EMEA,3453.23,66.6,6,27.96,1,0.0,873,4.09,0.056,0.011,7,70.25,ISO9001,1,0
108,EMEA,3453.23,66.6,6,25.7,1,0.0,1243,5.81,0.035,0.012,12,80.82,None,0,0
108,EMEA,3453.23,66.6,6,30.44,0,6.73,1288,5.36,0.012,0.036,42,80.78,ISO9001,1,0
108,EMEA,3453.23,66.6,6,35.1,1,0.0,1012,5.13,0.041,0.021,22,75.88,None,0,0
108,EMEA,3453.23,66.6,6,28.68,1,0.0,801,5.24,0.028,0.02,11,83.07,ISO9001,0,0
108,EMEA,3453.23,66.6,6,34.21,1,0.0,886,4.74,0.034,0.01,5,71.94,ISO9001+ISO14001,0,0
108,EMEA,3453.23,66.6,6,26.5,1,0.0,1313,4.09,0.043,0.025,36,85.79,ISO9001,0,0
108,EMEA,3453.23,66.6,6,31.23,0,6.85,1211,4.96,0.025,0.013,14,65.09,ISO9001,0,0
108,EMEA,3453.23,66.6,6,30.6,1,0.0,1296,4.56,0.058,0.022,32,66.65,ISO9001,1,0
108,EMEA,3453.23,66.6,6,31.45,1,0.0,520,5.66,0.059,0.009,3,69.11,ISO9001,0,0
108,EMEA,3453.23,66.6,6,31.23,1,0.0,1001,5.45,0.03,0.025,25,70.17,ISO9001+ISO14001,0,0
108,EMEA,3453.23,66.6,6,30.12,1,0.0,1068,5.4,0.01,0.028,23,58.61,ISO9001,1,0
108,EMEA,3453.23,66.6,6,34.64,1,0.0,1288,4.43,0.015,0.023,30,78.64,None,1,0
108,EMEA,3453.23,66.6,6,28.37,1,0.0,1381,4.41,0.044,0.025,32,72.75,ISO9001,0,0
108,EMEA,3453.23,66.6,6,25.66,1,0.0,614,4.51,0.055,0.0,0,62.35,ISO9001,1,0
108,EMEA,3453.23,66.6,6,31.78,1,0.0,1027,4.99,0.036,0.037,41,65.69,None,0,0
108,EMEA,3453.23,66.6,6,33.94,1,0.0,779,5.21,0.034,0.032,22,59.34,ISO9001,1,0
108,EMEA,3453.23,66.6,6,30.62,1,0.0,742,4.57,0.036,0.011,4,79.72,ISO9001,1,0
108,EMEA,3453.23,66.6,6,29.11,1,0.0,785,5.65,0.035,0.023,15,93.19,ISO9001,0,0
108,EMEA,3453.23,66.6,6,31.22,0,7.55,1459,6.06,0.034,0.021,26,87.34,ISO9001,1,0
108,EMEA,3453.23,66.6,6,29.2,1,0.0,823,5.03,0.046,0.008,6,84.64,ISO9001,1,0
109,APAC,3602.7,41.25,4,31.0,1,0.0,742,5.31,0.068,0.033,22,64.83,ISO9001,1,0
109,APAC,3602.7,41.25,4,29.41,1,0.0,792,5.99,0.057,0.027,27,54.17,ISO9001,1,0
109,APAC,3602.7,41.25,4,35.22,1,0.0,1304,5.03,0.021,0.028,37,78.11,ISO9001,1,0
109,APAC,3602.7,41.25,4,30.22,1,0.0,908,5.79,0.041,0.03,30,79.38,ISO9001,1,0
109,APAC,3602.7,41.25,4,31.55,1,0.0,645,5.09,0.015,0.014,8,76.88,None,0,0
109,APAC,3602.7,41.25,4,37.68,1,0.0,866,4.99,0.018,0.026,26,79.63,ISO9001,0,0
109,APAC,3602.7,41.25,4,36.62,0,7.6,1085,5.15,0.032,0.006,10,69.33,ISO9001,0,1
109,APAC,3602.7,41.25,4,32.95,1,0.0,862,4.8,0.013,0.045,46,71.14,None,0,0
109,APAC,3602.7,41.25,4,29.58,0,4.54,996,5.43,0.026,0.019,14,65.54,ISO9001,0,1
109,APAC,3602.7,41.25,4,34.78,1,0.0,1120,4.85,0.029,0.028,31,72.5,ISO9001,1,0
109,APAC,3602.7,41.25,4,30.49,1,0.0,1024,4.11,0.057,0.024,23,67.72,ISO9001,1,0
109,APAC,3602.7,41.25,4,29.38,1,0.0,664,4.81,0.043,0.027,20,73.91,None,0,0
109,APAC,3602.7,41.25,4,33.33,1,0.0,999,4.65,0.022,0.023,28,80.2,ISO9001,1,0
109,APAC,3602.7,41.25,4,26.48,1,0.0,935,5.43,0.044,0.014,18,63.85,ISO9001,1,0
109,APAC,3602.7,41.25,4,38.44,1,0.0,900,4.2,0.041,0.033,24,90.15,ISO9001,0,0
109,APAC,3602.7,41.25,4,33.5,0,9.1,864,5.36,0.049,0.023,17,70.78,None,0,1
109,APAC,3602.7,41.25,4,29.67,1,0.0,970,5.97,0.011,0.025,28,75.05,None,0,0
109,APAC,3602.7,41.25,4,32.32,1,0.0,1145,4.13,0.042,0.03,38,98.09,ISO9001,1,0
109,APAC,3602.7,41.25,4,30.85,1,0.0,1178,5.69,0.056,0.0,0,82.72,None,0,0
109,APAC,3602.7,41.25,4,29.89,1,0.0,1131,4.91,0.043,0.017,23,65.08,ISO9001+ISO14001,1,0
109,APAC,3602.7,41.25,4,32.23,1,0.0,1168,6.12,0.046,0.025,28,71.61,None,0,0
109,APAC,3602.7,41.25,4,33.2,0,5.44,1312,6.28,0.026,0.034,45,57.79,ISO9001+ISO14001,1,1
109,APAC,3602.7,41.25,4,36.62,1,0.0,580,4.69,0.001,0.045,27,90.42,ISO9001+ISO14001,0,0
109,APAC,3602.7,41.25,4,33.13,1,0.0,1298,6.3,0.062,0.036,51,75.08,None,0,0
109,APAC,3602.7,41.25,4,32.62,0,4.4,719,4.62,0.017,0.013,8,72.73,ISO9001,1,0
109,APAC,3602.7,41.25,4,32.76,1,0.0,675,5.41,0.016,0.02,11,77.8,ISO9001+ISO14001,1,0
109,APAC,3602.7,41.25,4,33.57,0,9.25,499,5.71,0.021,0.017,9,53.67,ISO9001,1,1
109,APAC,3602.7,41.25,4,27.72,0,7.95,784,5.15,0.019,0.023,17,93.94,ISO9001,1,0
109,APAC,3602.7,41.25,4,36.11,1,0.0,1014,5.5,0.007,0.031,39,97.08,ISO9001,1,0
109,APAC,3602.7,41.25,4,34.23,1,0.0,889,6.02,0.043,0.025,27,74.74,ISO9001,1,0
109,APAC,3602.7,41.25,4,31.57,1,0.0,990,5.97,0.054,0.021,15,72.68,ISO9001+ISO14001,0,0
109,APAC,3602.7,41.25,4,34.73,1,0.0,812,4.79,0.048,0.028,20,80.86,None,0,0
109,APAC,3602.7,41.25,4,35.57,1,0.0,1009,4.79,0.033,0.015,16,73.74,ISO9001,1,0
109,APAC,3602.7,41.25,4,36.94,0,6.42,1295,4.34,0.031,0.011,9,74.39,None,0,1
109,APAC,3602.7,41.25,4,30.18,1,0.0,1180,5.75,0.11,0.028,29,86.19,ISO9001,1,0
109,APAC,3602.7,41.25,4,31.75,0,7.08,926,4.74,0.026,0.02,29,78.93,ISO9001,0,0
109,APAC,3602.7,41.25,4,35.52,1,0.0,1271,5.32,0.02,0.017,19,78.36,None,0,0
109,APAC,3602.7,41.25,4,31.15,0,3.66,1365,4.61,0.044,0.046,55,63.77,ISO9001+ISO14001,0,1
109,APAC,3602.7,41.25,4,25.85,1,0.0,1615,4.6,0.034,0.033,67,80.44,ISO9001,0,0
109,APAC,3602.7,41.25,4,37.62,1,0.0,579,5.18,0.065,0.034,19,68.2,ISO9001,1,0
109,APAC,3602.7,41.25,4,31.07,1,0.0,1042,4.61,0.033,0.019,19,90.0,ISO9001,0,0
110,APAC,4215.64,63.2,6,35.87,0,3.77,547,4.36,0.042,0.005,3,74.36,ISO9001+ISO14001,0,0
110,APAC,4215.64,63.2,6,38.7,1,0.0,668,4.06,0.054,0.012,11,81.33,ISO9001,0,0
110,APAC,4215.64,63.2,6,36.71,1,0.0,872,5.02,0.045,0.017,15,92.54,ISO9001,1,0
110,APAC,4215.64,63.2,6,37.3,1,0.0,1023,5.21,0.07,0.007,6,77.11,ISO9001,1,0
110,APAC,4215.64,63.2,6,34.38,1,0.0,887,5.14,0.068,0.009,8,86.01,ISO9001,1,0
110,APAC,4215.64,63.2,6,33.89,1,0.0,1339,5.46,0.038,0.019,16,74.5,None,0,0
110,APAC,4215.64,63.2,6,34.32,1,0.0,1085,4.25,0.023,0.0,0,93.69,None,0,0
110,APAC,4215.64,63.2,6,31.95,1,0.0,1443,5.46,0.056,0.037,58,98.71,ISO9001,0,0
110,APAC,4215.64,63.2,6,34.05,1,0.0,1211,5.71,0.041,0.014,14,85.92,ISO9001,0,0
110,APAC,4215.64,63.2,6,30.68,0,6.86,1301,4.46,0.022,0.003,8,94.75,ISO9001+ISO14001,0,0
110,APAC,4215.64,63.2,6,37.8,1,0.0,559,6.1,0.0,0.016,7,84.58,ISO9001,0,0
110,APAC,4215.64,63.2,6,35.61,0,8.15,576,4.05,0.055,0.001,1,81.79,ISO9001+ISO14001,0,0
110,APAC,4215.64,63.2,6,31.49,1,0.0,995,4.96,0.043,0.007,12,82.73,ISO9001,1,0
110,APAC,4215.64,63.2,6,36.6,1,0.0,1146,4.75,0.0,0.0,0,83.61,ISO9001,1,0
110,APAC,4215.64,63.2,6,45.28,1,0.0,895,5.96,0.063,0.015,8,84.79,ISO9001,1,0
110,APAC,4215.64,63.2,6,32.26,1,0.0,1264,4.56,0.041,0.007,4,68.72,ISO9001,0,0
110,APAC,4215.64,63.2,6,36.73,1,0.0,1007,5.18,0.045,0.02,18,71.92,ISO9001,1,0
110,APAC,4215.64,63.2,6,31.27,1,0.0,712,5.02,0.048,0.017,15,79.41,ISO9001,1,0
110,APAC,4215.64,63.2,6,38.47,1,0.0,548,4.78,0.016,0.018,6,75.68,ISO9001,0,0
110,APAC,4215.64,63.2,6,31.42,1,0.0,983,5.97,0.014,0.004,4,76.01,ISO9001,0,0
110,APAC,4215.64,63.2,6,38.78,1,0.0,992,4.99,0.009,0.003,1,56.34,ISO9001,1,0
110,APAC,4215.64,63.2,6,34.51,1,0.0,463,5.43,0.066,0.012,7,79.58,ISO9001,0,0
110,APAC,4215.64,63.2,6,36.15,1,0.0,861,5.46,0.052,0.015,14,92.45,ISO9001,1,0
110,APAC,4215.64,63.2,6,34.07,1,0.0,1097,6.54,0.016,0.006,6,86.59,ISO9001,1,0
110,APAC,4215.64,63.2,6,38.3,1,0.0,1424,5.71,0.028,0.013,20,92.02,ISO9001,1,0
110,APAC,4215.64,63.2,6,35.49,1,0.0,1261,5.47,0.007,0.009,9,74.45,ISO9001+ISO14001,0,0
110,APAC,4215.64,63.2,6,28.48,1,0.0,1061,4.28,0.059,0.025,26,65.23,None,0,0
110,APAC,4215.64,63.2,6,32.25,1,0.0,958,5.11,0.036,0.008,12,73.6,ISO9001,0,0
110,APAC,4215.64,63.2,6,39.41,1,0.0,965,5.4,0.026,0.023,26,87.67,None,0,0
111,APAC,3712.58,74.55,6,32.64,1,0.0,794,4.87,0.02,0.015,11,65.42,ISO9001,0,0
111,APAC,3712.58,74.55,6,33.9,1,0.0,1132,4.8,0.054,0.016,18,78.02,ISO9001,0,0
111,APAC,3712.58,74.55,6,33.67,1,0.0,949,5.53,0.062,0.009,5,47.71,ISO9001,1,0
111,APAC,3712.58,74.55,6,28.1,1,0.0,974,5.96,0.032,0.016,16,67.81,ISO9001+ISO14001,0,0
111,APAC,3712.58,74.55,6,30.8,1,0.0,886,5.98,0.044,0.015,19,76.51,ISO9001,0,0
111,APAC,3712.58,74.55,6,34.32,1,0.0,1194,5.07,0.018,0.005,8,88.92,ISO9001,1,0
111,APAC,3712.58,74.55,6,35.1,0,9.76,891,4.86,0.0,0.015,14,81.17,ISO9001,0,0
111,APAC,3712.58,74.55,6,32.91,0,6.86,707,5.0,0.075,0.014,12,72.87,None,0,0
111,APAC,3712.58,74.55,6,28.66,1,0.0,854,5.31,0.048,0.006,10,74.91,None,0,0
111,APAC,3712.58,74.55,6,28.06,1,0.0,701,5.29,0.032,0.0,0,86.79,ISO9001,1,0
111,APAC,3712.58,74.55,6,33.1,1,0.0,508,4.95,0.009,0.009,4,55.48,ISO9001,1,0
111,APAC,3712.58,74.55,6,33.53,1,0.0,1315,4.34,0.05,0.012,9,59.58,None,0,0
111,APAC,3712.58,74.55,6,29.37,1,0.0,969,4.75,0.024,0.014,16,84.2,None,0,0
111,APAC,3712.58,74.55,6,33.05,1,0.0,1146,5.84,0.0,0.025,32,81.58,ISO9001,0,0
111,APAC,3712.58,74.55,6,33.26,1,0.0,1380,5.73,0.038,0.005,8,76.98,ISO9001,0,0
111,APAC,3712.58,74.55,6,28.88,1,0.0,908,5.28,0.045,0.018,19,82.26,None,1,0
111,APAC,3712.58,74.55,6,32.15,1,0.0,752,5.05,0.048,0.032,30,75.48,ISO9001+ISO14001,0,0
111,APAC,3712.58,74.55,6,35.36,1,0.0,1109,5.38,0.0,0.012,13,68.14,ISO9001,1,0
111,APAC,3712.58,74.55,6,33.1,1,0.0,1066,5.36,0.028,0.022,20,65.83,ISO9001,1,0
111,APAC,3712.58,74.55,6,31.99,1,0.0,1069,5.62,0.024,0.018,24,66.9,ISO9001,1,0
111,APAC,3712.58,74.55,6,32.36,1,0.0,1015,4.18,0.051,0.023,21,87.07,None,0,0
111,APAC,3712.58,74.55,6,33.23,1,0.0,901,4.55,0.016,0.009,9,79.49,ISO9001,1,0
111,APAC,3712.58,74.55,6,30.45,1,0.0,836,4.13,0.016,0.012,15,81.91,ISO9001+ISO14001,1,0
111,APAC,3712.58,74.55,6,32.29,1,0.0,926,4.94,0.009,0.02,18,78.04,ISO9001+ISO14001,1,0
111,APAC,3712.58,74.55,6,36.63,0,5.13,1438,4.81,0.047,0.0,0,79.15,ISO9001,1,0
112,APAC,3882.56,85.98,12,33.95,1,0.0,505,4.39,0.038,0.019,5,86.2,ISO9001,1,0
112,APAC,3882.56,85.98,12,31.09,1,0.0,921,3.66,0.05,0.005,8,65.25,None,0,0
112,APAC,3882.56,85.98,12,38.93,1,0.0,766,5.62,0.022,0.021,18,84.81,ISO9001,1,0
112,APAC,3882.56,85.98,12,29.62,0,7.33,1134,4.19,0.035,0.0,0,80.23,ISO9001,0,0
112,APAC,3882.56,85.98,12,34.94,1,0.0,968,4.25,0.021,0.003,2,100.0,ISO9001+ISO14001,1,0
112,APAC,3882.56,85.98,12,33.62,1,0.0,722,5.74,0.048,0.001,0,75.32,ISO9001,1,0
112,APAC,3882.56,85.98,12,28.9,1,0.0,753,4.97,0.006,0.013,8,81.46,ISO9001,1,0
112,APAC,3882.56,85.98,12,32.82,1,0.0,1280,5.04,0.051,0.001,2,80.27,None,0,0
112,APAC,3882.56,85.98,12,31.82,1,0.0,752,6.29,0.03,0.0,0,86.6,ISO9001+ISO14001,1,0
112,APAC,3882.56,85.98,12,35.24,1,0.0,1034,4.45,0.034,0.007,11,66.39,None,0,0
112,APAC,3882.56,85.98,12,30.44,1,0.0,1243,4.84,0.014,0.023,19,71.5,None,0,0
112,APAC,3882.56,85.98,12,31.65,1,0.0,1181,5.47,0.03,0.008,8,45.87,None,0,0
112,APAC,3882.56,85.98,12,36.36,1,0.0,1007,6.53,0.028,0.021,19,92.16,ISO9001,1,0
112,APAC,3882.56,85.98,12,30.01,1,0.0,761,4.56,0.005,0.006,5,95.04,ISO9001,1,0
112,APAC,3882.56,85.98,12,34.88,1,0.0,1120,5.53,0.045,0.0,0,64.24,None,0,0
112,APAC,3882.56,85.98,12,38.59,1,0.0,945,4.41,0.0,0.013,8,95.52,None,0,0
112,APAC,3882.56,85.98,12,36.04,1,0.0,1070,4.29,0.034,0.016,14,76.93,ISO9001,1,0
112,APAC,3882.56,85.98,12,39.88,1,0.0,895,4.52,0.007,0.015,8,73.38,ISO9001,1,0
112,APAC,3882.56,85.98,12,33.1,1,0.0,1013,4.96,0.016,0.023,22,78.09,ISO9001,1,0
112,APAC,3882.56,85.98,12,28.83,1,0.0,934,5.87,0.031,0.0,0,72.81,None,0,0
112,APAC,3882.56,85.98,12,32.73,1,0.0,603,4.66,0.006,0.01,8,86.32,ISO9001,1,0
113,APAC,3556.27,74.78,7,34.08,1,0.0,691,4.02,0.049,0.017,8,66.92,ISO9001,1,0
113,APAC,3556.27,74.78,7,30.29,1,0.0,1019,5.15,0.036,0.013,10,74.68,None,0,0
113,APAC,3556.27,74.78,7,23.81,1,0.0,850,5.1,0.023,0.012,12,72.16,ISO9001,0,0
113,APAC,3556.27,74.78,7,29.93,1,0.0,1025,5.64,0.063,0.015,13,78.67,ISO9001,0,0
113,APAC,3556.27,74.78,7,28.96,1,0.0,993,5.34,0.019,0.01,10,86.1,ISO9001,1,0
113,APAC,3556.27,74.78,7,34.75,1,0.0,885,5.73,0.025,0.019,15,67.69,ISO9001+ISO14001,1,0
113,APAC,3556.27,74.78,7,36.91,1,0.0,912,4.13,0.009,0.016,22,85.8,ISO9001,1,0
113,APAC,3556.27,74.78,7,34.64,1,0.0,819,5.02,0.03,0.012,8,84.55,ISO9001+ISO14001,1,0
113,APAC,3556.27,74.78,7,32.69,1,0.0,1096,5.01,0.055,0.024,43,75.82,ISO9001+ISO14001,1,0
113,APAC,3556.27,74.78,7,36.56,1,0.0,1003,4.53,0.042,0.023,29,79.23,ISO9001,0,0
113,APAC,3556.27,74.78,7,30.34,1,0.0,938,4.92,0.029,0.024,18,68.55,ISO9001,1,0
113,APAC,3556.27,74.78,7,34.08,1,0.0,1035,5.51,0.045,0.028,27,63.76,ISO9001,1,0
113,APAC,3556.27,74.78,7,36.22,1,0.0,923,5.53,0.031,0.017,10,74.77,None,1,0
113,APAC,3556.27,74.78,7,36.07,1,0.0,1023,4.45,0.051,0.015,10,67.39,ISO9001,1,0
113,APAC,3556.27,74.78,7,34.83,1,0.0,831,5.17,0.066,0.007,9,60.86,ISO9001,1,0
113,APAC,3556.27,74.78,7,27.29,1,0.0,1103,5.48,0.041,0.022,21,78.53,ISO9001,0,0
113,APAC,3556.27,74.78,7,30.26,1,0.0,1163,4.96,0.037,0.011,15,69.59,ISO9001,0,0
113,APAC,3556.27,74.78,7,33.62,1,0.0,816,4.68,0.046,0.03,25,77.22,ISO9001,0,0
113,APAC,3556.27,74.78,7,31.43,0,6.5,1182,4.21,0.04,0.033,50,81.72,None,1,0
113,APAC,3556.27,74.78,7,35.12,1,0.0,1259,4.08,0.04,0.019,21,81.64,ISO9001,0,0
113,APAC,3556.27,74.78,7,33.3,1,0.0,864,4.85,0.041,0.016,13,70.7,ISO9001+ISO14001,1,0
113,APAC,3556.27,74.78,7,32.55,1,0.0,1041,5.73,0.031,0.006,3,81.71,ISO9001,1,0
113,APAC,3556.27,74.78,7,33.98,1,0.0,1380,4.65,0.021,0.023,25,71.04,None,0,0
113,APAC,3556.27,74.78,7,32.83,1,0.0,886,3.96,0.039,0.019,18,77.64,ISO9001,1,0
113,APAC,3556.27,74.78,7,30.31,1,0.0,1420,4.8,0.058,0.015,26,92.44,ISO9001,0,0
113,APAC,3556.27,74.78,7,29.94,1,0.0,785,4.18,0.063,0.029,28,71.35,ISO9001+ISO14001,1,0
113,APAC,3556.27,74.78,7,32.9,1,0.0,1487,5.46,0.056,0.019,35,92.76,None,1,0
113,APAC,3556.27,74.78,7,35.54,1,0.0,1016,5.39,0.048,0.003,3,79.32,ISO9001,0,0
113,APAC,3556.27,74.78,7,35.68,1,0.0,861,5.09,0.032,0.017,17,86.4,None,0,0
113,APAC,3556.27,74.78,7,31.73,1,0.0,1356,5.4,0.0,0.015,20,90.21,None,0,0
113,APAC,3556.27,74.78,7,37.58,1,0.0,1201,4.45,0.065,0.022,37,91.56,ISO9001,1,0
113,APAC,3556.27,74.78,7,29.64,1,0.0,778,5.07,0.064,0.025,20,72.02,ISO9001+ISO14001,0,0
114,EMEA,2062.08,81.31,9,29.21,0,9.01,1367,5.45,0.045,0.005,5,99.52,ISO9001,1,0
114,EMEA,2062.08,81.31,9,28.47,1,0.0,758,5.45,0.035,0.002,0,96.5,ISO9001,0,0
114,EMEA,2062.08,81.31,9,25.12,0,4.51,942,3.95,0.028,0.005,5,90.48,ISO9001,1,0
114,EMEA,2062.08,81.31,9,22.18,1,0.0,1390,4.95,0.029,0.011,17,67.27,None,0,0
114,EMEA,2062.08,81.31,9,27.32,1,0.0,1042,4.86,0.071,0.024,28,89.01,ISO9001+ISO14001,1,0
114,EMEA,2062.08,81.31,9,24.38,1,0.0,1227,5.03,0.0,0.0,0,94.19,ISO9001,1,0
114,EMEA,2062.08,81.31,9,26.21,1,0.0,1119,5.87,0.048,0.024,29,71.5,ISO9001+ISO14001,1,0
114,EMEA,2062.08,81.31,9,26.73,1,0.0,675,4.83,0.023,0.017,10,80.42,None,0,0
114,EMEA,2062.08,81.31,9,29.84,1,0.0,662,4.3,0.021,0.014,8,80.64,None,0,0
114,EMEA,2062.08,81.31,9,24.14,1,0.0,853,5.11,0.011,0.007,7,83.25,ISO9001,1,0
114,EMEA,2062.08,81.31,9,27.99,1,0.0,939,4.92,0.033,0.0,0,83.31,None,0,0
114,EMEA,2062.08,81.31,9,21.91,1,0.0,971,4.82,0.033,0.01,8,67.66,ISO9001+ISO14001,1,0
114,EMEA,2062.08,81.31,9,23.14,1,0.0,1035,5.36,0.04,0.011,13,97.51,None,0,0
114,EMEA,2062.08,81.31,9,28.63,1,0.0,1014,4.83,0.0,0.0,0,100.0,ISO9001,1,0
114,EMEA,2062.08,81.31,9,23.12,1,0.0,1197,4.0,0.028,0.009,10,76.54,ISO9001,1,0
114,EMEA,2062.08,81.31,9,19.78,1,0.0,792,4.78,0.037,0.0,0,78.71,ISO9001,1,0
114,EMEA,2062.08,81.31,9,20.13,1,0.0,1189,4.02,0.014,0.001,0,76.31,ISO9001,0,0
114,EMEA,2062.08,81.31,9,26.41,1,0.0,968,5.9,0.008,0.017,14,85.82,ISO9001,0,0
114,EMEA,2062.08,81.31,9,25.18,1,0.0,935,5.49,0.0,0.026,19,65.65,ISO9001,1,0
114,EMEA,2062.08,81.31,9,28.09,1,0.0,1043,5.04,0.03,0.014,16,78.63,ISO9001,1,0
114,EMEA,2062.08,81.31,9,24.92,1,0.0,1131,4.51,0.022,0.011,10,80.11,ISO9001,1,0
114,EMEA,2062.08,81.31,9,26.9,1,0.0,645,4.5,0.027,0.011,9,87.28,None,0,0
114,EMEA,2062.08,81.31,9,23.2,1,0.0,816,4.38,0.045,0.003,3,75.43,ISO9001,0,0
114,EMEA,2062.08,81.31,9,33.74,0,10.46,962,5.04,0.048,0.011,9,82.68,ISO9001,1,0
114,EMEA,2062.08,81.31,9,29.87,1,0.0,1024,4.63,0.073,0.006,7,59.98,ISO9001+ISO14001,0,0
114,EMEA,2062.08,81.31,9,29.95,1,0.0,988,4.99,0.024,0.0,0,84.57,ISO9001,0,0
114,EMEA,2062.08,81.31,9,28.31,1,0.0,754,4.98,0.0,0.0,0,88.08,ISO9001,1,0
114,EMEA,2062.08,81.31,9,26.73,1,0.0,1089,5.33,0.042,0.0,0,84.03,None,0,0
114,EMEA,2062.08,81.31,9,32.58,1,0.0,1372,4.6,0.042,0.001,3,89.68,ISO9001+ISO14001,0,0
114,EMEA,2062.08,81.31,9,27.33,1,0.0,631,4.84,0.034,0.013,6,72.03,None,0,0
114,EMEA,2062.08,81.31,9,28.94,1,0.0,1389,4.59,0.015,0.012,23,91.6,ISO9001,1,0
114,EMEA,2062.08,81.31,9,21.22,1,0.0,1063,5.66,0.002,0.015,13,83.56,ISO9001+ISO14001,0,0
114,EMEA,2062.08,81.31,9,21.67,1,0.0,948,4.6,0.02,0.0,0,75.53,ISO9001+ISO14001,1,0
114,EMEA,2062.08,81.31,9,24.72,1,0.0,1010,5.0,0.026,0.0,0,77.84,None,0,0
114,EMEA,2062.08,81.31,9,26.35,1,0.0,1008,4.63,0.024,0.0,1,69.66,None,0,0
114,EMEA,2062.08,81.31,9,22.95,1,0.0,1143,4.9,0.018,0.028,30,81.18,None,0,0
114,EMEA,2062.08,81.31,9,30.69,1,0.0,718,4.82,0.042,0.0,0,92.51,None,0,0
114,EMEA,2062.08,81.31,9,27.47,1,0.0,1120,5.5,0.022,0.0,0,76.91,ISO9001,0,0
114,EMEA,2062.08,81.31,9,25.94,1,0.0,1216,5.8,0.016,0.0,0,94.07,ISO9001,0,0
114,EMEA,2062.08,81.31,9,21.92,1,0.0,1173,4.57,0.054,0.0,0,93.07,None,0,0
114,EMEA,2062.08,81.31,9,25.34,0,3.52,1131,5.45,0.006,0.018,20,93.63,ISO9001,1,0
114,EMEA,2062.08,81.31,9,24.88,1,0.0,1077,4.48,0.0,0.012,14,82.76,None,0,0
114,EMEA,2062.08,81.31,9,21.16,1,0.0,1091,5.56,0.019,0.0,0,68.53,None,0,0
114,EMEA,2062.08,81.31,9,20.94,1,0.0,806,4.93,0.023,0.0,0,88.18,None,0,0
114,EMEA,2062.08,81.31,9,27.71,1,0.0,1116,5.08,0.0,0.012,17,84.93,ISO9001,1,0
114,EMEA,2062.08,81.31,9,26.34,1,0.0,1258,4.49,0.038,0.0,0,67.56,ISO9001,1,0
114,EMEA,2062.08,81.31,9,24.94,1,0.0,1064,5.93,0.024,0.012,22,76.83,ISO9001,0,0
114,EMEA,2062.08,81.31,9,23.84,1,0.0,1409,5.07,0.069,0.001,1,87.69,ISO9001+ISO14001,1,0
114,EMEA,2062.08,81.31,9,26.93,0,5.12,1112,4.64,0.021,0.016,24,88.57,None,0,0
114,EMEA,2062.08,81.31,9,24.05,1,0.0,1280,5.29,0.018,0.026,36,79.18,ISO9001,0,0
114,EMEA,2062.08,81.31,9,24.39,1,0.0,1341,5.99,0.022,0.011,18,85.8,ISO9001+ISO14001,1,0
115,EMEA,1892.92,87.63,3,26.65,1,0.0,950,5.47,0.051,0.012,12,76.21,ISO9001,1,0
115,EMEA,1892.92,87.63,3,26.8,0,8.02,952,3.23,0.054,0.029,26,76.17,ISO9001+ISO14001,1,0
115,EMEA,1892.92,87.63,3,23.28,1,0.0,1347,5.17,0.019,0.006,9,83.57,ISO9001,0,0
115,EMEA,1892.92,87.63,3,25.01,0,4.0,1282,6.17,0.022,0.018,24,73.95,None,0,0
115,EMEA,1892.92,87.63,3,28.63,1,0.0,1085,5.64,0.021,0.014,11,91.74,None,0,0
115,EMEA,1892.92,87.63,3,25.04,1,0.0,1240,4.61,0.056,0.03,38,76.21,ISO9001+ISO14001,0,0
115,EMEA,1892.92,87.63,3,27.21,1,0.0,855,4.36,0.047,0.014,12,65.15,ISO9001,1,0
115,EMEA,1892.92,87.63,3,31.61,1,0.0,1016,5.29,0.055,0.023,23,72.11,None,0,0
115,EMEA,1892.92,87.63,3,23.74,1,0.0,873,4.94,0.037,0.028,27,72.16,ISO9001,1,0
115,EMEA,1892.92,87.63,3,26.04,1,0.0,923,4.09,0.057,0.026,26,81.76,ISO9001,0,0
115,EMEA,1892.92,87.63,3,26.92,1,0.0,954,5.69,0.017,0.017,18,79.29,ISO9001+ISO14001,1,0
115,EMEA,1892.92,87.63,3,25.19,1,0.0,960,5.69,0.013,0.015,15,70.33,ISO9001,1,0
115,EMEA,1892.92,87.63,3,30.68,1,0.0,1669,4.12,0.025,0.047,72,78.91,ISO9001,1,0
115,EMEA,1892.92,87.63,3,24.69,1,0.0,1065,4.74,0.042,0.022,23,83.48,ISO9001,0,0
115,EMEA,1892.92,87.63,3,25.6,1,0.0,1017,4.44,0.042,0.008,5,77.92,ISO9001,1,0
115,EMEA,1892.92,87.63,3,27.78,1,0.0,949,5.66,0.022,0.037,31,91.61,ISO9001+ISO14001,1,0
115,EMEA,1892.92,87.63,3,28.16,1,0.0,601,4.56,0.063,0.021,10,72.68,ISO9001+ISO14001,1,0
115,EMEA,1892.92,87.63,3,28.32,1,0.0,727,5.06,0.01,0.033,31,69.28,None,0,0
115,EMEA,1892.92,87.63,3,22.63,1,0.0,563,4.96,0.043,0.048,27,80.21,ISO9001,0,0
115,EMEA,1892.92,87.63,3,25.29,1,0.0,1132,4.83,0.033,0.004,5,82.91,ISO9001,1,0
115,EMEA,1892.92,87.63,3,26.14,1,0.0,363,5.58,0.03,0.017,5,81.83,None,0,0
115,EMEA,1892.92,87.63,3,29.52,1,0.0,1383,4.96,0.098,0.009,13,78.99,ISO9001+ISO14001,1,0
115,EMEA,1892.92,87.63,3,27.52,1,0.0,448,3.99,0.009,0.018,8,60.78,ISO9001,0,0
115,EMEA,1892.92,87.63,3,16.87,0,5.69,1187,5.46,0.027,0.017,15,76.63,None,0,0
115,EMEA,1892.92,87.63,3,31.37,1,0.0,930,3.48,0.002,0.023,24,63.7,None,0,0
115,EMEA,1892.92,87.63,3,24.62,1,0.0,830,4.86,0.063,0.033,25,94.31,None,0,0
115,EMEA,1892.92,87.63,3,20.28,1,0.0,805,4.92,0.044,0.027,17,82.06,ISO9001,0,0
115,EMEA,1892.92,87.63,3,29.76,0,3.95,1052,5.41,0.005,0.001,1,84.9,ISO9001,1,0
115,EMEA,1892.92,87.63,3,28.17,1,0.0,795,5.53,0.029,0.029,27,61.16,ISO9001,1,0
115,EMEA,1892.92,87.63,3,24.49,1,0.0,1085,5.06,0.044,0.012,16,79.13,ISO9001,0,0
115,EMEA,1892.92,87.63,3,25.77,1,0.0,792,4.36,0.013,0.016,12,69.02,None,0,0
115,EMEA,1892.92,87.63,3,24.83,1,0.0,1054,4.99,0.066,0.033,35,87.99,None,1,0
115,EMEA,1892.92,87.63,3,27.59,1,0.0,1224,5.16,0.026,0.023,21,78.98,ISO9001,0,0
116,APAC,3700.43,68.83,1,32.4,1,0.0,1075,4.82,0.005,0.027,14,59.3,None,0,0
116,APAC,3700.43,68.83,1,31.18,1,0.0,1133,5.05,0.021,0.024,27,76.34,ISO9001,1,0
116,APAC,3700.43,68.83,1,30.62,0,5.77,1157,4.55,0.031,0.025,24,87.49,ISO9001+ISO14001,1,0
116,APAC,3700.43,68.83,1,36.05,1,0.0,1073,4.84,0.037,0.017,18,64.13,None,0,0
116,APAC,3700.43,68.83,1,31.42,1,0.0,1080,4.61,0.034,0.021,25,79.95,ISO9001,0,0
116,APAC,3700.43,68.83,1,31.59,1,0.0,721,4.65,0.0,0.036,29,93.28,ISO9001+ISO14001,1,0
116,APAC,3700.43,68.83,1,36.51,1,0.0,921,4.73,0.068,0.026,19,59.31,None,0,0
116,APAC,3700.43,68.83,1,32.32,1,0.0,1011,6.17,0.05,0.035,32,62.0,ISO9001+ISO14001,1,0
116,APAC,3700.43,68.83,1,34.25,1,0.0,940,4.13,0.037,0.027,23,89.57,ISO9001,0,0
116,APAC,3700.43,68.83,1,38.35,1,0.0,860,5.51,0.029,0.03,29,69.1,None,0,0
116,APAC,3700.43,68.83,1,33.51,1,0.0,886,5.03,0.029,0.036,29,71.46,ISO9001,1,0
116,APAC,3700.43,68.83,1,31.51,1,0.0,1148,5.03,0.052,0.035,46,63.45,ISO9001,0,0
116,APAC,3700.43,68.83,1,36.3,1,0.0,1087,4.9,0.056,0.027,24,68.43,ISO9001,1,0
116,APAC,3700.43,68.83,1,36.37,1,0.0,284,4.88,0.033,0.033,4,72.48,ISO9001,1,0
116,APAC,3700.43,68.83,1,32.33,1,0.0,720,4.34,0.013,0.029,17,80.79,ISO9001+ISO14001,0,0
116,APAC,3700.43,68.83,1,33.85,1,0.0,973,4.79,0.075,0.026,17,65.74,ISO9001+ISO14001,0,0
116,APAC,3700.43,68.83,1,35.02,1,0.0,811,4.22,0.028,0.015,12,69.26,ISO9001+ISO14001,0,0
116,APAC,3700.43,68.83,1,32.48,1,0.0,614,4.83,0.015,0.034,23,73.32,ISO9001+ISO14001,0,0
116,APAC,3700.43,68.83,1,30.39,1,0.0,813,5.32,0.047,0.035,27,71.75,ISO9001+ISO14001,1,0
116,APAC,3700.43,68.83,1,31.37,1,0.0,696,3.95,0.054,0.04,35,77.75,ISO9001+ISO14001,0,0
116,APAC,3700.43,68.83,1,27.36,0,1.15,917,5.07,0.072,0.048,55,73.47,None,0,0
116,APAC,3700.43,68.83,1,31.03,1,0.0,568,4.79,0.036,0.022,9,71.14,ISO9001,1,0
116,APAC,3700.43,68.83,1,28.18,1,0.0,829,4.75,0.049,0.009,4,66.0,None,0,0
116,APAC,3700.43,68.83,1,28.19,0,4.36,589,4.71,0.028,0.033,12,84.29,ISO9001,1,0
116,APAC,3700.43,68.83,1,30.05,0,5.05,730,3.91,0.047,0.016,8,62.82,ISO9001,1,0
116,APAC,3700.43,68.83,1,32.97,1,0.0,771,4.23,0.031,0.02,7,80.09,ISO9001,1,0
116,APAC,3700.43,68.83,1,33.39,1,0.0,915,5.48,0.01,0.032,31,82.77,ISO9001+ISO14001,1,0
116,APAC,3700.43,68.83,1,32.64,1,0.0,1178,5.15,0.043,0.027,29,60.26,ISO9001+ISO14001,1,0
116,APAC,3700.43,68.83,1,30.55,1,0.0,1430,4.53,0.06,0.019,30,61.28,None,0,0
116,APAC,3700.43,68.83,1,32.81,1,0.0,528,4.83,0.045,0.024,14,77.99,ISO9001,1,0
116,APAC,3700.43,68.83,1,33.96,0,3.06,1080,5.99,0.058,0.032,33,57.73,ISO9001,1,0
116,APAC,3700.43,68.83,1,33.29,0,5.78,559,4.07,0.048,0.037,18,70.21,ISO9001,1,0
117,AMER,834.36,55.27,3,21.52,1,0.0,1013,5.28,0.021,0.024,27,64.31,None,0,0
117,AMER,834.36,55.27,3,21.53,1,0.0,578,5.46,0.036,0.014,9,84.47,ISO9001,0,0
117,AMER,834.36,55.27,3,22.19,1,0.0,1019,5.65,0.048,0.022,25,78.38,ISO9001,0,0
117,AMER,834.36,55.27,3,23.19,1,0.0,1362,5.33,0.025,0.027,39,70.54,ISO9001,0,0
117,AMER,834.36,55.27,3,23.26,1,0.0,1019,5.23,0.028,0.024,27,79.97,None,0,0
117,AMER,834.36,55.27,3,26.52,1,0.0,1021,4.4,0.009,0.034,36,85.72,ISO9001,1,0
117,AMER,834.36,55.27,3,18.66,1,0.0,1120,5.01,0.031,0.022,20,73.81,ISO9001,1,0
117,AMER,834.36,55.27,3,24.77,1,0.0,1387,5.11,0.029,0.012,14,67.93,None,0,0
117,AMER,834.36,55.27,3,19.34,1,0.0,1465,5.04,0.053,0.021,30,64.61,ISO9001,1,0
117,AMER,834.36,55.27,3,19.41,1,0.0,831,4.4,0.005,0.022,21,78.71,ISO9001,1,0
117,AMER,834.36,55.27,3,24.6,1,0.0,1083,5.21,0.056,0.017,17,93.65,ISO9001,1,0
117,AMER,834.36,55.27,3,18.82,1,0.0,704,4.98,0.028,0.016,12,83.22,None,0,0
117,AMER,834.36,55.27,3,18.08,1,0.0,1509,5.37,0.046,0.013,21,79.75,ISO9001,1,0
117,AMER,834.36,55.27,3,24.73,1,0.0,1175,4.51,0.023,0.024,22,63.3,ISO9001+ISO14001,0,0
117,AMER,834.36,55.27,3,22.86,1,0.0,1047,5.58,0.033,0.023,34,79.38,ISO9001,1,0
117,AMER,834.36,55.27,3,19.56,1,0.0,1089,5.5,0.068,0.005,6,80.96,ISO9001,1,0
117,AMER,834.36,55.27,3,20.32,1,0.0,1173,3.98,0.056,0.01,6,74.02,ISO9001,0,0
117,AMER,834.36,55.27,3,23.74,1,0.0,1050,4.97,0.034,0.015,19,84.34,ISO9001,1,0
117,AMER,834.36,55.27,3,20.82,1,0.0,552,4.86,0.003,0.038,15,83.8,ISO9001,1,0
117,AMER,834.36,55.27,3,24.21,1,0.0,1169,5.39,0.043,0.015,9,49.98,None,1,0
117,AMER,834.36,55.27,3,23.76,0,2.67,652,4.94,0.049,0.021,16,90.69,None,0,0
117,AMER,834.36,55.27,3,24.7,1,0.0,1061,5.85,0.024,0.032,38,92.73,ISO9001,0,0
117,AMER,834.36,55.27,3,20.18,1,0.0,797,5.75,0.043,0.023,16,89.96,ISO9001,1,0
117,AMER,834.36,55.27,3,24.77,1,0.0,1139,5.51,0.01,0.038,32,79.91,None,0,0
117,AMER,834.36,55.27,3,20.28,1,0.0,1335,5.18,0.027,0.018,24,76.16,None,1,0
117,AMER,834.36,55.27,3,25.84,1,0.0,1131,5.98,0.026,0.042,39,72.03,ISO9001,1,0
117,AMER,834.36,55.27,3,18.53,1,0.0,1051,5.69,0.048,0.02,23,83.99,None,0,0
117,AMER,834.36,55.27,3,21.16,1,0.0,1047,4.75,0.008,0.016,13,92.49,None,0,0
117,AMER,834.36,55.27,3,22.93,1,0.0,1364,4.94,0.041,0.03,39,70.27,ISO9001+ISO14001,1,0
117,AMER,834.36,55.27,3,22.5,1,0.0,1281,5.29,0.044,0.024,39,77.47,ISO9001,0,0
117,AMER,834.36,55.27,3,20.34,1,0.0,975,5.21,0.042,0.015,15,88.57,ISO9001,0,0
117,AMER,834.36,55.27,3,22.12,0,6.21,1112,5.9,0.006,0.026,42,83.62,ISO9001,0,0
117,AMER,834.36,55.27,3,24.29,1,0.0,699,5.38,0.004,0.029,16,76.44,ISO9001,1,0
117,AMER,834.36,55.27,3,19.59,1,0.0,1166,3.94,0.05,0.024,25,89.07,None,0,0
117,AMER,834.36,55.27,3,26.99,0,6.98,836,5.35,0.046,0.02,18,87.25,None,0,0
117,AMER,834.36,55.27,3,24.28,1,0.0,841,4.99,0.024,0.037,24,80.54,ISO9001,1,0
117,AMER,834.36,55.27,3,18.65,1,0.0,839,5.15,0.021,0.012,8,83.48,ISO9001,0,0
117,AMER,834.36,55.27,3,24.48,1,0.0,1268,5.0,0.011,0.009,10,68.91,ISO9001,1,0
117,AMER,834.36,55.27,3,23.68,1,0.0,1048,4.66,0.031,0.028,36,81.49,ISO9001,1,0
117,AMER,834.36,55.27,3,19.8,1,0.0,872,5.76,0.037,0.04,31,84.34,None,0,0
118,EMEA,3024.25,63.06,7,26.78,1,0.0,1329,5.87,0.039,0.008,15,98.14,ISO9001+ISO14001,1,0
118,EMEA,3024.25,63.06,7,29.2,1,0.0,1020,4.78,0.043,0.01,7,79.26,ISO9001,0,0
118,EMEA,3024.25,63.06,7,31.86,1,0.0,1012,4.71,0.0,0.007,4,53.01,ISO9001,0,0
118,EMEA,3024.25,63.06,7,27.06,1,0.0,761,5.13,0.028,0.01,10,61.3,None,0,0
118,EMEA,3024.25,63.06,7,30.23,1,0.0,1179,5.01,0.008,0.017,27,83.84,ISO9001,0,0
118,EMEA,3024.25,63.06,7,26.55,1,0.0,1194,4.64,0.032,0.01,10,83.31,ISO9001,0,0
118,EMEA,3024.25,63.06,7,25.92,1,0.0,834,5.58,0.001,0.0,0,83.13,None,0,0
118,EMEA,3024.25,63.06,7,28.38,1,0.0,1129,3.89,0.032,0.027,27,92.34,ISO9001,1,0
118,EMEA,3024.25,63.06,7,32.82,1,0.0,1043,5.27,0.028,0.019,17,80.69,None,1,0
118,EMEA,3024.25,63.06,7,29.08,1,0.0,713,5.59,0.059,0.012,10,67.31,ISO9001,0,0
118,EMEA,3024.25,63.06,7,26.92,1,0.0,1073,4.23,0.0,0.018,18,82.62,ISO9001,1,0
118,EMEA,3024.25,63.06,7,28.7,1,0.0,1189,5.64,0.049,0.004,4,81.47,None,0,0
118,EMEA,3024.25,63.06,7,23.74,1,0.0,895,5.6,0.043,0.012,16,78.89,ISO9001,1,0
118,EMEA,3024.25,63.06,7,30.8,1,0.0,1312,4.53,0.059,0.0,0,87.13,ISO9001,1,0
118,EMEA,3024.25,63.06,7,31.16,0,10.36,1298,6.0,0.006,0.006,13,82.33,ISO9001+ISO14001,0,0
118,EMEA,3024.25,63.06,7,29.23,1,0.0,901,4.43,0.062,0.023,20,80.98,ISO9001,0,0
118,EMEA,3024.25,63.06,7,39.96,1,0.0,1342,4.71,0.042,0.022,34,93.18,ISO9001,1,0
118,EMEA,3024.25,63.06,7,29.61,1,0.0,967,4.55,0.0,0.0,0,63.45,ISO9001,0,0
118,EMEA,3024.25,63.06,7,28.7,1,0.0,718,4.5,0.04,0.007,6,86.88,ISO9001,1,0
118,EMEA,3024.25,63.06,7,29.0,1,0.0,1416,4.21,0.041,0.023,28,100.0,ISO9001+ISO14001,0,0
118,EMEA,3024.25,63.06,7,27.28,0,7.09,630,4.65,0.026,0.015,13,81.22,ISO9001+ISO14001,1,0
118,EMEA,3024.25,63.06,7,26.97,0,6.18,727,4.71,0.029,0.028,21,81.5,ISO9001,1,0
118,EMEA,3024.25,63.06,7,27.44,1,0.0,908,5.75,0.039,0.007,6,63.05,None,0,0
118,EMEA,3024.25,63.06,7,37.31,1,0.0,1020,4.71,0.018,0.025,27,92.63,ISO9001,0,0
118,EMEA,3024.25,63.06,7,29.16,0,7.77,1021,4.78,0.036,0.015,12,77.55,ISO9001,0,0
118,EMEA,3024.25,63.06,7,32.11,1,0.0,1169,3.96,0.027,0.022,16,100.0,None,0,0
118,EMEA,3024.25,63.06,7,37.67,1,0.0,1073,5.0,0.0,0.02,26,72.63,ISO9001,0,0
118,EMEA,3024.25,63.06,7,27.99,1,0.0,1180,6.8,0.05,0.03,29,84.84,None,1,0
118,EMEA,3024.25,63.06,7,30.52,1,0.0,1593,5.12,0.013,0.013,19,63.18,ISO9001,1,0
118,EMEA,3024.25,63.06,7,23.63,1,0.0,1168,4.58,0.03,0.016,18,85.46,None,1,0
118,EMEA,3024.25,63.06,7,24.57,1,0.0,828,5.0,0.047,0.01,9,76.35,ISO9001,1,0
118,EMEA,3024.25,63.06,7,28.88,1,0.0,1068,5.52,0.001,0.002,1,75.23,ISO9001,1,0
118,EMEA,3024.25,63.06,7,29.66,1,0.0,1412,4.69,0.035,0.017,24,93.68,ISO9001,1,0
118,EMEA,3024.25,63.06,7,29.62,1,0.0,1343,4.59,0.025,0.016,21,85.7,ISO9001,1,0
118,EMEA,3024.25,63.06,7,29.13,1,0.0,1029,5.38,0.032,0.023,20,80.67,ISO9001,1,0
118,EMEA,3024.25,63.06,7,31.31,1,0.0,1053,5.71,0.032,0.027,27,77.74,ISO9001+ISO14001,0,0
118,EMEA,3024.25,63.06,7,29.58,1,0.0,1151,4.8,0.01,0.017,15,76.95,ISO9001,1,0
118,EMEA,3024.25,63.06,7,31.73,1,0.0,872,5.59,0.029,0.001,1,85.31,ISO9001,1,0
118,EMEA,3024.25,63.06,7,32.49,1,0.0,1139,5.11,0.032,0.012,15,73.29,ISO9001+ISO14001,1,0
118,EMEA,3024.25,63.06,7,30.41,0,4.72,1236,6.09,0.004,0.025,26,84.09,ISO9001,1,0
118,EMEA,3024.25,63.06,7,33.16,1,0.0,1252,5.27,0.051,0.0,0,54.42,None,0,0
118,EMEA,3024.25,63.06,7,31.45,1,0.0,694,4.02,0.05,0.011,9,66.65,ISO9001,0,0
118,EMEA,3024.25,63.06,7,31.57,1,0.0,1001,5.48,0.012,0.015,22,68.63,ISO9001,0,0
118,EMEA,3024.25,63.06,7,30.14,1,0.0,1242,6.94,0.022,0.008,8,75.87,ISO9001,0,0
118,EMEA,3024.25,63.06,7,32.84,1,0.0,1371,4.5,0.016,0.005,10,69.79,ISO9001,1,0
118,EMEA,3024.25,63.06,7,25.74,1,0.0,881,5.76,0.054,0.0,0,80.44,ISO9001,1,0
118,EMEA,3024.25,63.06,7,28.22,1,0.0,987,4.23,0.03,0.01,7,84.92,ISO9001,1,0
118,EMEA,3024.25,63.06,7,29.52,1,0.0,695,5.0,0.038,0.005,2,65.79,ISO9001,0,0
118,EMEA,3024.25,63.06,7,35.63,0,5.67,689,5.09,0.024,0.007,2,88.43,ISO9001,1,0
118,EMEA,3024.25,63.06,7,29.5,1,0.0,827,5.87,0.035,0.022,20,72.36,ISO9001,1,0
118,EMEA,3024.25,63.06,7,25.11,1,0.0,1143,4.3,0.042,0.003,7,74.52,ISO9001+ISO14001,1,0
118,EMEA,3024.25,63.06,7,27.98,0,6.17,848,5.49,0.017,0.008,5,79.88,ISO9001,0,0
118,EMEA,3024.25,63.06,7,35.02,1,0.0,1235,6.47,0.041,0.013,13,78.32,ISO9001+ISO14001,1,0
118,EMEA,3024.25,63.06,7,32.15,1,0.0,1234,5.03,0.004,0.0,0,86.57,ISO9001,1,0
118,EMEA,3024.25,63.06,7,26.09,1,0.0,897,4.08,0.013,0.022,19,96.18,ISO9001,0,0
118,EMEA,3024.25,63.06,7,27.9,1,0.0,1365,5.76,0.0,0.012,21,85.18,None,0,0
118,EMEA,3024.25,63.06,7,28.42,1,0.0,942,5.11,0.04,0.02,19,71.65,ISO9001,0,0
118,EMEA,3024.25,63.06,7,35.25,1,0.0,836,5.3,0.028,0.0,0,65.12,ISO9001,0,0
118,EMEA,3024.25,63.06,7,31.15,1,0.0,754,5.03,0.048,0.005,4,73.27,ISO9001,1,0
119,EMEA,2843.44,70.43,8,28.54,1,0.0,1054,5.09,0.056,0.04,39,69.84,None,1,0
119,EMEA,2843.44,70.43,8,31.74,1,0.0,843,3.86,0.04,0.013,7,88.17,ISO9001,0,0
119,EMEA,2843.44,70.43,8,31.43,1,0.0,885,5.28,0.018,0.031,31,65.37,ISO9001,0,0
119,EMEA,2843.44,70.43,8,30.23,1,0.0,1093,3.72,0.041,0.014,16,62.94,ISO9001,1,0
119,EMEA,2843.44,70.43,8,31.3,1,0.0,1158,5.91,0.031,0.019,24,73.22,ISO9001,0,0
119,EMEA,2843.44,70.43,8,26.66,1,0.0,1001,4.46,0.042,0.025,18,71.16,ISO9001,1,0
119,EMEA,2843.44,70.43,8,25.31,0,1.0,414,5.25,0.03,0.02,10,59.14,None,0,0
119,EMEA,2843.44,70.43,8,27.37,1,0.0,1180,4.92,0.051,0.02,22,57.17,None,0,0
119,EMEA,2843.44,70.43,8,31.08,1,0.0,786,5.83,0.05,0.02,14,76.42,ISO9001,1,0
119,EMEA,2843.44,70.43,8,29.4,1,0.0,1230,4.64,0.044,0.02,21,93.5,ISO9001+ISO14001,0,0
119,EMEA,2843.44,70.43,8,29.35,1,0.0,889,5.06,0.0,0.03,37,64.83,ISO9001,0,0
119,EMEA,2843.44,70.43,8,29.35,1,0.0,580,3.96,0.065,0.025,10,70.62,None,0,0
119,EMEA,2843.44,70.43,8,31.8,1,0.0,785,5.38,0.037,0.023,18,75.3,ISO9001,0,0
119,EMEA,2843.44,70.43,8,31.62,1,0.0,1191,5.31,0.0,0.018,17,80.23,ISO9001+ISO14001,1,0
119,EMEA,2843.44,70.43,8,31.41,1,0.0,1275,6.03,0.024,0.02,17,99.15,ISO9001,1,0
119,EMEA,2843.44,70.43,8,32.59,1,0.0,392,4.22,0.086,0.004,2,69.49,ISO9001+ISO14001,1,0
119,EMEA,2843.44,70.43,8,26.59,0,8.17,833,5.73,0.026,0.024,14,83.55,ISO9001,0,0
119,EMEA,2843.44,70.43,8,31.76,1,0.0,1044,5.8,0.056,0.017,22,83.37,ISO9001,1,0
119,EMEA,2843.44,70.43,8,25.57,1,0.0,938,5.4,0.048,0.003,4,67.87,ISO9001+ISO14001,1,0
119,EMEA,2843.44,70.43,8,27.06,1,0.0,1317,5.29,0.004,0.011,32,78.16,ISO9001+ISO14001,1,0
119,EMEA,2843.44,70.43,8,30.95,1,0.0,1094,5.89,0.026,0.022,29,61.21,None,0,0
119,EMEA,2843.44,70.43,8,36.73,0,8.27,833,4.74,0.034,0.021,17,72.74,ISO9001,0,0
119,EMEA,2843.44,70.43,8,27.18,0,2.54,1234,5.28,0.035,0.017,23,69.14,None,0,0
119,EMEA,2843.44,70.43,8,34.83,1,0.0,770,4.93,0.038,0.029,18,69.02,ISO9001,0,0
119,EMEA,2843.44,70.43,8,27.7,1,0.0,704,5.01,0.06,0.02,12,85.84,ISO9001,1,0
119,EMEA,2843.44,70.43,8,27.65,1,0.0,608,5.49,0.031,0.029,12,77.92,ISO9001,0,0
119,EMEA,2843.44,70.43,8,33.16,1,0.0,903,5.36,0.042,0.012,11,63.23,None,1,0
119,EMEA,2843.44,70.43,8,26.58,1,0.0,1005,4.41,0.023,0.021,22,45.9,ISO9001+ISO14001,0,0
119,EMEA,2843.44,70.43,8,31.41,1,0.0,1118,5.3,0.016,0.031,28,74.46,ISO9001,0,0
119,EMEA,2843.44,70.43,8,28.38,1,0.0,868,5.62,0.017,0.012,11,64.16,ISO9001,0,0
119,EMEA,2843.44,70.43,8,25.85,1,0.0,1109,4.71,0.064,0.014,12,68.03,ISO9001,1,0
119,EMEA,2843.44,70.43,8,30.68,1,0.0,915,4.68,0.046,0.027,22,82.33,ISO9001,0,0
120,APAC,3361.24,56.38,3,32.43,0,5.38,1220,5.02,0.066,0.018,23,85.86,None,0,0
120,APAC,3361.24,56.38,3,32.65,1,0.0,1208,5.63,0.035,0.029,38,72.39,ISO9001,1,0
120,APAC,3361.24,56.38,3,29.26,1,0.0,920,5.69,0.071,0.047,46,56.73,ISO9001+ISO14001,1,0
120,APAC,3361.24,56.38,3,31.85,1,0.0,1019,6.4,0.068,0.045,52,64.32,ISO9001,1,0
120,APAC,3361.24,56.38,3,33.56,0,8.24,1102,5.46,0.026,0.041,44,71.9,ISO9001+ISO14001,1,0
120,APAC,3361.24,56.38,3,34.46,1,0.0,1254,5.73,0.024,0.026,20,58.92,ISO9001,1,0
120,APAC,3361.24,56.38,3,30.95,0,6.77,974,6.29,0.057,0.036,25,76.35,ISO9001+ISO14001,0,0
120,APAC,3361.24,56.38,3,29.93,1,0.0,1179,3.73,0.029,0.036,48,87.02,None,1,0
120,APAC,3361.24,56.38,3,32.33,1,0.0,1000,5.62,0.026,0.04,39,60.99,ISO9001,1,0
120,APAC,3361.24,56.38,3,35.01,1,0.0,1279,4.47,0.046,0.051,61,65.23,ISO9001,1,0
120,APAC,3361.24,56.38,3,31.04,1,0.0,1155,4.37,0.024,0.019,17,71.05,ISO9001,1,0
120,APAC,3361.24,56.38,3,32.87,1,0.0,889,5.16,0.01,0.049,44,89.13,ISO9001,1,0
120,APAC,3361.24,56.38,3,33.22,1,0.0,840,5.08,0.033,0.049,42,74.5,None,1,0
120,APAC,3361.24,56.38,3,27.22,1,0.0,1309,4.19,0.04,0.037,49,64.36,None,0,0
120,APAC,3361.24,56.38,3,27.89,1,0.0,596,5.63,0.013,0.042,23,50.04,None,0,0
120,APAC,3361.24,56.38,3,28.2,1,0.0,809,5.0,0.0,0.017,12,82.78,None,0,0
120,APAC,3361.24,56.38,3,30.96,0,6.1,976,5.02,0.049,0.047,46,66.65,ISO9001+ISO14001,1,1
120,APAC,3361.24,56.38,3,36.61,0,7.64,1115,6.57,0.012,0.037,48,74.77,ISO9001+ISO14001,1,0
120,APAC,3361.24,56.38,3,31.59,1,0.0,952,6.34,0.045,0.029,30,84.61,None,0,0
120,APAC,3361.24,56.38,3,33.28,1,0.0,1182,4.47,0.054,0.027,33,90.31,ISO9001+ISO14001,0,0
120,APAC,3361.24,56.38,3,33.67,1,0.0,845,3.95,0.076,0.036,27,72.76,ISO9001,1,0
120,APAC,3361.24,56.38,3,31.86,1,0.0,881,5.52,0.048,0.001,0,62.11,ISO9001,1,0
120,APAC,3361.24,56.38,3,26.89,1,0.0,927,3.29,0.058,0.023,28,61.36,ISO9001,1,0
120,APAC,3361.24,56.38,3,33.18,1,0.0,860,5.71,0.07,0.016,12,62.66,ISO9001,0,0
120,APAC,3361.24,56.38,3,27.66,0,5.29,1138,5.08,0.067,0.04,50,76.45,None,0,1
120,APAC,3361.24,56.38,3,37.74,1,0.0,867,5.2,0.025,0.037,25,65.54,None,0,0
120,APAC,3361.24,56.38,3,31.79,1,0.0,1294,5.27,0.058,0.02,25,64.73,ISO9001+ISO14001,1,0
120,APAC,3361.24,56.38,3,30.38,1,0.0,923,5.71,0.05,0.033,20,74.66,ISO9001,1,0
120,APAC,3361.24,56.38,3,34.47,1,0.0,1373,5.17,0.037,0.01,11,70.07,ISO9001,0,0
120,APAC,3361.24,56.38,3,31.97,0,7.4,945,4.17,0.073,0.038,40,71.36,ISO9001,0,1
120,APAC,3361.24,56.38,3,30.84,1,0.0,952,5.21,0.075,0.036,33,78.08,None,0,0
120,APAC,3361.24,56.38,3,33.14,1,0.0,879,4.63,0.104,0.032,32,78.93,ISO9001+ISO14001,0,0
120,APAC,3361.24,56.38,3,25.47,1,0.0,1467,5.14,0.026,0.041,78,76.27,ISO9001,1,0
120,APAC,3361.24,56.38,3,31.08,1,0.0,989,6.06,0.053,0.031,30,72.28,None,0,0
120,APAC,3361.24,56.38,3,30.89,1,0.0,705,5.12,0.058,0.034,27,63.1,None,1,0
120,APAC,3361.24,56.38,3,34.53,1,0.0,1406,4.67,0.076,0.045,72,74.86,ISO9001,0,0
120,APAC,3361.24,56.38,3,33.34,1,0.0,1283,4.54,0.033,0.057,93,71.22,ISO9001,1,0
120,APAC,3361.24,56.38,3,34.64,1,0.0,969,5.22,0.042,0.038,42,59.86,ISO9001+ISO14001,1,0
120,APAC,3361.24,56.38,3,36.03,1,0.0,1289,4.82,0.058,0.025,44,76.82,None,0,0
120,APAC,3361.24,56.38,3,35.15,1,0.0,914,4.69,0.01,0.032,33,54.46,ISO9001,0,0
120,APAC,3361.24,56.38,3,32.17,0,7.62,826,5.4,0.075,0.018,25,90.37,None,0,0
121,APAC,3568.28,73.89,14,32.39,1,0.0,625,5.01,0.025,0.027,13,78.65,None,0,0
121,APAC,3568.28,73.89,14,30.51,1,0.0,799,4.99,0.032,0.006,7,80.82,None,0,0
121,APAC,3568.28,73.89,14,29.11,0,3.67,632,4.48,0.038,0.018,18,75.28,ISO9001+ISO14001,1,0
121,APAC,3568.28,73.89,14,34.98,1,0.0,945,4.91,0.056,0.01,11,74.4,ISO9001,0,0
121,APAC,3568.28,73.89,14,29.38,1,0.0,803,4.1,0.0,0.01,9,78.27,ISO9001,0,0
121,APAC,3568.28,73.89,14,28.09,1,0.0,1001,3.63,0.021,0.015,20,63.95,ISO9001,1,0
121,APAC,3568.28,73.89,14,33.61,1,0.0,906,4.88,0.007,0.019,18,92.88,ISO9001+ISO14001,0,0
121,APAC,3568.28,73.89,14,36.25,1,0.0,1397,5.8,0.027,0.005,4,73.4,None,0,0
121,APAC,3568.28,73.89,14,31.12,1,0.0,694,4.61,0.044,0.014,8,55.22,ISO9001+ISO14001,1,0
121,APAC,3568.28,73.89,14,34.29,1,0.0,1114,6.47,0.016,0.022,15,71.98,ISO9001,0,0
121,APAC,3568.28,73.89,14,35.14,1,0.0,1127,3.95,0.014,0.002,3,63.08,ISO9001,1,0
121,APAC,3568.28,73.89,14,31.79,1,0.0,1143,4.54,0.021,0.014,12,66.0,ISO9001,1,0
121,APAC,3568.28,73.89,14,36.46,1,0.0,1030,3.93,0.035,0.02,18,81.23,None,0,0
121,APAC,3568.28,73.89,14,30.22,1,0.0,640,5.4,0.024,0.015,12,77.19,ISO9001,1,0
121,APAC,3568.28,73.89,14,38.33,1,0.0,1045,4.37,0.069,0.015,7,78.0,None,0,0
121,APAC,3568.28,73.89,14,36.23,1,0.0,969,4.96,0.042,0.021,17,80.81,ISO9001,0,0
121,APAC,3568.28,73.89,14,30.0,1,0.0,691,5.12,0.03,0.012,12,73.34,ISO9001+ISO14001,1,0
121,APAC,3568.28,73.89,14,31.44,1,0.0,991,4.84,0.03,0.014,17,68.51,ISO9001+ISO14001,1,0
121,APAC,3568.28,73.89,14,26.38,1,0.0,1220,5.17,0.049,0.012,18,79.47,ISO9001,1,0
121,APAC,3568.28,73.89,14,35.55,1,0.0,1292,6.05,0.044,0.011,19,67.71,ISO9001+ISO14001,1,0
121,APAC,3568.28,73.89,14,31.93,1,0.0,579,5.22,0.0,0.005,2,87.03,ISO9001,1,0
121,APAC,3568.28,73.89,14,32.8,1,0.0,997,4.93,0.036,0.0,0,78.62,ISO9001,1,0
121,APAC,3568.28,73.89,14,29.92,1,0.0,1472,6.22,0.023,0.011,16,87.41,None,0,0
121,APAC,3568.28,73.89,14,30.45,1,0.0,765,6.27,0.01,0.01,12,95.07,ISO9001,0,0
121,APAC,3568.28,73.89,14,34.61,1,0.0,1141,3.95,0.078,0.0,0,93.44,ISO9001,0,0
121,APAC,3568.28,73.89,14,34.95,0,11.26,1378,5.3,0.02,0.006,8,84.72,None,0,0
121,APAC,3568.28,73.89,14,32.52,1,0.0,1266,4.59,0.029,0.019,21,85.94,ISO9001+ISO14001,0,0
121,APAC,3568.28,73.89,14,30.77,1,0.0,904,4.37,0.091,0.0,0,65.72,ISO9001,1,0
121,APAC,3568.28,73.89,14,33.91,0,4.63,1536,3.97,0.036,0.0,0,82.69,ISO9001,1,0
121,APAC,3568.28,73.89,14,29.13,1,0.0,453,4.49,0.007,0.006,2,69.27,None,0,0
121,APAC,3568.28,73.89,14,34.72,1,0.0,886,5.58,0.043,0.0,0,94.41,ISO9001+ISO14001,0,0
121,APAC,3568.28,73.89,14,36.56,1,0.0,1259,4.63,0.019,0.022,27,77.23,None,0,0
121,APAC,3568.28,73.89,14,34.41,1,0.0,849,4.62,0.034,0.015,11,65.89,ISO9001,0,0
121,APAC,3568.28,73.89,14,35.07,1,0.0,747,5.07,0.013,0.004,3,84.13,None,0,0
122,AMER,2188.37,46.59,4,30.83,1,0.0,1253,4.73,0.033,0.014,16,74.36,ISO9001,0,0
122,AMER,2188.37,46.59,4,31.65,1,0.0,1636,4.92,0.021,0.012,9,60.6,ISO9001,0,0
122,AMER,2188.37,46.59,4,23.62,1,0.0,1038,4.6,0.012,0.022,24,74.79,ISO9001,0,0
122,AMER,2188.37,46.59,4,31.82,0,5.5,808,5.45,0.025,0.023,18,53.04,None,0,1
122,AMER,2188.37,46.59,4,30.29,1,0.0,1211,5.22,0.039,0.017,22,57.14,ISO9001+ISO14001,1,0
122,AMER,2188.37,46.59,4,20.7,1,0.0,1219,4.24,0.054,0.017,15,92.5,ISO9001,1,0
122,AMER,2188.37,46.59,4,22.74,1,0.0,433,5.12,0.012,0.035,13,60.03,ISO9001,0,0
122,AMER,2188.37,46.59,4,24.47,1,0.0,1573,4.72,0.058,0.029,47,79.63,ISO9001+ISO14001,0,0
122,AMER,2188.37,46.59,4,27.68,1,0.0,801,3.81,0.001,0.02,13,66.98,ISO9001,1,0
122,AMER,2188.37,46.59,4,25.57,1,0.0,996,5.21,0.036,0.027,23,69.19,ISO9001+ISO14001,0,0
122,AMER,2188.37,46.59,4,26.4,1,0.0,822,4.72,0.019,0.032,28,77.42,ISO9001,0,0
122,AMER,2188.37,46.59,4,30.81,1,0.0,1316,4.2,0.051,0.006,12,94.99,None,0,0
122,AMER,2188.37,46.59,4,27.54,1,0.0,1047,4.58,0.014,0.03,24,77.6,None,0,0
122,AMER,2188.37,46.59,4,23.34,1,0.0,1267,5.68,0.027,0.042,56,82.46,None,0,0
122,AMER,2188.37,46.59,4,31.01,1,0.0,987,3.99,0.041,0.007,7,79.44,None,0,0
122,AMER,2188.37,46.59,4,23.56,1,0.0,853,4.27,0.069,0.01,8,88.2,ISO9001,0,0
122,AMER,2188.37,46.59,4,25.27,1,0.0,654,4.2,0.009,0.014,9,77.58,ISO9001+ISO14001,0,0
122,AMER,2188.37,46.59,4,29.43,1,0.0,1633,5.79,0.078,0.024,35,66.71,ISO9001,1,0
122,AMER,2188.37,46.59,4,21.83,1,0.0,1168,4.45,0.059,0.021,18,79.29,ISO9001,1,0
122,AMER,2188.37,46.59,4,26.47,1,0.0,1125,4.48,0.063,0.031,29,68.91,ISO9001,0,0
122,AMER,2188.37,46.59,4,30.91,1,0.0,1055,6.4,0.039,0.023,26,76.01,ISO9001+ISO14001,1,0
122,AMER,2188.37,46.59,4,28.0,1,0.0,1369,4.37,0.005,0.03,52,89.1,ISO9001,1,0
122,AMER,2188.37,46.59,4,19.9,1,0.0,759,5.22,0.025,0.029,18,68.8,ISO9001+ISO14001,0,0
122,AMER,2188.37,46.59,4,25.75,1,0.0,1304,3.82,0.051,0.01,15,71.63,None,1,0
122,AMER,2188.37,46.59,4,29.78,1,0.0,1216,5.51,0.058,0.016,22,79.32,ISO9001,1,0
122,AMER,2188.37,46.59,4,25.51,1,0.0,1735,5.59,0.015,0.02,30,74.34,None,1,0
122,AMER,2188.37,46.59,4,28.25,1,0.0,1558,3.92,0.033,0.038,57,80.7,ISO9001+ISO14001,1,0
122,AMER,2188.37,46.59,4,25.38,0,3.53,1037,4.4,0.055,0.009,10,76.71,ISO9001,1,1
122,AMER,2188.37,46.59,4,22.87,1,0.0,1344,4.17,0.044,0.0,0,82.04,ISO9001+ISO14001,1,0
122,AMER,2188.37,46.59,4,27.75,1,0.0,1082,4.86,0.039,0.005,6,70.55,ISO9001,1,0
122,AMER,2188.37,46.59,4,27.56,1,0.0,684,4.86,0.042,0.014,7,80.28,ISO9001+ISO14001,0,0
122,AMER,2188.37,46.59,4,29.02,1,0.0,771,5.33,0.0,0.0,0,74.58,None,0,0
122,AMER,2188.37,46.59,4,31.8,1,0.0,797,5.3,0.047,0.025,24,65.35,None,0,0
122,AMER,2188.37,46.59,4,21.83,1,0.0,1203,4.57,0.0,0.025,27,83.17,ISO9001+ISO14001,0,0
122,AMER,2188.37,46.59,4,27.12,1,0.0,1010,5.74,0.049,0.02,13,70.02,ISO9001,0,0
122,AMER,2188.37,46.59,4,25.82,1,0.0,720,4.75,0.027,0.033,29,91.62,ISO9001,1,0
122,AMER,2188.37,46.59,4,24.91,1,0.0,1378,5.28,0.0,0.013,17,59.64,None,0,0
122,AMER,2188.37,46.59,4,30.37,1,0.0,966,4.77,0.0,0.013,8,72.85,None,0,0
122,AMER,2188.37,46.59,4,25.82,1,0.0,542,4.98,0.032,0.038,26,68.09,None,0,0
122,AMER,2188.37,46.59,4,26.79,1,0.0,1185,3.95,0.0,0.032,42,82.97,ISO9001,1,0
122,AMER,2188.37,46.59,4,30.45,1,0.0,390,3.4,0.058,0.02,5,79.75,ISO9001,1,0
122,AMER,2188.37,46.59,4,27.77,1,0.0,908,4.9,0.067,0.03,31,78.2,ISO9001,1,0
123,AMER,1323.62,77.07,5,25.08,1,0.0,773,4.99,0.03,0.006,5,61.76,ISO9001+ISO14001,0,0
123,AMER,1323.62,77.07,5,27.13,1,0.0,959,4.75,0.022,0.003,3,74.31,ISO9001+ISO14001,1,0
123,AMER,1323.62,77.07,5,17.54,1,0.0,790,5.98,0.041,0.015,7,90.72,ISO9001,1,0
123,AMER,1323.62,77.07,5,25.21,1,0.0,1219,6.32,0.036,0.023,36,76.77,None,0,0
123,AMER,1323.62,77.07,5,28.0,1,0.0,1353,4.87,0.017,0.007,4,81.41,None,0,0
123,AMER,1323.62,77.07,5,23.77,1,0.0,1276,4.52,0.063,0.023,29,90.44,ISO9001,0,0
123,AMER,1323.62,77.07,5,23.8,1,0.0,561,5.56,0.052,0.017,13,77.73,ISO9001,1,0
123,AMER,1323.62,77.07,5,20.17,1,0.0,976,4.87,0.039,0.031,24,72.87,ISO9001,0,0
123,AMER,1323.62,77.07,5,20.34,1,0.0,1166,4.59,0.04,0.03,31,80.22,ISO9001,1,0
123,AMER,1323.62,77.07,5,23.56,1,0.0,584,4.44,0.032,0.008,1,75.94,ISO9001+ISO14001,1,0
123,AMER,1323.62,77.07,5,24.93,1,0.0,1257,5.44,0.029,0.0,0,76.29,ISO9001+ISO14001,1,0
123,AMER,1323.62,77.07,5,17.37,1,0.0,831,4.56,0.05,0.014,16,73.65,ISO9001,1,0
123,AMER,1323.62,77.07,5,25.61,1,0.0,1289,3.79,0.044,0.012,15,77.91,ISO9001+ISO14001,1,0
123,AMER,1323.62,77.07,5,22.37,1,0.0,877,5.34,0.032,0.012,10,60.69,ISO9001,1,0
123,AMER,1323.62,77.07,5,24.43,1,0.0,1092,5.55,0.043,0.016,20,80.8,None,0,0
123,AMER,1323.62,77.07,5,21.37,1,0.0,808,5.34,0.043,0.0,0,83.69,ISO9001+ISO14001,0,0
123,AMER,1323.62,77.07,5,24.66,1,0.0,675,5.15,0.049,0.007,2,82.97,ISO9001,1,0
123,AMER,1323.62,77.07,5,20.56,1,0.0,1468,4.01,0.044,0.032,36,84.53,ISO9001,0,0
123,AMER,1323.62,77.07,5,20.86,1,0.0,751,4.95,0.039,0.007,1,88.15,ISO9001,1,0
123,AMER,1323.62,77.07,5,22.46,1,0.0,951,5.05,0.074,0.007,5,92.23,None,0,0
123,AMER,1323.62,77.07,5,25.79,1,0.0,1021,5.62,0.0,0.015,9,80.94,None,0,0
123,AMER,1323.62,77.07,5,22.42,1,0.0,827,5.64,0.019,0.013,15,60.08,None,1,0
123,AMER,1323.62,77.07,5,28.28,1,0.0,812,4.88,0.083,0.012,9,89.52,ISO9001+ISO14001,1,0
123,AMER,1323.62,77.07,5,21.38,0,7.93,866,5.4,0.013,0.007,10,75.74,ISO9001,0,0
123,AMER,1323.62,77.07,5,19.52,1,0.0,1011,4.41,0.047,0.0,0,64.7,ISO9001+ISO14001,1,0
123,AMER,1323.62,77.07,5,29.69,1,0.0,830,5.39,0.0,0.006,3,100.0,None,0,0
123,AMER,1323.62,77.07,5,23.41,1,0.0,1040,4.0,0.081,0.014,16,75.64,ISO9001,1,0
123,AMER,1323.62,77.07,5,23.5,1,0.0,693,4.96,0.008,0.033,26,91.85,ISO9001,0,0
123,AMER,1323.62,77.07,5,24.32,1,0.0,1351,5.3,0.009,0.008,12,77.1,None,0,0
123,AMER,1323.62,77.07,5,20.48,1,0.0,1300,5.06,0.0,0.004,10,78.41,ISO9001,0,0
123,AMER,1323.62,77.07,5,24.04,1,0.0,1209,5.22,0.026,0.036,40,84.58,None,0,0
123,AMER,1323.62,77.07,5,24.81,1,0.0,1051,3.92,0.042,0.0,0,85.74,ISO9001,1,0
123,AMER,1323.62,77.07,5,23.74,1,0.0,772,3.98,0.045,0.023,22,73.27,ISO9001+ISO14001,1,0
123,AMER,1323.62,77.07,5,23.44,1,0.0,1130,4.98,0.071,0.017,8,73.52,ISO9001+ISO14001,1,0
123,AMER,1323.62,77.07,5,22.16,1,0.0,995,5.22,0.023,0.011,14,69.97,ISO9001,0,0
124,EMEA,2614.47,64.63,2,28.87,0,5.9,717,5.04,0.002,0.028,28,54.57,ISO9001+ISO14001,1,0
124,EMEA,2614.47,64.63,2,30.21,1,0.0,843,5.26,0.061,0.026,24,68.76,ISO9001+ISO14001,0,0
124,EMEA,2614.47,64.63,2,27.66,0,7.58,1053,4.16,0.06,0.012,13,77.56,ISO9001,1,0
124,EMEA,2614.47,64.63,2,29.7,1,0.0,1151,6.2,0.047,0.02,24,65.0,ISO9001,1,0
124,EMEA,2614.47,64.63,2,28.98,1,0.0,1345,4.99,0.032,0.01,14,83.56,ISO9001,1,0
124,EMEA,2614.47,64.63,2,27.83,1,0.0,1400,6.11,0.038,0.014,24,55.61,None,1,0
124,EMEA,2614.47,64.63,2,27.67,1,0.0,817,5.41,0.024,0.011,8,72.79,ISO9001,1,0
124,EMEA,2614.47,64.63,2,27.7,0,5.63,1003,4.23,0.039,0.032,31,68.27,ISO9001,0,0
124,EMEA,2614.47,64.63,2,31.13,1,0.0,866,5.21,0.042,0.007,6,84.51,ISO9001,1,0
124,EMEA,2614.47,64.63,2,25.42,1,0.0,598,5.57,0.068,0.023,11,63.09,ISO9001+ISO14001,0,0
124,EMEA,2614.47,64.63,2,26.64,1,0.0,766,4.68,0.036,0.024,17,63.32,ISO9001,1,0
124,EMEA,2614.47,64.63,2,26.4,1,0.0,1069,4.51,0.017,0.021,22,65.6,ISO9001,0,0
124,EMEA,2614.47,64.63,2,27.02,1,0.0,1073,5.68,0.062,0.031,34,74.97,None,0,0
124,EMEA,2614.47,64.63,2,35.05,1,0.0,486,5.89,0.022,0.012,3,71.21,ISO9001+ISO14001,1,0
124,EMEA,2614.47,64.63,2,24.59,0,6.43,1397,5.1,0.03,0.025,35,44.18,None,0,1
124,EMEA,2614.47,64.63,2,26.69,1,0.0,1093,5.49,0.06,0.024,26,71.25,ISO9001+ISO14001,0,0
124,EMEA,2614.47,64.63,2,26.34,0,6.62,792,5.42,0.047,0.031,31,68.42,ISO9001,1,0
124,EMEA,2614.47,64.63,2,27.21,0,8.13,1140,5.04,0.034,0.025,26,84.36,ISO9001,1,0
124,EMEA,2614.47,64.63,2,26.93,1,0.0,1202,4.91,0.054,0.029,40,67.81,ISO9001,1,0
124,EMEA,2614.47,64.63,2,33.01,1,0.0,785,5.17,0.064,0.025,17,88.83,ISO9001,1,0
124,EMEA,2614.47,64.63,2,27.44,1,0.0,1030,3.33,0.015,0.022,24,70.81,ISO9001+ISO14001,1,0
124,EMEA,2614.47,64.63,2,27.12,1,0.0,1430,4.0,0.033,0.02,13,74.37,None,0,0
124,EMEA,2614.47,64.63,2,30.49,0,5.1,676,4.85,0.036,0.018,14,70.43,ISO9001+ISO14001,1,0
124,EMEA,2614.47,64.63,2,29.72,0,6.46,933,4.89,0.038,0.023,18,78.32,ISO9001,0,0
124,EMEA,2614.47,64.63,2,30.83,1,0.0,1149,5.61,0.02,0.034,33,77.34,ISO9001,0,0
124,EMEA,2614.47,64.63,2,30.17,1,0.0,1031,4.27,0.026,0.028,30,58.54,ISO9001,1,0
124,EMEA,2614.47,64.63,2,25.8,1,0.0,839,4.92,0.066,0.043,30,71.64,ISO9001+ISO14001,0,0
124,EMEA,2614.47,64.63,2,28.58,1,0.0,1147,6.03,0.016,0.025,30,52.49,None,0,0
124,EMEA,2614.47,64.63,2,24.09,1,0.0,791,5.0,0.038,0.027,21,68.14,ISO9001,1,0
124,EMEA,2614.47,64.63,2,28.11,1,0.0,1368,3.93,0.043,0.004,7,78.99,ISO9001,1,0
124,EMEA,2614.47,64.63,2,25.3,1,0.0,1037,5.16,0.034,0.021,29,76.59,ISO9001,1,0
124,EMEA,2614.47,64.63,2,28.02,1,0.0,914,4.73,0.076,0.021,17,92.78,ISO9001,1,0
124,EMEA,2614.47,64.63,2,25.15,0,8.85,920,4.73,0.037,0.023,20,58.43,None,1,0
124,EMEA,2614.47,64.63,2,24.42,1,0.0,1467,5.32,0.019,0.03,50,71.7,None,0,0
124,EMEA,2614.47,64.63,2,28.79,0,2.18,1138,4.53,0.048,0.017,25,71.35,ISO9001+ISO14001,1,0
124,EMEA,2614.47,64.63,2,26.8,1,0.0,1058,4.58,0.033,0.007,7,91.83,ISO9001+ISO14001,1,0
124,EMEA,2614.47,64.63,2,24.66,1,0.0,803,4.45,0.019,0.029,20,70.41,None,0,0
124,EMEA,2614.47,64.63,2,30.79,1,0.0,1087,5.09,0.018,0.031,41,77.99,None,0,0
124,EMEA,2614.47,64.63,2,28.86,1,0.0,1190,4.48,0.008,0.033,43,67.47,ISO9001+ISO14001,1,0
124,EMEA,2614.47,64.63,2,28.54,0,3.83,741,4.26,0.044,0.018,19,68.2,ISO9001,0,0
124,EMEA,2614.47,64.63,2,29.75,1,0.0,1204,5.79,0.037,0.015,15,74.54,ISO9001,1,0
124,EMEA,2614.47,64.63,2,30.74,1,0.0,1152,5.61,0.0,0.012,23,67.94,ISO9001,1,0
124,EMEA,2614.47,64.63,2,29.45,1,0.0,885,5.0,0.009,0.011,7,78.9,ISO9001,0,0
125,APAC,3405.55,47.77,8,37.63,0,9.12,678,4.58,0.048,0.016,10,75.68,ISO9001,0,0
125,APAC,3405.55,47.77,8,30.9,1,0.0,1098,5.36,0.046,0.015,16,63.72,None,0,0
125,APAC,3405.55,47.77,8,34.75,1,0.0,834,5.24,0.001,0.035,32,78.48,ISO9001+ISO14001,1,0
125,APAC,3405.55,47.77,8,29.52,0,5.2,890,4.45,0.041,0.024,19,73.03,None,0,1
125,APAC,3405.55,47.77,8,27.97,1,0.0,1041,4.8,0.029,0.034,38,62.41,None,0,0
125,APAC,3405.55,47.77,8,29.22,1,0.0,1368,6.73,0.002,0.015,18,79.33,ISO9001,1,0
125,APAC,3405.55,47.77,8,37.56,1,0.0,823,4.14,0.022,0.029,20,77.88,ISO9001+ISO14001,1,0
125,APAC,3405.55,47.77,8,31.31,1,0.0,960,3.89,0.045,0.002,1,65.49,ISO9001,1,0
125,APAC,3405.55,47.77,8,27.88,0,6.55,1551,4.56,0.047,0.01,10,78.86,ISO9001+ISO14001,0,0
125,APAC,3405.55,47.77,8,35.37,1,0.0,1213,5.08,0.042,0.023,24,78.05,None,0,0
125,APAC,3405.55,47.77,8,32.07,1,0.0,775,4.57,0.087,0.025,17,71.68,None,0,0
125,APAC,3405.55,47.77,8,24.67,1,0.0,929,5.43,0.043,0.021,27,67.98,ISO9001,0,0
125,APAC,3405.55,47.77,8,27.16,1,0.0,649,5.0,0.066,0.014,4,70.33,ISO9001,0,0
125,APAC,3405.55,47.77,8,30.88,1,0.0,770,4.57,0.046,0.016,14,66.71,ISO9001,0,0
125,APAC,3405.55,47.77,8,34.23,1,0.0,1082,5.38,0.012,0.022,26,54.55,ISO9001,1,0
125,APAC,3405.55,47.77,8,29.07,1,0.0,1376,5.18,0.058,0.027,26,73.11,ISO9001,0,0
125,APAC,3405.55,47.77,8,32.46,1,0.0,1004,5.31,0.033,0.027,19,78.62,ISO9001+ISO14001,0,0
125,APAC,3405.55,47.77,8,34.46,1,0.0,1138,5.72,0.044,0.041,43,79.06,ISO9001+ISO14001,0,0
125,APAC,3405.55,47.77,8,31.33,1,0.0,956,5.64,0.025,0.013,20,63.6,None,0,0
125,APAC,3405.55,47.77,8,28.74,1,0.0,1061,4.74,0.049,0.02,19,71.91,None,0,0
125,APAC,3405.55,47.77,8,29.05,1,0.0,1393,5.81,0.031,0.032,47,75.83,None,0,0
125,APAC,3405.55,47.77,8,32.24,1,0.0,898,4.42,0.044,0.016,10,86.49,ISO9001+ISO14001,1,0
125,APAC,3405.55,47.77,8,34.06,1,0.0,1320,4.52,0.025,0.02,25,89.85,ISO9001,1,0
125,APAC,3405.55,47.77,8,33.07,0,8.22,1259,3.81,0.074,0.025,39,77.5,ISO9001,0,1
125,APAC,3405.55,47.77,8,35.19,0,5.94,1330,5.8,0.032,0.031,41,80.86,ISO9001,0,0
125,APAC,3405.55,47.77,8,31.72,1,0.0,1197,4.33,0.035,0.016,19,81.66,None,1,0
125,APAC,3405.55,47.77,8,32.87,1,0.0,976,5.5,0.062,0.015,14,63.58,ISO9001+ISO14001,0,0
125,APAC,3405.55,47.77,8,31.62,0,5.62,1182,5.06,0.019,0.021,24,89.66,ISO9001+ISO14001,0,0
125,APAC,3405.55,47.77,8,30.7,1,0.0,854,5.27,0.044,0.024,25,71.89,ISO9001,1,0
125,APAC,3405.55,47.77,8,31.62,1,0.0,1299,4.98,0.051,0.029,37,83.66,ISO9001+ISO14001,0,0
125,APAC,3405.55,47.77,8,32.97,1,0.0,1428,5.56,0.07,0.015,28,65.6,None,0,0
125,APAC,3405.55,47.77,8,30.68,1,0.0,869,5.35,0.057,0.025,14,81.21,ISO9001,0,0
125,APAC,3405.55,47.77,8,33.57,1,0.0,1285,5.35,0.064,0.008,14,77.0,ISO9001,1,0
125,APAC,3405.55,47.77,8,27.13,0,5.06,1138,4.7,0.013,0.023,18,69.61,ISO9001+ISO14001,1,0
125,APAC,3405.55,47.77,8,33.61,0,7.84,1286,4.94,0.054,0.019,13,69.89,ISO9001,1,1
125,APAC,3405.55,47.77,8,29.9,1,0.0,940,5.04,0.06,0.022,25,71.53,ISO9001+ISO14001,0,0
125,APAC,3405.55,47.77,8,29.64,1,0.0,882,5.12,0.044,0.006,5,74.63,ISO9001,0,0
125,APAC,3405.55,47.77,8,30.05,1,0.0,1185,5.84,0.075,0.021,38,75.92,ISO9001,0,0
125,APAC,3405.55,47.77,8,34.38,1,0.0,1222,4.56,0.053,0.026,37,84.32,ISO9001+ISO14001,1,0
126,APAC,3994.79,39.95,1,34.59,1,0.0,904,4.47,0.058,0.031,25,56.03,ISO9001,0,0
126,APAC,3994.79,39.95,1,30.06,1,0.0,1196,3.97,0.036,0.033,40,88.35,ISO9001,1,0
126,APAC,3994.79,39.95,1,33.06,0,8.71,1223,4.7,0.078,0.034,43,63.23,ISO9001+ISO14001,0,1
126,APAC,3994.79,39.95,1,32.43,1,0.0,1173,5.51,0.076,0.024,22,67.27,None,0,0
126,APAC,3994.79,39.95,1,31.94,1,0.0,1404,4.43,0.051,0.026,41,61.84,ISO9001,1,0
126,APAC,3994.79,39.95,1,34.9,1,0.0,901,5.56,0.029,0.035,35,66.95,ISO9001+ISO14001,1,0
126,APAC,3994.79,39.95,1,34.56,0,8.73,806,5.31,0.029,0.028,21,72.05,ISO9001+ISO14001,0,1
126,APAC,3994.79,39.95,1,29.05,1,0.0,1162,6.6,0.033,0.023,33,76.01,ISO9001+ISO14001,1,0
126,APAC,3994.79,39.95,1,32.05,1,0.0,1277,5.44,0.045,0.031,38,84.85,ISO9001+ISO14001,0,0
126,APAC,3994.79,39.95,1,34.41,1,0.0,962,5.92,0.026,0.017,21,90.17,ISO9001,1,0
126,APAC,3994.79,39.95,1,34.52,1,0.0,1140,4.97,0.058,0.028,35,72.21,None,0,0
126,APAC,3994.79,39.95,1,37.06,0,10.0,970,5.58,0.064,0.025,25,70.52,ISO9001+ISO14001,0,1
126,APAC,3994.79,39.95,1,34.99,0,5.93,1244,5.64,0.06,0.041,56,58.51,ISO9001,0,1
126,APAC,3994.79,39.95,1,36.69,1,0.0,1089,5.52,0.003,0.037,32,83.78,ISO9001,1,0
126,APAC,3994.79,39.95,1,34.62,1,0.0,1200,5.42,0.032,0.024,25,75.72,ISO9001,0,0
126,APAC,3994.79,39.95,1,33.67,0,8.49,1005,5.12,0.028,0.037,41,80.04,ISO9001+ISO14001,1,1
126,APAC,3994.79,39.95,1,33.38,0,8.44,1179,4.4,0.048,0.023,27,76.85,None,0,1
126,APAC,3994.79,39.95,1,33.82,1,0.0,1034,4.48,0.04,0.023,30,55.18,None,0,0
126,APAC,3994.79,39.95,1,36.44,1,0.0,1063,4.99,0.019,0.021,15,58.83,ISO9001,0,0
126,APAC,3994.79,39.95,1,32.8,0,4.6,868,4.78,0.06,0.037,26,69.73,ISO9001,0,1
126,APAC,3994.79,39.95,1,38.21,1,0.0,795,3.96,0.057,0.026,16,95.12,ISO9001+ISO14001,1,0
126,APAC,3994.79,39.95,1,33.79,1,0.0,1118,4.82,0.038,0.032,41,90.31,ISO9001+ISO14001,0,0
126,APAC,3994.79,39.95,1,32.8,1,0.0,836,4.94,0.033,0.032,34,53.68,ISO9001,1,0
126,APAC,3994.79,39.95,1,30.61,1,0.0,1113,4.97,0.057,0.034,38,69.38,ISO9001+ISO14001,1,0
126,APAC,3994.79,39.95,1,34.71,0,7.79,976,4.81,0.0,0.044,39,67.41,None,0,1
126,APAC,3994.79,39.95,1,32.48,1,0.0,1070,5.71,0.015,0.023,30,79.88,None,0,0
126,APAC,3994.79,39.95,1,35.48,1,0.0,812,5.05,0.028,0.036,28,63.42,ISO9001,1,0
126,APAC,3994.79,39.95,1,34.36,1,0.0,972,5.69,0.027,0.038,35,70.75,ISO9001,0,0
126,APAC,3994.79,39.95,1,30.54,1,0.0,857,4.68,0.025,0.039,29,55.16,ISO9001+ISO14001,1,0
126,APAC,3994.79,39.95,1,32.64,0,5.59,936,5.02,0.01,0.033,30,59.34,ISO9001,1,1
126,APAC,3994.79,39.95,1,27.7,1,0.0,732,3.72,0.063,0.02,15,73.06,None,0,0
126,APAC,3994.79,39.95,1,35.75,1,0.0,657,4.7,0.052,0.018,10,77.35,ISO9001+ISO14001,1,0
126,APAC,3994.79,39.95,1,38.38,1,0.0,1175,5.11,0.021,0.041,43,60.16,ISO9001,1,0
126,APAC,3994.79,39.95,1,33.09,1,0.0,972,5.04,0.048,0.02,11,66.83,ISO9001,1,0
126,APAC,3994.79,39.95,1,35.42,0,5.1,871,4.84,0.049,0.035,38,80.86,ISO9001,0,1
126,APAC,3994.79,39.95,1,30.76,1,0.0,723,4.36,0.031,0.034,25,85.28,ISO9001,1,0
126,APAC,3994.79,39.95,1,38.83,1,0.0,995,5.51,0.062,0.038,37,66.09,ISO9001+ISO14001,1,0
126,APAC,3994.79,39.95,1,32.29,1,0.0,927,4.86,0.032,0.037,38,67.58,ISO9001,1,0
126,APAC,3994.79,39.95,1,34.14,1,0.0,1032,4.99,0.02,0.04,49,67.53,ISO9001,1,0
126,APAC,3994.79,39.95,1,32.22,1,0.0,982,4.52,0.039,0.01,10,80.91,ISO9001+ISO14001,0,0
126,APAC,3994.79,39.95,1,29.93,0,5.45,330,5.7,0.012,0.038,8,90.67,ISO9001,1,0
126,APAC,3994.79,39.95,1,31.5,0,6.5,867,4.29,0.051,0.03,26,64.95,ISO9001,1,1
126,APAC,3994.79,39.95,1,34.05,1,0.0,877,4.53,0.058,0.043,40,58.88,ISO9001,1,0
126,APAC,3994.79,39.95,1,33.6,1,0.0,1420,3.89,0.044,0.036,45,69.37,ISO9001,1,0
126,APAC,3994.79,39.95,1,29.25,1,0.0,1160,5.95,0.03,0.034,51,73.19,None,0,0
127,APAC,3943.66,90.0,7,32.88,1,0.0,981,4.63,0.019,0.001,2,88.83,ISO9001+ISO14001,1,0
127,APAC,3943.66,90.0,7,35.25,1,0.0,1446,4.71,0.005,0.01,20,95.36,ISO9001,1,0
127,APAC,3943.66,90.0,7,38.82,1,0.0,985,6.27,0.015,0.009,11,90.14,ISO9001,1,0
127,APAC,3943.66,90.0,7,34.2,1,0.0,858,5.88,0.034,0.0,0,81.36,ISO9001,0,0
127,APAC,3943.66,90.0,7,38.49,1,0.0,1076,4.98,0.006,0.006,11,84.16,ISO9001,1,0
127,APAC,3943.66,90.0,7,32.11,1,0.0,1107,4.42,0.026,0.0,0,68.1,ISO9001,0,0
127,APAC,3943.66,90.0,7,33.93,1,0.0,617,4.58,0.023,0.006,2,74.55,ISO9001,1,0
127,APAC,3943.66,90.0,7,33.01,1,0.0,1164,5.56,0.002,0.019,22,82.86,ISO9001,1,0
127,APAC,3943.66,90.0,7,31.27,1,0.0,1471,6.27,0.0,0.0,0,96.77,ISO9001,0,0
127,APAC,3943.66,90.0,7,35.73,0,4.73,1148,5.16,0.0,0.003,5,84.33,ISO9001,1,0
127,APAC,3943.66,90.0,7,34.55,1,0.0,705,5.29,0.024,0.009,2,65.18,None,0,0
127,APAC,3943.66,90.0,7,32.36,1,0.0,1198,5.33,0.032,0.014,21,78.59,ISO9001+ISO14001,1,0
127,APAC,3943.66,90.0,7,39.49,1,0.0,832,4.32,0.025,0.018,15,83.61,ISO9001+ISO14001,0,0
127,APAC,3943.66,90.0,7,30.81,1,0.0,963,4.8,0.044,0.001,1,80.97,ISO9001,0,0
127,APAC,3943.66,90.0,7,37.2,1,0.0,1378,4.41,0.021,0.006,10,83.81,ISO9001,0,0
127,APAC,3943.66,90.0,7,28.73,1,0.0,1001,5.01,0.058,0.027,25,83.11,ISO9001+ISO14001,0,0
127,APAC,3943.66,90.0,7,33.93,1,0.0,882,3.67,0.036,0.0,0,83.39,ISO9001+ISO14001,1,0
127,APAC,3943.66,90.0,7,34.67,1,0.0,904,5.57,0.032,0.0,0,78.55,ISO9001,0,0
127,APAC,3943.66,90.0,7,36.15,0,5.8,1526,5.39,0.066,0.0,0,63.8,ISO9001,0,0
127,APAC,3943.66,90.0,7,38.05,1,0.0,1237,5.2,0.02,0.014,11,79.67,ISO9001,1,0
127,APAC,3943.66,90.0,7,31.85,1,0.0,1439,4.33,0.037,0.001,0,82.0,ISO9001,0,0
127,APAC,3943.66,90.0,7,36.45,1,0.0,1075,4.45,0.064,0.01,6,98.16,ISO9001+ISO14001,1,0
127,APAC,3943.66,90.0,7,32.52,1,0.0,1086,5.16,0.014,0.009,7,86.55,ISO9001,0,0
127,APAC,3943.66,90.0,7,32.4,1,0.0,1440,5.63,0.032,0.0,0,81.27,ISO9001,0,0
127,APAC,3943.66,90.0,7,22.02,1,0.0,727,5.05,0.027,0.012,11,67.8,ISO9001,1,0
127,APAC,3943.66,90.0,7,37.75,1,0.0,633,4.16,0.045,0.015,5,57.54,ISO9001,1,0
127,APAC,3943.66,90.0,7,30.01,1,0.0,1057,6.02,0.014,0.014,13,100.0,None,0,0
127,APAC,3943.66,90.0,7,37.84,1,0.0,975,5.58,0.07,0.008,7,76.37,None,0,0
127,APAC,3943.66,90.0,7,36.03,1,0.0,938,4.92,0.033,0.0,0,86.35,ISO9001,1,0
127,APAC,3943.66,90.0,7,30.37,1,0.0,1199,5.35,0.012,0.0,0,89.07,None,0,0
127,APAC,3943.66,90.0,7,36.44,1,0.0,1063,4.59,0.023,0.0,0,59.19,ISO9001,1,0
127,APAC,3943.66,90.0,7,35.82,1,0.0,971,6.1,0.036,0.021,24,95.46,ISO9001+ISO14001,0,0
127,APAC,3943.66,90.0,7,29.54,1,0.0,763,5.61,0.009,0.003,6,89.93,None,0,0
127,APAC,3943.66,90.0,7,37.26,1,0.0,907,5.41,0.047,0.009,7,85.49,None,0,0
127,APAC,3943.66,90.0,7,36.57,1,0.0,922,5.96,0.031,0.028,25,87.88,None,0,0
127,APAC,3943.66,90.0,7,37.06,1,0.0,1513,4.94,0.025,0.0,0,70.28,ISO9001+ISO14001,1,0
127,APAC,3943.66,90.0,7,31.92,1,0.0,873,4.78,0.057,0.018,16,78.41,ISO9001,1,0
127,APAC,3943.66,90.0,7,34.64,1,0.0,1264,5.39,0.025,0.007,7,93.44,ISO9001,1,0
127,APAC,3943.66,90.0,7,29.35,1,0.0,1397,5.7,0.046,0.012,18,78.71,None,0,0
127,APAC,3943.66,90.0,7,33.66,1,0.0,1031,5.1,0.05,0.012,17,100.0,ISO9001+ISO14001,1,0
127,APAC,3943.66,90.0,7,34.42,1,0.0,1595,4.23,0.03,0.0,0,84.22,ISO9001,0,0
127,APAC,3943.66,90.0,7,37.06,1,0.0,871,5.21,0.021,0.006,5,67.86,ISO9001+ISO14001,0,0
127,APAC,3943.66,90.0,7,38.96,1,0.0,1661,5.65,0.028,0.0,0,84.55,ISO9001,1,0
127,APAC,3943.66,90.0,7,30.0,1,0.0,1223,4.72,0.027,0.015,12,92.8,ISO9001,1,0
127,APAC,3943.66,90.0,7,33.8,1,0.0,1120,3.97,0.022,0.011,15,76.73,None,0,0
127,APAC,3943.66,90.0,7,34.17,1,0.0,867,4.92,0.018,0.023,15,87.13,ISO9001+ISO14001,1,0
127,APAC,3943.66,90.0,7,30.45,1,0.0,1144,4.95,0.032,0.015,22,82.25,ISO9001+ISO14001,0,0
127,APAC,3943.66,90.0,7,36.96,1,0.0,714,4.56,0.004,0.005,4,79.97,ISO9001,1,0
127,APAC,3943.66,90.0,7,33.79,1,0.0,1287,4.43,0.038,0.025,35,85.66,ISO9001,0,0
127,APAC,3943.66,90.0,7,30.96,1,0.0,1392,5.11,0.04,0.015,22,96.39,ISO9001+ISO14001,1,0
127,APAC,3943.66,90.0,7,31.0,1,0.0,922,4.3,0.021,0.0,0,70.02,ISO9001,0,0
127,APAC,3943.66,90.0,7,33.52,1,0.0,762,5.6,0.003,0.002,2,73.77,None,0,0
127,APAC,3943.66,90.0,7,32.02,1,0.0,1272,5.86,0.029,0.002,2,83.34,ISO9001,0,0
127,APAC,3943.66,90.0,7,35.03,1,0.0,990,5.5,0.037,0.002,2,77.06,ISO9001,1,0
127,APAC,3943.66,90.0,7,30.51,1,0.0,1283,5.73,0.038,0.023,34,85.4,None,0,0
127,APAC,3943.66,90.0,7,35.91,1,0.0,809,5.51,0.0,0.003,2,80.93,None,0,0
127,APAC,3943.66,90.0,7,34.47,0,5.6,1018,4.71,0.0,0.006,4,81.68,None,1,0
127,APAC,3943.66,90.0,7,31.82,1,0.0,877,4.11,0.034,0.0,0,61.35,None,0,0
128,EMEA,1913.91,66.0,1,30.48,1,0.0,748,5.33,0.067,0.018,14,80.95,ISO9001,0,0
128,EMEA,1913.91,66.0,1,27.7,1,0.0,665,6.43,0.074,0.043,27,77.96,ISO9001,0,0
128,EMEA,1913.91,66.0,1,24.82,1,0.0,1135,5.35,0.038,0.024,29,89.06,ISO9001,0,0
128,EMEA,1913.91,66.0,1,26.08,1,0.0,568,4.23,0.0,0.011,5,84.06,ISO9001,0,0
128,EMEA,1913.91,66.0,1,23.49,1,0.0,613,5.55,0.017,0.022,18,68.26,ISO9001,1,0
128,EMEA,1913.91,66.0,1,24.51,1,0.0,1208,5.08,0.012,0.018,28,67.75,None,0,0
128,EMEA,1913.91,66.0,1,26.25,1,0.0,1113,5.6,0.022,0.031,37,85.85,ISO9001,1,0
128,EMEA,1913.91,66.0,1,24.75,1,0.0,570,4.55,0.025,0.041,20,61.46,ISO9001,0,0
128,EMEA,1913.91,66.0,1,31.22,1,0.0,1335,4.14,0.053,0.042,69,67.27,None,0,0
128,EMEA,1913.91,66.0,1,26.73,1,0.0,736,4.08,0.04,0.017,13,90.22,ISO9001,1,0
128,EMEA,1913.91,66.0,1,25.74,1,0.0,1333,4.84,0.042,0.007,13,76.12,None,0,0
128,EMEA,1913.91,66.0,1,27.98,1,0.0,1240,4.29,0.023,0.008,9,66.48,ISO9001+ISO14001,1,0
128,EMEA,1913.91,66.0,1,28.12,1,0.0,1248,5.74,0.0,0.024,44,70.49,ISO9001,1,0
128,EMEA,1913.91,66.0,1,26.48,0,6.25,1321,4.91,0.02,0.038,44,57.44,ISO9001+ISO14001,1,0
128,EMEA,1913.91,66.0,1,22.78,1,0.0,655,5.98,0.04,0.033,21,67.31,ISO9001+ISO14001,0,0
128,EMEA,1913.91,66.0,1,25.91,1,0.0,573,5.15,0.067,0.023,10,70.22,None,0,0
128,EMEA,1913.91,66.0,1,26.24,1,0.0,1176,4.73,0.04,0.024,20,66.99,ISO9001,0,0
128,EMEA,1913.91,66.0,1,21.41,1,0.0,1280,4.76,0.035,0.026,37,73.6,ISO9001,0,0
128,EMEA,1913.91,66.0,1,26.51,1,0.0,1088,5.43,0.064,0.027,24,74.54,ISO9001,0,0
128,EMEA,1913.91,66.0,1,23.77,1,0.0,1095,4.96,0.0,0.016,22,74.51,ISO9001,1,0
128,EMEA,1913.91,66.0,1,24.08,0,5.65,1184,4.27,0.063,0.021,19,92.04,ISO9001,1,0
129,APAC,3884.15,56.17,3,40.13,1,0.0,681,3.68,0.028,0.032,22,59.06,ISO9001,1,0
129,APAC,3884.15,56.17,3,36.83,1,0.0,733,4.52,0.019,0.025,17,69.81,None,0,0
129,APAC,3884.15,56.17,3,35.16,0,8.94,917,4.81,0.028,0.05,49,71.59,None,1,0
129,APAC,3884.15,56.17,3,32.39,1,0.0,968,5.03,0.075,0.022,12,73.92,ISO9001,0,0
129,APAC,3884.15,56.17,3,30.42,1,0.0,726,5.26,0.024,0.036,19,91.13,ISO9001,1,0
129,APAC,3884.15,56.17,3,33.66,1,0.0,691,4.51,0.036,0.045,36,81.13,ISO9001,0,0
129,APAC,3884.15,56.17,3,32.72,1,0.0,1174,4.48,0.069,0.026,31,65.57,ISO9001,1,0
129,APAC,3884.15,56.17,3,35.17,0,7.72,650,5.28,0.012,0.032,20,76.61,ISO9001,0,0
129,APAC,3884.15,56.17,3,30.68,1,0.0,1207,5.5,0.031,0.034,33,87.61,ISO9001,1,0
129,APAC,3884.15,56.17,3,35.13,1,0.0,1087,5.91,0.051,0.031,29,72.28,ISO9001,0,0
129,APAC,3884.15,56.17,3,30.5,1,0.0,942,4.43,0.009,0.04,42,70.93,ISO9001,0,0
129,APAC,3884.15,56.17,3,38.15,1,0.0,410,5.29,0.041,0.014,4,48.04,ISO9001,0,0
129,APAC,3884.15,56.17,3,37.5,0,9.99,1138,5.25,0.063,0.035,38,74.93,ISO9001+ISO14001,0,0
129,APAC,3884.15,56.17,3,31.28,1,0.0,1575,5.79,0.027,0.026,47,83.53,ISO9001,1,0
129,APAC,3884.15,56.17,3,39.05,1,0.0,1022,5.06,0.03,0.039,49,56.81,ISO9001+ISO14001,1,0
129,APAC,3884.15,56.17,3,38.58,1,0.0,726,5.54,0.059,0.031,16,68.0,ISO9001,1,0
129,APAC,3884.15,56.17,3,34.4,1,0.0,1150,5.14,0.009,0.018,14,67.59,None,0,0
129,APAC,3884.15,56.17,3,36.96,0,10.07,850,4.77,0.026,0.015,3,60.4,ISO9001,0,0
129,APAC,3884.15,56.17,3,35.64,0,6.25,1029,5.1,0.101,0.023,21,76.71,ISO9001+ISO14001,0,1
129,APAC,3884.15,56.17,3,38.14,1,0.0,1490,4.02,0.026,0.031,41,62.93,ISO9001,0,0
129,APAC,3884.15,56.17,3,35.78,1,0.0,993,4.25,0.035,0.046,43,81.0,ISO9001,1,0
129,APAC,3884.15,56.17,3,32.85,1,0.0,1500,5.16,0.038,0.027,49,62.64,None,0,0
129,APAC,3884.15,56.17,3,31.46,0,10.76,1450,4.91,0.06,0.031,41,79.9,ISO9001,0,0
129,APAC,3884.15,56.17,3,38.9,1,0.0,1343,5.05,0.061,0.019,27,79.86,None,0,0
129,APAC,3884.15,56.17,3,34.1,0,7.7,1322,5.42,0.038,0.018,20,63.67,None,0,0
129,APAC,3884.15,56.17,3,33.6,1,0.0,1142,6.25,0.037,0.033,39,79.17,ISO9001,0,0
129,APAC,3884.15,56.17,3,37.81,0,7.86,572,5.16,0.04,0.026,16,66.53,ISO9001,1,0
129,APAC,3884.15,56.17,3,41.51,1,0.0,1179,5.41,0.071,0.024,23,67.47,ISO9001,1,0
129,APAC,3884.15,56.17,3,33.94,1,0.0,1045,5.72,0.045,0.034,30,81.86,ISO9001+ISO14001,1,0
129,APAC,3884.15,56.17,3,28.97,1,0.0,1386,4.58,0.04,0.04,54,64.77,ISO9001,0,0
129,APAC,3884.15,56.17,3,36.19,1,0.0,1173,6.42,0.068,0.01,11,54.97,ISO9001,1,0
129,APAC,3884.15,56.17,3,36.53,1,0.0,1015,4.39,0.054,0.05,51,74.01,ISO9001,0,0
129,APAC,3884.15,56.17,3,31.13,0,9.3,891,4.58,0.013,0.013,10,59.84,ISO9001,1,0
129,APAC,3884.15,56.17,3,34.13,1,0.0,1090,4.58,0.063,0.016,14,56.18,ISO9001,0,0
129,APAC,3884.15,56.17,3,37.68,0,8.25,1088,5.76,0.069,0.016,21,52.96,ISO9001,1,1
129,APAC,3884.15,56.17,3,36.16,1,0.0,1489,4.94,0.07,0.028,44,59.11,ISO9001,1,0
129,APAC,3884.15,56.17,3,36.91,0,11.81,1090,5.46,0.055,0.027,28,62.4,ISO9001,0,1
129,APAC,3884.15,56.17,3,32.63,1,0.0,963,5.74,0.063,0.026,29,89.58,ISO9001,0,0
129,APAC,3884.15,56.17,3,30.17,1,0.0,1189,4.75,0.068,0.053,57,65.43,None,1,0
129,APAC,3884.15,56.17,3,38.01,1,0.0,1262,4.86,0.048,0.033,40,68.46,ISO9001,0,0
130,AMER,1430.76,95.36,4,23.73,1,0.0,865,5.2,0.021,0.01,10,85.4,ISO9001+ISO14001,0,0
130,AMER,1430.76,95.36,4,19.4,1,0.0,1327,5.17,0.051,0.018,23,90.43,None,0,0
130,AMER,1430.76,95.36,4,27.21,1,0.0,1428,5.78,0.036,0.033,47,81.6,ISO9001,1,0
130,AMER,1430.76,95.36,4,22.8,1,0.0,1026,5.16,0.08,0.0,0,74.73,ISO9001,1,0
130,AMER,1430.76,95.36,4,23.47,1,0.0,1380,6.14,0.031,0.023,33,74.85,None,0,0
130,AMER,1430.76,95.36,4,26.26,1,0.0,781,5.21,0.027,0.015,12,80.68,None,0,0
130,AMER,1430.76,95.36,4,26.51,1,0.0,954,4.4,0.023,0.005,3,76.71,ISO9001,0,0
130,AMER,1430.76,95.36,4,27.52,1,0.0,1248,4.54,0.037,0.003,3,78.69,ISO9001,1,0
130,AMER,1430.76,95.36,4,21.21,1,0.0,1061,4.65,0.032,0.024,23,80.61,ISO9001+ISO14001,0,0
130,AMER,1430.76,95.36,4,21.59,1,0.0,1046,4.85,0.06,0.026,22,81.95,None,0,0
130,AMER,1430.76,95.36,4,23.56,1,0.0,1000,4.5,0.046,0.026,23,64.44,ISO9001+ISO14001,1,0
130,AMER,1430.76,95.36,4,23.89,1,0.0,1368,5.23,0.059,0.017,20,80.75,ISO9001,1,0
130,AMER,1430.76,95.36,4,24.08,1,0.0,1274,5.53,0.047,0.023,28,81.05,ISO9001+ISO14001,0,0
130,AMER,1430.76,95.36,4,22.9,1,0.0,925,5.93,0.038,0.019,20,60.28,ISO9001+ISO14001,1,0
130,AMER,1430.76,95.36,4,18.67,0,2.36,991,5.51,0.001,0.024,26,88.35,ISO9001+ISO14001,1,0
130,AMER,1430.76,95.36,4,19.29,1,0.0,1047,5.43,0.051,0.017,20,63.61,ISO9001+ISO14001,0,0
130,AMER,1430.76,95.36,4,24.89,1,0.0,500,3.8,0.046,0.004,1,59.37,ISO9001+ISO14001,1,0
130,AMER,1430.76,95.36,4,21.54,1,0.0,1342,4.95,0.061,0.025,34,75.83,ISO9001,1,0
130,AMER,1430.76,95.36,4,19.73,0,6.09,822,4.81,0.017,0.019,15,71.03,ISO9001,1,0
130,AMER,1430.76,95.36,4,23.56,1,0.0,765,4.32,0.014,0.0,0,86.42,None,0,0
130,AMER,1430.76,95.36,4,26.24,1,0.0,1009,5.58,0.042,0.032,30,75.06,ISO9001+ISO14001,1,0
130,AMER,1430.76,95.36,4,20.79,1,0.0,782,4.3,0.023,0.004,2,76.54,None,0,0
130,AMER,1430.76,95.36,4,27.81,0,8.9,862,4.64,0.024,0.009,7,88.43,ISO9001+ISO14001,1,0
130,AMER,1430.76,95.36,4,24.71,1,0.0,1119,4.91,0.047,0.031,35,73.35,ISO9001,1,0
130,AMER,1430.76,95.36,4,17.63,1,0.0,774,4.76,0.054,0.025,17,77.24,ISO9001,1,0
130,AMER,1430.76,95.36,4,23.92,1,0.0,1255,5.16,0.038,0.029,40,72.29,None,1,0
130,AMER,1430.76,95.36,4,22.91,1,0.0,941,4.82,0.084,0.011,10,84.95,ISO9001+ISO14001,1,0
130,AMER,1430.76,95.36,4,24.87,1,0.0,710,5.19,0.0,0.0,0,69.55,ISO9001,0,0
130,AMER,1430.76,95.36,4,17.83,1,0.0,840,4.86,0.013,0.008,6,100.0,ISO9001+ISO14001,0,0
130,AMER,1430.76,95.36,4,28.99,1,0.0,215,4.93,0.049,0.011,5,71.05,ISO9001,1,0
130,AMER,1430.76,95.36,4,22.59,1,0.0,917,4.77,0.035,0.027,25,72.68,ISO9001,0,0
130,AMER,1430.76,95.36,4,25.86,1,0.0,878,5.46,0.08,0.0,0,90.99,ISO9001+ISO14001,0,0
130,AMER,1430.76,95.36,4,18.02,1,0.0,1238,3.77,0.077,0.021,21,75.05,ISO9001+ISO14001,1,0
130,AMER,1430.76,95.36,4,26.49,1,0.0,1096,5.12,0.043,0.027,34,96.28,ISO9001,0,0
131,APAC,3571.36,43.11,6,35.7,1,0.0,1285,5.86,0.058,0.015,19,65.78,None,0,0
131,APAC,3571.36,43.11,6,33.83,1,0.0,1229,5.26,0.01,0.019,26,89.23,ISO9001+ISO14001,1,0
131,APAC,3571.36,43.11,6,29.17,1,0.0,806,4.12,0.055,0.032,23,62.78,ISO9001,0,0
131,APAC,3571.36,43.11,6,30.6,1,0.0,1432,4.9,0.045,0.011,12,75.73,ISO9001+ISO14001,1,0
131,APAC,3571.36,43.11,6,33.77,1,0.0,932,3.69,0.047,0.014,17,80.64,ISO9001,1,0
131,APAC,3571.36,43.11,6,32.67,1,0.0,1211,5.98,0.026,0.009,13,81.67,ISO9001,0,0
131,APAC,3571.36,43.11,6,28.98,1,0.0,719,4.9,0.008,0.005,7,94.55,ISO9001,0,0
131,APAC,3571.36,43.11,6,30.41,1,0.0,856,5.54,0.042,0.027,23,82.18,None,0,0
131,APAC,3571.36,43.11,6,32.24,0,8.25,884,3.98,0.028,0.036,38,61.63,ISO9001,1,1
131,APAC,3571.36,43.11,6,37.11,1,0.0,1388,4.75,0.041,0.014,10,59.67,ISO9001+ISO14001,0,0
131,APAC,3571.36,43.11,6,37.63,1,0.0,1295,4.46,0.028,0.022,26,88.92,ISO9001+ISO14001,0,0
131,APAC,3571.36,43.11,6,32.9,1,0.0,871,5.92,0.037,0.012,2,74.96,ISO9001,1,0
131,APAC,3571.36,43.11,6,30.31,1,0.0,783,5.14,0.021,0.016,18,86.68,ISO9001,0,0
131,APAC,3571.36,43.11,6,32.5,1,0.0,197,4.66,0.027,0.025,4,89.63,ISO9001,1,0
131,APAC,3571.36,43.11,6,28.14,1,0.0,1145,4.6,0.056,0.027,35,75.3,ISO9001,1,0
131,APAC,3571.36,43.11,6,32.5,1,0.0,544,4.84,0.04,0.027,17,53.26,None,0,0
131,APAC,3571.36,43.11,6,33.52,1,0.0,641,5.15,0.029,0.015,11,78.53,ISO9001,1,0
131,APAC,3571.36,43.11,6,26.78,1,0.0,1110,4.37,0.011,0.017,15,67.51,ISO9001,1,0
131,APAC,3571.36,43.11,6,28.34,1,0.0,848,5.48,0.0,0.028,23,74.51,ISO9001,0,0
131,APAC,3571.36,43.11,6,25.96,1,0.0,1237,5.48,0.032,0.003,8,61.52,ISO9001+ISO14001,1,0
131,APAC,3571.36,43.11,6,32.9,0,4.9,1091,4.19,0.052,0.02,22,84.26,ISO9001,0,0
131,APAC,3571.36,43.11,6,31.87,1,0.0,1111,5.23,0.034,0.004,6,87.24,None,0,0
131,APAC,3571.36,43.11,6,35.45,1,0.0,640,6.15,0.035,0.008,7,81.86,ISO9001,1,0
131,APAC,3571.36,43.11,6,34.38,1,0.0,1130,4.21,0.051,0.016,19,68.25,ISO9001,1,0
131,APAC,3571.36,43.11,6,32.98,1,0.0,1099,4.93,0.031,0.017,18,86.55,ISO9001,1,0
131,APAC,3571.36,43.11,6,32.27,1,0.0,542,4.67,0.034,0.031,19,79.25,ISO9001+ISO14001,1,0
131,APAC,3571.36,43.11,6,33.38,1,0.0,1106,6.53,0.04,0.004,9,88.35,ISO9001+ISO14001,1,0
131,APAC,3571.36,43.11,6,34.09,0,6.9,1059,5.74,0.051,0.02,26,67.19,ISO9001,0,1
131,APAC,3571.36,43.11,6,32.95,1,0.0,725,6.2,0.036,0.018,10,77.77,None,0,0
131,APAC,3571.36,43.11,6,39.51,1,0.0,892,4.18,0.03,0.021,22,73.48,ISO9001+ISO14001,1,0
131,APAC,3571.36,43.11,6,30.64,1,0.0,1474,4.8,0.032,0.03,47,87.88,ISO9001,0,0
132,APAC,4289.99,71.84,4,35.84,1,0.0,938,4.39,0.061,0.028,27,68.53,ISO9001,1,0
132,APAC,4289.99,71.84,4,35.0,1,0.0,1116,4.82,0.037,0.022,19,72.54,ISO9001,0,0
132,APAC,4289.99,71.84,4,32.45,0,6.67,1205,5.24,0.043,0.013,18,81.81,ISO9001+ISO14001,0,0
132,APAC,4289.99,71.84,4,35.61,1,0.0,1261,5.69,0.019,0.015,12,77.27,ISO9001,0,0
132,APAC,4289.99,71.84,4,37.45,1,0.0,664,4.34,0.023,0.012,6,62.41,ISO9001,1,0
132,APAC,4289.99,71.84,4,38.08,1,0.0,1010,4.66,0.059,0.042,49,57.98,ISO9001,1,0
132,APAC,4289.99,71.84,4,32.81,1,0.0,1006,4.83,0.051,0.024,26,62.37,ISO9001,1,0
132,APAC,4289.99,71.84,4,38.49,0,8.56,1269,5.02,0.037,0.046,77,57.14,ISO9001,0,0
132,APAC,4289.99,71.84,4,39.24,1,0.0,1280,5.11,0.051,0.021,24,71.37,ISO9001+ISO14001,1,0
132,APAC,4289.99,71.84,4,31.91,0,3.86,1136,5.95,0.076,0.005,6,68.07,None,0,0
132,APAC,4289.99,71.84,4,35.06,0,8.96,940,3.92,0.036,0.033,35,80.71,ISO9001+ISO14001,0,0
132,APAC,4289.99,71.84,4,29.11,1,0.0,1413,5.61,0.062,0.037,51,73.19,ISO9001,0,0
132,APAC,4289.99,71.84,4,37.33,1,0.0,682,3.97,0.017,0.03,28,76.79,ISO9001,1,0
132,APAC,4289.99,71.84,4,35.58,1,0.0,926,4.45,0.037,0.016,14,82.96,None,0,0
132,APAC,4289.99,71.84,4,38.01,1,0.0,809,4.84,0.019,0.027,15,63.49,ISO9001+ISO14001,0,0
132,APAC,4289.99,71.84,4,38.45,1,0.0,1292,5.37,0.05,0.023,27,72.48,ISO9001,0,0
132,APAC,4289.99,71.84,4,29.46,1,0.0,1262,5.03,0.076,0.033,38,77.31,ISO9001,1,0
132,APAC,4289.99,71.84,4,32.73,1,0.0,528,4.63,0.041,0.019,12,57.35,ISO9001,1,0
132,APAC,4289.99,71.84,4,37.8,0,8.25,1149,4.22,0.027,0.0,0,53.48,ISO9001,0,0
132,APAC,4289.99,71.84,4,36.11,1,0.0,1219,5.34,0.063,0.04,43,82.5,ISO9001,1,0
132,APAC,4289.99,71.84,4,33.87,1,0.0,898,5.31,0.043,0.019,14,82.49,ISO9001,1,0
132,APAC,4289.99,71.84,4,36.46,1,0.0,1162,5.87,0.01,0.027,37,72.15,ISO9001,0,0
132,APAC,4289.99,71.84,4,41.35,1,0.0,833,6.22,0.059,0.029,23,86.98,ISO9001,1,0
132,APAC,4289.99,71.84,4,36.99,1,0.0,766,5.36,0.091,0.011,11,90.8,None,0,0
132,APAC,4289.99,71.84,4,34.27,1,0.0,1061,4.75,0.031,0.037,35,87.61,ISO9001,1,0
133,APAC,2814.86,58.88,4,33.18,1,0.0,1256,3.4,0.028,0.018,20,79.69,ISO9001,1,0
133,APAC,2814.86,58.88,4,28.41,0,6.56,984,4.14,0.067,0.013,15,92.34,ISO9001,1,0
133,APAC,2814.86,58.88,4,32.32,1,0.0,936,4.62,0.025,0.026,26,76.57,None,0,0
133,APAC,2814.86,58.88,4,31.58,1,0.0,944,6.3,0.044,0.021,22,79.03,ISO9001,0,0
133,APAC,2814.86,58.88,4,29.86,1,0.0,1065,6.22,0.041,0.026,15,64.02,None,0,0
133,APAC,2814.86,58.88,4,26.45,1,0.0,869,4.22,0.016,0.023,21,47.21,ISO9001,1,0
133,APAC,2814.86,58.88,4,30.0,1,0.0,772,4.73,0.074,0.03,22,84.05,ISO9001,0,0
133,APAC,2814.86,58.88,4,24.26,0,2.35,1111,4.97,0.042,0.021,16,64.96,None,0,0
133,APAC,2814.86,58.88,4,30.04,0,4.15,850,5.66,0.074,0.028,20,85.53,ISO9001,1,0
133,APAC,2814.86,58.88,4,24.82,1,0.0,1144,5.76,0.029,0.016,16,73.57,ISO9001,1,0
133,APAC,2814.86,58.88,4,24.93,1,0.0,1187,5.29,0.045,0.03,30,69.5,ISO9001,0,0
133,APAC,2814.86,58.88,4,33.13,1,0.0,838,4.99,0.001,0.026,31,91.75,ISO9001,0,0
133,APAC,2814.86,58.88,4,27.23,0,3.67,844,3.67,0.063,0.037,25,77.48,None,0,0
133,APAC,2814.86,58.88,4,31.02,0,8.74,950,4.98,0.061,0.028,24,82.64,ISO9001,1,0
133,APAC,2814.86,58.88,4,27.78,0,5.14,985,5.74,0.042,0.032,30,80.49,ISO9001+ISO14001,1,0
133,APAC,2814.86,58.88,4,29.23,1,0.0,823,4.98,0.061,0.019,17,77.42,None,0,0
133,APAC,2814.86,58.88,4,25.09,1,0.0,920,5.29,0.031,0.042,40,72.09,ISO9001,1,0
134,APAC,3964.27,83.72,6,33.78,1,0.0,774,4.26,0.01,0.008,7,90.32,ISO9001,0,0
134,APAC,3964.27,83.72,6,36.12,0,10.27,751,5.03,0.027,0.006,3,75.02,None,0,0
134,APAC,3964.27,83.72,6,30.09,1,0.0,731,4.74,0.047,0.015,5,87.08,None,0,0
134,APAC,3964.27,83.72,6,33.66,0,8.32,940,4.19,0.023,0.003,3,98.5,None,0,0
134,APAC,3964.27,83.72,6,29.97,1,0.0,817,4.03,0.023,0.022,18,94.39,None,0,0
134,APAC,3964.27,83.72,6,34.62,1,0.0,1087,5.03,0.021,0.013,12,80.37,None,0,0
134,APAC,3964.27,83.72,6,31.24,0,6.39,1087,5.17,0.047,0.002,3,73.99,ISO9001,0,0
134,APAC,3964.27,83.72,6,29.32,0,2.48,1312,4.77,0.035,0.016,22,79.58,ISO9001+ISO14001,1,0
134,APAC,3964.27,83.72,6,37.16,1,0.0,690,5.07,0.036,0.021,19,68.42,ISO9001,1,0
134,APAC,3964.27,83.72,6,35.18,1,0.0,1473,5.12,0.028,0.017,29,92.47,ISO9001,0,0
134,APAC,3964.27,83.72,6,35.06,1,0.0,927,5.37,0.053,0.016,10,100.0,ISO9001,0,0
134,APAC,3964.27,83.72,6,29.32,1,0.0,1250,5.53,0.016,0.035,51,100.0,ISO9001,1,0
134,APAC,3964.27,83.72,6,35.47,1,0.0,941,5.81,0.026,0.022,22,83.6,ISO9001+ISO14001,0,0
134,APAC,3964.27,83.72,6,34.23,1,0.0,981,3.99,0.051,0.007,4,73.19,ISO9001+ISO14001,1,0
134,APAC,3964.27,83.72,6,33.42,1,0.0,1109,4.6,0.043,0.013,15,81.04,None,0,0
134,APAC,3964.27,83.72,6,29.81,1,0.0,556,4.99,0.033,0.022,17,79.83,ISO9001+ISO14001,0,0
134,APAC,3964.27,83.72,6,31.33,1,0.0,360,5.45,0.063,0.001,0,77.27,None,0,0
134,APAC,3964.27,83.72,6,31.79,0,5.54,1085,4.61,0.018,0.027,29,67.7,ISO9001+ISO14001,0,0
134,APAC,3964.27,83.72,6,33.66,1,0.0,815,5.1,0.011,0.016,13,55.26,ISO9001+ISO14001,0,0
134,APAC,3964.27,83.72,6,35.59,0,9.4,267,5.03,0.012,0.011,3,85.51,ISO9001,1,0
134,APAC,3964.27,83.72,6,31.38,0,7.03,753,4.89,0.041,0.017,16,70.05,ISO9001,0,0
134,APAC,3964.27,83.72,6,31.47,1,0.0,1003,5.42,0.069,0.014,18,92.97,ISO9001,0,0
134,APAC,3964.27,83.72,6,36.31,1,0.0,914,5.54,0.024,0.017,20,86.04,ISO9001,1,0
134,APAC,3964.27,83.72,6,32.43,1,0.0,927,4.28,0.0,0.014,12,72.46,None,0,0
134,APAC,3964.27,83.72,6,36.36,1,0.0,1176,5.11,0.044,0.0,0,83.54,ISO9001+ISO14001,1,0
134,APAC,3964.27,83.72,6,32.03,1,0.0,1292,4.26,0.037,0.004,4,59.19,ISO9001,0,0
134,APAC,3964.27,83.72,6,34.11,1,0.0,1083,5.43,0.009,0.001,0,77.78,ISO9001,0,0
134,APAC,3964.27,83.72,6,31.6,0,9.22,1232,5.12,0.03,0.015,15,70.93,ISO9001,1,0
134,APAC,3964.27,83.72,6,31.04,1,0.0,1239,4.86,0.0,0.024,26,75.84,ISO9001,1,0
134,APAC,3964.27,83.72,6,34.72,0,8.32,1289,4.88,0.043,0.016,23,72.6,ISO9001,0,0
134,APAC,3964.27,83.72,6,29.56,1,0.0,1257,5.22,0.021,0.022,17,74.19,ISO9001,1,0
134,APAC,3964.27,83.72,6,36.17,0,10.29,1082,4.64,0.042,0.016,13,96.73,ISO9001,0,0
134,APAC,3964.27,83.72,6,31.22,1,0.0,1343,5.08,0.011,0.01,10,79.01,ISO9001,1,0
135,APAC,4234.4,50.95,7,29.56,1,0.0,1149,5.88,0.019,0.0,0,97.66,ISO9001,0,0
135,APAC,4234.4,50.95,7,31.28,1,0.0,745,5.81,0.027,0.008,4,67.21,ISO9001+ISO14001,0,0
135,APAC,4234.4,50.95,7,31.79,1,0.0,929,4.45,0.064,0.026,19,88.36,None,0,0
135,APAC,4234.4,50.95,7,30.23,1,0.0,984,5.62,0.029,0.037,41,76.82,ISO9001,1,0
135,APAC,4234.4,50.95,7,31.1,0,7.12,1035,5.34,0.047,0.017,19,75.12,ISO9001,1,0
135,APAC,4234.4,50.95,7,34.64,1,0.0,592,5.04,0.015,0.012,5,74.95,ISO9001,1,0
135,APAC,4234.4,50.95,7,37.82,1,0.0,1309,4.18,0.05,0.031,47,68.26,ISO9001,1,0
135,APAC,4234.4,50.95,7,33.79,1,0.0,1017,4.9,0.004,0.01,15,85.44,ISO9001,1,0
135,APAC,4234.4,50.95,7,29.11,0,8.97,1380,5.01,0.006,0.013,14,90.05,ISO9001,1,0
135,APAC,4234.4,50.95,7,30.94,1,0.0,721,5.34,0.023,0.008,9,91.3,ISO9001,1,0
135,APAC,4234.4,50.95,7,33.99,1,0.0,690,4.74,0.065,0.012,10,87.39,ISO9001,1,0
135,APAC,4234.4,50.95,7,37.22,1,0.0,1199,4.7,0.034,0.023,20,73.86,ISO9001,0,0
135,APAC,4234.4,50.95,7,31.89,1,0.0,1133,4.74,0.051,0.012,18,72.44,ISO9001,0,0
135,APAC,4234.4,50.95,7,39.35,1,0.0,1084,4.63,0.027,0.021,19,86.07,ISO9001+ISO14001,1,0
135,APAC,4234.4,50.95,7,34.43,1,0.0,662,5.3,0.017,0.021,15,95.43,None,0,0
135,APAC,4234.4,50.95,7,31.77,1,0.0,1121,5.07,0.047,0.017,16,82.82,ISO9001+ISO14001,1,0
135,APAC,4234.4,50.95,7,30.67,1,0.0,1114,5.04,0.06,0.013,15,73.08,ISO9001,0,0
135,APAC,4234.4,50.95,7,37.2,1,0.0,1231,5.9,0.02,0.029,39,75.31,ISO9001,1,0
135,APAC,4234.4,50.95,7,35.91,0,6.91,818,5.05,0.06,0.023,18,71.77,ISO9001,1,1
135,APAC,4234.4,50.95,7,30.35,1,0.0,503,5.47,0.035,0.011,8,80.5,ISO9001,1,0
135,APAC,4234.4,50.95,7,32.6,1,0.0,965,5.92,0.013,0.018,19,84.53,ISO9001,1,0
135,APAC,4234.4,50.95,7,33.45,1,0.0,839,5.78,0.028,0.002,0,79.92,ISO9001,0,0
135,APAC,4234.4,50.95,7,37.23,0,11.17,996,4.87,0.02,0.025,27,73.14,ISO9001,1,0
135,APAC,4234.4,50.95,7,29.59,1,0.0,1053,5.31,0.018,0.019,22,53.46,None,0,0
135,APAC,4234.4,50.95,7,37.65,1,0.0,1178,4.96,0.047,0.032,34,81.66,ISO9001,0,0
135,APAC,4234.4,50.95,7,31.77,1,0.0,1027,4.36,0.029,0.029,31,80.78,ISO9001,1,0
135,APAC,4234.4,50.95,7,36.26,0,5.3,1112,4.2,0.015,0.027,35,78.4,ISO9001,1,0
135,APAC,4234.4,50.95,7,30.93,1,0.0,572,6.44,0.005,0.02,15,76.52,ISO9001,1,0
135,APAC,4234.4,50.95,7,34.28,1,0.0,401,4.83,0.07,0.029,12,63.63,ISO9001,1,0
135,APAC,4234.4,50.95,7,36.41,1,0.0,704,4.61,0.07,0.012,8,75.55,None,0,0
135,APAC,4234.4,50.95,7,37.5,0,9.11,1007,4.87,0.052,0.015,12,75.82,ISO9001,0,0
135,APAC,4234.4,50.95,7,34.47,1,0.0,985,5.7,0.0,0.019,18,77.49,ISO9001,1,0
135,APAC,4234.4,50.95,7,34.88,1,0.0,1028,5.28,0.028,0.021,27,72.06,ISO9001,0,0
135,APAC,4234.4,50.95,7,32.09,1,0.0,733,6.47,0.005,0.03,18,80.15,ISO9001,0,0
135,APAC,4234.4,50.95,7,32.89,0,8.91,1517,6.61,0.048,0.0,0,84.24,ISO9001,1,0
135,APAC,4234.4,50.95,7,37.44,1,0.0,1195,4.97,0.008,0.009,12,85.98,ISO9001+ISO14001,1,0
135,APAC,4234.4,50.95,7,36.7,1,0.0,1183,4.42,0.048,0.006,9,87.08,ISO9001+ISO14001,0,0
135,APAC,4234.4,50.95,7,36.74,1,0.0,946,5.18,0.035,0.0,0,74.86,ISO9001,1,0
135,APAC,4234.4,50.95,7,29.96,0,7.42,1088,5.51,0.058,0.036,38,93.98,ISO9001,1,0
135,APAC,4234.4,50.95,7,30.27,1,0.0,1109,5.07,0.064,0.005,6,67.46,None,0,0
135,APAC,4234.4,50.95,7,32.08,1,0.0,950,4.98,0.03,0.001,0,85.76,None,0,0
135,APAC,4234.4,50.95,7,33.61,1,0.0,1078,4.12,0.035,0.008,8,92.13,ISO9001,1,0
135,APAC,4234.4,50.95,7,32.99,1,0.0,852,5.46,0.032,0.006,6,72.36,ISO9001+ISO14001,1,0
135,APAC,4234.4,50.95,7,31.13,1,0.0,1127,5.17,0.042,0.012,16,78.5,None,0,0
135,APAC,4234.4,50.95,7,36.34,1,0.0,1349,4.1,0.042,0.0,0,73.97,ISO9001,1,0
135,APAC,4234.4,50.95,7,34.39,1,0.0,1248,5.2,0.02,0.012,13,83.08,None,0,0
135,APAC,4234.4,50.95,7,31.52,1,0.0,1079,4.24,0.03,0.011,11,87.69,ISO9001+ISO14001,0,0
135,APAC,4234.4,50.95,7,39.52,1,0.0,907,4.95,0.023,0.008,4,64.21,None,0,0
135,APAC,4234.4,50.95,7,40.09,1,0.0,1169,4.66,0.037,0.013,21,83.88,None,0,0
135,APAC,4234.4,50.95,7,37.63,1,0.0,758,4.72,0.057,0.007,8,89.33,ISO9001,1,0
135,APAC,4234.4,50.95,7,35.97,1,0.0,1044,4.08,0.045,0.017,20,89.54,ISO9001,1,0
135,APAC,4234.4,50.95,7,35.31,1,0.0,1044,5.64,0.037,0.018,24,64.88,ISO9001,1,0
136,AMER,871.94,67.57,11,22.35,1,0.0,861,4.34,0.021,0.028,22,79.88,ISO9001+ISO14001,1,0
136,AMER,871.94,67.57,11,23.31,1,0.0,843,6.09,0.063,0.016,10,83.54,None,0,0
136,AMER,871.94,67.57,11,23.28,1,0.0,1336,5.27,0.024,0.022,33,88.04,None,0,0
136,AMER,871.94,67.57,11,21.46,1,0.0,1409,4.8,0.052,0.031,44,88.52,ISO9001+ISO14001,1,0
136,AMER,871.94,67.57,11,22.06,0,6.07,1294,5.61,0.024,0.011,12,77.82,None,0,0
136,AMER,871.94,67.57,11,21.05,1,0.0,1062,5.69,0.02,0.026,30,75.76,None,0,0
136,AMER,871.94,67.57,11,25.38,1,0.0,1156,5.19,0.015,0.014,15,79.45,None,0,0
136,AMER,871.94,67.57,11,18.23,1,0.0,1432,4.95,0.0,0.014,21,62.98,None,0,0
136,AMER,871.94,67.57,11,20.0,1,0.0,1048,4.84,0.027,0.006,10,68.73,None,1,0
136,AMER,871.94,67.57,11,20.09,1,0.0,790,5.31,0.028,0.02,12,85.29,ISO9001,1,0
136,AMER,871.94,67.57,11,29.02,1,0.0,809,5.89,0.031,0.018,13,61.05,None,0,0
136,AMER,871.94,67.57,11,22.02,1,0.0,1131,3.95,0.046,0.033,34,72.04,ISO9001,0,0
136,AMER,871.94,67.57,11,19.54,1,0.0,1361,4.3,0.075,0.032,47,61.92,ISO9001,0,0
136,AMER,871.94,67.57,11,22.25,1,0.0,1358,5.68,0.057,0.005,7,73.08,None,0,0
136,AMER,871.94,67.57,11,22.59,1,0.0,1223,4.8,0.005,0.017,19,87.55,None,1,0
136,AMER,871.94,67.57,11,23.48,0,3.42,831,4.97,0.042,0.04,30,80.76,None,0,0
136,AMER,871.94,67.57,11,20.14,1,0.0,1024,4.39,0.0,0.025,37,65.91,None,0,0
136,AMER,871.94,67.57,11,25.36,0,4.56,661,4.74,0.039,0.031,32,86.51,ISO9001,1,0
136,AMER,871.94,67.57,11,19.08,1,0.0,1102,4.29,0.033,0.028,37,80.03,ISO9001,1,0
137,EMEA,2691.32,80.94,5,25.53,0,5.45,1009,4.89,0.017,0.03,23,65.86,ISO9001,1,0
137,EMEA,2691.32,80.94,5,29.22,0,4.45,1213,5.07,0.036,0.015,9,70.83,None,1,0
137,EMEA,2691.32,80.94,5,27.33,1,0.0,744,5.44,0.08,0.019,13,83.23,ISO9001,1,0
137,EMEA,2691.32,80.94,5,31.38,1,0.0,1041,4.53,0.046,0.029,29,81.64,ISO9001+ISO14001,0,0
137,EMEA,2691.32,80.94,5,26.7,1,0.0,1160,4.57,0.0,0.018,20,78.39,ISO9001,1,0
137,EMEA,2691.32,80.94,5,27.76,1,0.0,1127,5.51,0.016,0.007,11,88.96,ISO9001+ISO14001,0,0
137,EMEA,2691.32,80.94,5,29.61,1,0.0,1328,5.22,0.021,0.021,42,74.41,ISO9001+ISO14001,1,0
137,EMEA,2691.32,80.94,5,30.72,1,0.0,1049,4.54,0.041,0.008,2,69.0,ISO9001,0,0
137,EMEA,2691.32,80.94,5,22.46,1,0.0,835,5.62,0.008,0.012,13,66.23,ISO9001,0,0
137,EMEA,2691.32,80.94,5,31.2,1,0.0,1107,4.55,0.029,0.006,6,71.19,None,0,0
137,EMEA,2691.32,80.94,5,28.03,1,0.0,1064,4.79,0.03,0.029,36,100.0,ISO9001,0,0
137,EMEA,2691.32,80.94,5,27.88,1,0.0,1070,4.94,0.038,0.019,13,86.0,ISO9001,0,0
137,EMEA,2691.32,80.94,5,27.42,0,7.19,938,5.05,0.036,0.017,15,64.31,ISO9001,0,0
137,EMEA,2691.32,80.94,5,24.53,1,0.0,1048,3.97,0.071,0.018,17,90.85,ISO9001,0,0
137,EMEA,2691.32,80.94,5,26.05,1,0.0,962,5.35,0.063,0.0,0,76.34,ISO9001,0,0
137,EMEA,2691.32,80.94,5,24.86,0,8.32,1225,5.19,0.035,0.012,24,86.3,None,0,0
137,EMEA,2691.32,80.94,5,32.67,1,0.0,1083,4.95,0.041,0.016,20,94.25,ISO9001,0,0
137,EMEA,2691.32,80.94,5,32.0,1,0.0,615,5.95,0.056,0.023,14,73.31,ISO9001,0,0
137,EMEA,2691.32,80.94,5,30.02,1,0.0,948,4.87,0.032,0.027,17,61.6,None,0,0
137,EMEA,2691.32,80.94,5,31.2,1,0.0,1410,4.9,0.08,0.018,32,100.0,ISO9001+ISO14001,0,0
137,EMEA,2691.32,80.94,5,28.46,1,0.0,513,5.08,0.0,0.007,1,82.21,ISO9001+ISO14001,1,0
137,EMEA,2691.32,80.94,5,27.46,1,0.0,1164,4.39,0.054,0.0,0,83.34,ISO9001,1,0
137,EMEA,2691.32,80.94,5,25.75,1,0.0,914,4.96,0.03,0.032,29,80.28,ISO9001,1,0
137,EMEA,2691.32,80.94,5,31.28,1,0.0,1416,5.02,0.038,0.011,15,75.96,ISO9001,1,0
137,EMEA,2691.32,80.94,5,32.92,1,0.0,1135,4.98,0.013,0.009,9,87.92,None,0,0
137,EMEA,2691.32,80.94,5,28.79,1,0.0,1168,5.3,0.061,0.016,18,66.77,ISO9001,1,0
137,EMEA,2691.32,80.94,5,30.93,0,5.75,1001,4.62,0.015,0.0,0,84.48,None,0,0
137,EMEA,2691.32,80.94,5,30.27,1,0.0,458,4.82,0.0,0.031,19,67.7,ISO9001,1,0
137,EMEA,2691.32,80.94,5,27.33,1,0.0,527,5.81,0.0,0.01,8,73.28,ISO9001,1,0
137,EMEA,2691.32,80.94,5,23.44,0,3.37,1060,4.9,0.018,0.027,28,79.72,ISO9001,1,0
137,EMEA,2691.32,80.94,5,27.59,1,0.0,1040,4.81,0.021,0.0,0,68.13,ISO9001,1,0
137,EMEA,2691.32,80.94,5,26.62,1,0.0,1258,4.61,0.049,0.003,2,82.73,None,0,0
137,EMEA,2691.32,80.94,5,32.37,1,0.0,1087,4.92,0.052,0.023,26,80.9,None,0,0
138,AMER,2218.06,81.11,3,30.88,1,0.0,1124,5.56,0.078,0.017,21,77.82,ISO9001+ISO14001,1,0
138,AMER,2218.06,81.11,3,25.82,1,0.0,1215,5.6,0.078,0.028,37,57.97,ISO9001+ISO14001,0,0
138,AMER,2218.06,81.11,3,27.19,1,0.0,944,4.7,0.064,0.033,23,64.06,None,0,0
138,AMER,2218.06,81.11,3,25.33,1,0.0,740,5.39,0.009,0.021,16,73.98,None,0,0
138,AMER,2218.06,81.11,3,27.25,1,0.0,1279,5.68,0.091,0.019,26,87.25,ISO9001,1,0
138,AMER,2218.06,81.11,3,24.97,1,0.0,852,4.74,0.035,0.024,18,94.93,ISO9001,1,0
138,AMER,2218.06,81.11,3,27.07,0,3.73,1022,5.37,0.031,0.019,20,84.23,None,1,0
138,AMER,2218.06,81.11,3,26.92,0,4.61,1394,4.93,0.0,0.04,68,83.06,ISO9001,1,0
138,AMER,2218.06,81.11,3,30.86,1,0.0,1271,5.5,0.034,0.022,25,83.4,ISO9001,1,0
138,AMER,2218.06,81.11,3,22.84,1,0.0,935,4.23,0.04,0.028,25,70.55,None,1,0
138,AMER,2218.06,81.11,3,28.25,1,0.0,988,4.79,0.007,0.004,5,71.72,ISO9001+ISO14001,0,0
138,AMER,2218.06,81.11,3,27.5,1,0.0,1194,5.56,0.04,0.041,55,76.69,ISO9001+ISO14001,0,0
138,AMER,2218.06,81.11,3,27.08,1,0.0,1050,5.16,0.016,0.021,26,79.99,ISO9001,0,0
138,AMER,2218.06,81.11,3,28.76,1,0.0,1120,5.52,0.055,0.035,40,67.74,ISO9001,0,0
138,AMER,2218.06,81.11,3,21.23,1,0.0,1081,4.2,0.053,0.03,29,70.92,ISO9001+ISO14001,0,0
138,AMER,2218.06,81.11,3,25.63,0,4.94,841,5.41,0.056,0.037,27,83.51,ISO9001,0,0
138,AMER,2218.06,81.11,3,28.43,1,0.0,779,4.41,0.048,0.014,10,85.58,ISO9001,1,0
138,AMER,2218.06,81.11,3,26.71,1,0.0,741,4.58,0.046,0.026,19,81.68,ISO9001,0,0
138,AMER,2218.06,81.11,3,20.19,0,2.46,1256,4.4,0.055,0.034,32,70.35,ISO9001,1,0
138,AMER,2218.06,81.11,3,25.42,1,0.0,811,4.3,0.0,0.019,17,75.05,ISO9001,1,0
138,AMER,2218.06,81.11,3,22.6,1,0.0,980,5.88,0.059,0.027,22,77.63,None,0,0
138,AMER,2218.06,81.11,3,30.65,1,0.0,905,5.51,0.016,0.008,4,80.69,ISO9001+ISO14001,1,0
138,AMER,2218.06,81.11,3,27.72,1,0.0,684,5.48,0.038,0.016,14,78.42,ISO9001,0,0
138,AMER,2218.06,81.11,3,33.13,1,0.0,1070,5.67,0.001,0.039,33,78.43,ISO9001,1,0
138,AMER,2218.06,81.11,3,29.54,1,0.0,810,4.1,0.063,0.017,14,69.54,ISO9001,0,0
138,AMER,2218.06,81.11,3,31.53,1,0.0,695,4.76,0.021,0.017,4,64.26,ISO9001,1,0
138,AMER,2218.06,81.11,3,28.56,1,0.0,518,5.63,0.01,0.033,13,65.07,ISO9001,0,0
138,AMER,2218.06,81.11,3,28.64,0,9.59,890,4.59,0.049,0.038,30,81.29,None,0,0
138,AMER,2218.06,81.11,3,30.79,1,0.0,922,4.58,0.037,0.018,16,71.99,ISO9001,0,0
138,AMER,2218.06,81.11,3,34.77,1,0.0,1026,5.57,0.055,0.024,22,62.76,ISO9001+ISO14001,1,0
138,AMER,2218.06,81.11,3,23.53,1,0.0,950,6.31,0.0,0.029,32,65.3,ISO9001,1,0
138,AMER,2218.06,81.11,3,27.5,1,0.0,588,5.22,0.042,0.014,8,85.31,ISO9001,1,0
138,AMER,2218.06,81.11,3,30.27,1,0.0,1021,5.43,0.011,0.041,41,81.14,ISO9001+ISO14001,0,0
138,AMER,2218.06,81.11,3,25.96,1,0.0,751,5.36,0.036,0.027,16,77.47,ISO9001,0,0
138,AMER,2218.06,81.11,3,26.16,1,0.0,1089,4.41,0.028,0.014,13,76.03,None,0,0
138,AMER,2218.06,81.11,3,31.55,1,0.0,1038,5.64,0.019,0.022,20,73.12,ISO9001,1,0
138,AMER,2218.06,81.11,3,38.11,1,0.0,1069,4.5,0.043,0.025,20,77.18,ISO9001+ISO14001,0,0
138,AMER,2218.06,81.11,3,25.65,1,0.0,913,4.98,0.065,0.033,31,53.66,ISO9001,0,0
138,AMER,2218.06,81.11,3,31.18,1,0.0,1516,4.95,0.021,0.034,57,47.62,None,0,0
138,AMER,2218.06,81.11,3,30.22,1,0.0,977,4.12,0.014,0.022,21,53.16,ISO9001,1,0
138,AMER,2218.06,81.11,3,23.06,1,0.0,1328,4.89,0.03,0.027,34,58.7,ISO9001,1,0
138,AMER,2218.06,81.11,3,31.27,1,0.0,593,5.61,0.021,0.022,17,83.96,ISO9001,0,0
138,AMER,2218.06,81.11,3,22.25,1,0.0,1018,5.16,0.049,0.025,24,92.45,ISO9001+ISO14001,1,0
138,AMER,2218.06,81.11,3,29.17,1,0.0,1071,4.85,0.036,0.031,38,74.41,ISO9001,0,0
138,AMER,2218.06,81.11,3,26.06,1,0.0,1085,5.53,0.039,0.011,17,73.88,None,0,0
138,AMER,2218.06,81.11,3,21.11,1,0.0,885,4.64,0.054,0.033,35,65.78,ISO9001,1,0
138,AMER,2218.06,81.11,3,28.75,1,0.0,967,6.01,0.041,0.02,14,63.89,None,0,0
138,AMER,2218.06,81.11,3,28.19,1,0.0,909,5.56,0.062,0.024,18,64.18,ISO9001,0,0
138,AMER,2218.06,81.11,3,23.8,1,0.0,1144,5.16,0.031,0.034,44,73.09,ISO9001+ISO14001,1,0
138,AMER,2218.06,81.11,3,28.18,1,0.0,1147,5.33,0.047,0.03,34,89.61,None,0,0
138,AMER,2218.06,81.11,3,24.04,1,0.0,945,5.72,0.019,0.015,16,78.6,ISO9001,1,0
138,AMER,2218.06,81.11,3,24.78,1,0.0,1052,4.52,0.052,0.029,31,84.87,ISO9001,1,0
138,AMER,2218.06,81.11,3,24.08,1,0.0,688,5.15,0.062,0.034,20,59.22,ISO9001,0,0
138,AMER,2218.06,81.11,3,26.96,0,8.58,1148,5.82,0.018,0.036,41,87.15,ISO9001,1,0
138,AMER,2218.06,81.11,3,21.71,1,0.0,1065,6.12,0.026,0.019,17,72.14,ISO9001,0,0
138,AMER,2218.06,81.11,3,26.91,1,0.0,1144,4.79,0.025,0.022,24,71.93,None,0,0
138,AMER,2218.06,81.11,3,30.6,0,6.64,1164,5.81,0.025,0.026,29,76.23,ISO9001,1,0
138,AMER,2218.06,81.11,3,23.86,1,0.0,1065,4.21,0.02,0.012,13,72.37,ISO9001,0,0
139,AMER,1518.57,41.71,9,23.95,1,0.0,1239,4.78,0.047,0.013,22,81.57,ISO9001,1,0
139,AMER,1518.57,41.71,9,22.04,1,0.0,1112,4.79,0.074,0.009,5,77.19,None,0,0
139,AMER,1518.57,41.71,9,21.63,1,0.0,1043,5.6,0.012,0.011,7,70.2,None,0,0
139,AMER,1518.57,41.71,9,20.65,1,0.0,1220,5.02,0.049,0.021,21,74.79,ISO9001,1,0
139,AMER,1518.57,41.71,9,23.23,1,0.0,658,5.97,0.049,0.039,28,79.98,ISO9001,1,0
139,AMER,1518.57,41.71,9,16.89,1,0.0,711,4.77,0.061,0.017,11,88.12,None,1,0
139,AMER,1518.57,41.71,9,23.06,0,1.41,566,5.71,0.018,0.008,5,83.4,ISO9001,1,0
139,AMER,1518.57,41.71,9,26.16,1,0.0,790,6.29,0.054,0.004,6,72.85,ISO9001,1,0
139,AMER,1518.57,41.71,9,22.7,1,0.0,1485,5.4,0.033,0.025,37,77.76,None,1,0
139,AMER,1518.57,41.71,9,27.1,0,9.51,1101,5.47,0.051,0.014,21,78.52,ISO9001+ISO14001,1,1
139,AMER,1518.57,41.71,9,24.71,1,0.0,890,4.61,0.051,0.0,0,96.53,ISO9001,1,0
139,AMER,1518.57,41.71,9,27.09,1,0.0,842,4.09,0.023,0.0,0,65.6,ISO9001,0,0
139,AMER,1518.57,41.71,9,23.61,1,0.0,1163,5.27,0.004,0.02,26,72.45,ISO9001,1,0
139,AMER,1518.57,41.71,9,20.16,0,1.0,797,4.84,0.021,0.022,23,73.8,None,1,1
139,AMER,1518.57,41.71,9,26.03,1,0.0,962,4.51,0.002,0.017,10,88.85,ISO9001,1,0
139,AMER,1518.57,41.71,9,24.19,1,0.0,1040,5.24,0.007,0.006,9,79.09,None,0,0
139,AMER,1518.57,41.71,9,20.25,1,0.0,646,4.92,0.0,0.017,11,84.43,ISO9001,1,0
139,AMER,1518.57,41.71,9,26.9,1,0.0,715,5.19,0.043,0.024,16,77.48,ISO9001,1,0
139,AMER,1518.57,41.71,9,20.73,1,0.0,861,4.82,0.034,0.02,16,91.54,ISO9001+ISO14001,1,0
139,AMER,1518.57,41.71,9,27.74,1,0.0,1030,4.89,0.007,0.01,14,66.89,ISO9001,1,0
139,AMER,1518.57,41.71,9,22.14,0,2.03,780,5.95,0.0,0.007,5,99.28,ISO9001+ISO14001,1,0
139,AMER,1518.57,41.71,9,21.56,1,0.0,1129,4.55,0.021,0.001,1,87.08,None,0,0
139,AMER,1518.57,41.71,9,25.14,1,0.0,1264,4.87,0.049,0.013,16,79.68,ISO9001,0,0
139,AMER,1518.57,41.71,9,18.71,0,5.01,1261,5.02,0.009,0.009,10,87.06,ISO9001,0,0
139,AMER,1518.57,41.71,9,28.34,0,4.1,441,5.14,0.073,0.012,3,73.62,ISO9001+ISO14001,1,1
139,AMER,1518.57,41.71,9,25.36,1,0.0,1032,5.79,0.0,0.01,9,80.04,None,0,0
139,AMER,1518.57,41.71,9,23.85,1,0.0,957,5.56,0.064,0.015,22,86.45,ISO9001,0,0
139,AMER,1518.57,41.71,9,18.11,1,0.0,722,5.41,0.043,0.015,9,94.01,ISO9001,1,0
139,AMER,1518.57,41.71,9,21.81,1,0.0,1620,5.49,0.004,0.021,36,76.12,ISO9001+ISO14001,1,0
139,AMER,1518.57,41.71,9,26.05,0,5.39,739,4.92,0.061,0.028,27,71.23,ISO9001,0,1
139,AMER,1518.57,41.71,9,26.96,1,0.0,1243,4.93,0.031,0.006,6,84.79,ISO9001,0,0
139,AMER,1518.57,41.71,9,25.47,1,0.0,773,4.54,0.042,0.009,6,82.26,ISO9001,0,0
139,AMER,1518.57,41.71,9,23.89,1,0.0,887,4.51,0.0,0.032,32,75.59,ISO9001,0,0
139,AMER,1518.57,41.71,9,23.32,1,0.0,1510,5.55,0.026,0.005,7,75.69,ISO9001,0,0
139,AMER,1518.57,41.71,9,21.73,1,0.0,1330,4.7,0.06,0.028,37,74.86,ISO9001,1,0
139,AMER,1518.57,41.71,9,20.08,1,0.0,822,4.4,0.057,0.01,13,77.48,ISO9001,1,0
139,AMER,1518.57,41.71,9,23.92,1,0.0,1293,4.88,0.045,0.012,14,84.57,ISO9001+ISO14001,1,0
139,AMER,1518.57,41.71,9,24.59,1,0.0,653,3.97,0.074,0.024,17,61.95,ISO9001,0,0
139,AMER,1518.57,41.71,9,24.73,1,0.0,1498,6.06,0.04,0.013,35,74.98,ISO9001+ISO14001,1,0
139,AMER,1518.57,41.71,9,19.85,1,0.0,1000,4.39,0.063,0.0,0,81.25,ISO9001,1,0
139,AMER,1518.57,41.71,9,17.18,1,0.0,1121,4.42,0.054,0.01,11,85.24,None,0,0
139,AMER,1518.57,41.71,9,23.13,1,0.0,921,5.91,0.038,0.009,6,68.5,ISO9001,1,0
139,AMER,1518.57,41.71,9,28.26,1,0.0,1123,5.14,0.013,0.02,19,74.75,ISO9001,1,0
139,AMER,1518.57,41.71,9,32.39,1,0.0,919,5.5,0.023,0.004,2,78.24,ISO9001,0,0
139,AMER,1518.57,41.71,9,27.94,1,0.0,1153,6.25,0.061,0.023,25,91.72,ISO9001,1,0
139,AMER,1518.57,41.71,9,20.22,1,0.0,1630,4.89,0.021,0.012,21,78.44,None,1,0
139,AMER,1518.57,41.71,9,20.01,1,0.0,413,5.62,0.064,0.03,12,89.01,ISO9001,1,0
139,AMER,1518.57,41.71,9,23.58,1,0.0,721,4.69,0.026,0.017,17,78.89,None,0,0
139,AMER,1518.57,41.71,9,21.33,1,0.0,557,5.62,0.05,0.023,5,76.72,ISO9001,1,0
139,AMER,1518.57,41.71,9,26.43,0,7.66,906,5.46,0.074,0.0,0,75.06,ISO9001,1,1
139,AMER,1518.57,41.71,9,22.48,1,0.0,639,5.28,0.035,0.003,3,81.34,ISO9001,1,0
139,AMER,1518.57,41.71,9,21.16,0,3.17,897,5.88,0.044,0.024,19,56.34,ISO9001,1,1
139,AMER,1518.57,41.71,9,22.45,1,0.0,1011,5.57,0.06,0.012,13,78.57,ISO9001+ISO14001,0,0
139,AMER,1518.57,41.71,9,26.35,1,0.0,1186,5.28,0.034,0.025,35,75.81,ISO9001,0,0
139,AMER,1518.57,41.71,9,27.65,0,1.89,1315,4.64,0.043,0.017,21,77.21,None,0,1
139,AMER,1518.57,41.71,9,24.77,1,0.0,1157,5.27,0.004,0.013,15,78.21,ISO9001,1,0
139,AMER,1518.57,41.71,9,23.78,1,0.0,692,4.57,0.031,0.008,5,82.0,ISO9001,1,0
140,EMEA,1969.04,91.06,4,25.2,1,0.0,1077,4.1,0.035,0.011,13,75.48,ISO9001,1,0
140,EMEA,1969.04,91.06,4,31.46,1,0.0,1208,4.91,0.055,0.012,8,66.75,ISO9001,0,0
140,EMEA,1969.04,91.06,4,25.74,1,0.0,1176,4.97,0.025,0.014,15,66.99,None,0,0
140,EMEA,1969.04,91.06,4,26.33,1,0.0,444,3.83,0.0,0.024,14,69.83,ISO9001,1,0
140,EMEA,1969.04,91.06,4,20.13,0,2.53,967,5.28,0.054,0.0,2,84.94,ISO9001+ISO14001,0,0
140,EMEA,1969.04,91.06,4,24.44,1,0.0,1232,5.29,0.0,0.015,16,89.98,ISO9001+ISO14001,0,0
140,EMEA,1969.04,91.06,4,28.88,1,0.0,1343,4.48,0.026,0.005,7,80.36,ISO9001+ISO14001,0,0
140,EMEA,1969.04,91.06,4,25.84,1,0.0,853,4.45,0.035,0.012,7,61.93,ISO9001,1,0
140,EMEA,1969.04,91.06,4,26.11,1,0.0,614,5.43,0.036,0.013,13,74.31,ISO9001+ISO14001,0,0
140,EMEA,1969.04,91.06,4,28.09,1,0.0,1310,5.39,0.07,0.0,0,79.84,None,0,0
140,EMEA,1969.04,91.06,4,27.4,1,0.0,989,3.9,0.054,0.011,8,76.95,ISO9001,0,0
140,EMEA,1969.04,91.06,4,26.79,1,0.0,948,4.14,0.038,0.019,20,78.82,ISO9001,0,0
140,EMEA,1969.04,91.06,4,29.68,1,0.0,868,5.03,0.049,0.016,19,78.68,ISO9001,1,0
140,EMEA,1969.04,91.06,4,27.14,0,8.79,1287,5.46,0.044,0.005,4,90.04,ISO9001+ISO14001,0,0
140,EMEA,1969.04,91.06,4,24.9,1,0.0,1526,5.13,0.0,0.003,3,81.61,ISO9001,0,0
140,EMEA,1969.04,91.06,4,25.16,0,4.8,772,5.51,0.015,0.009,11,84.86,ISO9001,1,0
140,EMEA,1969.04,91.06,4,24.72,1,0.0,815,5.21,0.023,0.006,5,65.96,None,0,0
140,EMEA,1969.04,91.06,4,23.77,1,0.0,994,4.51,0.019,0.0,0,84.2,ISO9001+ISO14001,0,0
140,EMEA,1969.04,91.06,4,24.1,1,0.0,923,5.59,0.015,0.009,5,69.41,ISO9001,1,0
140,EMEA,1969.04,91.06,4,26.3,1,0.0,744,6.17,0.016,0.014,6,89.52,None,0,0
140,EMEA,1969.04,91.06,4,24.03,0,1.0,1202,5.9,0.054,0.031,29,72.95,ISO9001,0,0
140,EMEA,1969.04,91.06,4,27.84,1,0.0,491,5.28,0.065,0.0,0,60.86,ISO9001+ISO14001,0,0
140,EMEA,1969.04,91.06,4,26.46,1,0.0,823,4.33,0.033,0.004,2,83.51,ISO9001,1,0
140,EMEA,1969.04,91.06,4,27.56,1,0.0,489,4.57,0.077,0.016,13,72.57,ISO9001+ISO14001,1,0
141,APAC,3898.61,65.99,5,29.69,1,0.0,502,5.81,0.051,0.034,22,62.66,ISO9001,0,0
141,APAC,3898.61,65.99,5,30.69,1,0.0,1005,5.17,0.034,0.023,20,67.27,ISO9001,1,0
141,APAC,3898.61,65.99,5,27.59,1,0.0,1018,5.45,0.041,0.005,3,81.31,ISO9001,0,0
141,APAC,3898.61,65.99,5,29.59,1,0.0,825,4.99,0.017,0.029,24,68.86,ISO9001,1,0
141,APAC,3898.61,65.99,5,26.04,1,0.0,1068,5.13,0.011,0.026,22,83.59,ISO9001+ISO14001,0,0
141,APAC,3898.61,65.99,5,35.09,0,7.95,1264,4.65,0.013,0.039,46,82.26,None,0,0
141,APAC,3898.61,65.99,5,36.33,1,0.0,1242,4.98,0.02,0.024,26,82.42,None,0,0
141,APAC,3898.61,65.99,5,32.08,1,0.0,1180,5.23,0.031,0.008,10,78.26,ISO9001+ISO14001,1,0
141,APAC,3898.61,65.99,5,38.12,1,0.0,866,5.28,0.027,0.019,12,70.99,ISO9001,1,0
141,APAC,3898.61,65.99,5,34.5,1,0.0,722,5.21,0.059,0.037,35,77.58,ISO9001,0,0
141,APAC,3898.61,65.99,5,35.15,0,8.4,1335,4.07,0.025,0.032,37,82.33,ISO9001,0,0
141,APAC,3898.61,65.99,5,38.2,1,0.0,1284,6.27,0.033,0.017,22,72.63,None,0,0
141,APAC,3898.61,65.99,5,34.67,1,0.0,650,4.27,0.034,0.014,12,74.53,ISO9001,1,0
141,APAC,3898.61,65.99,5,28.79,0,4.16,1007,5.45,0.043,0.025,29,68.18,ISO9001,1,0
141,APAC,3898.61,65.99,5,33.41,1,0.0,812,5.73,0.049,0.03,32,83.44,None,0,0
142,AMER,1164.06,82.2,4,21.17,1,0.0,1573,5.67,0.055,0.027,48,82.6,ISO9001,1,0
142,AMER,1164.06,82.2,4,24.13,1,0.0,1496,5.12,0.029,0.019,32,85.06,ISO9001,1,0
142,AMER,1164.06,82.2,4,16.1,1,0.0,995,5.31,0.068,0.005,2,81.3,ISO9001,1,0
142,AMER,1164.06,82.2,4,26.45,1,0.0,844,4.4,0.011,0.013,9,63.26,ISO9001,1,0
142,AMER,1164.06,82.2,4,25.72,0,6.1,1452,5.17,0.051,0.015,19,98.78,ISO9001,1,0
142,AMER,1164.06,82.2,4,24.34,1,0.0,646,4.69,0.014,0.014,12,85.86,ISO9001,1,0
142,AMER,1164.06,82.2,4,26.1,1,0.0,1212,4.84,0.011,0.014,17,77.39,ISO9001,1,0
142,AMER,1164.06,82.2,4,18.47,1,0.0,274,5.82,0.033,0.002,0,85.57,None,0,0
142,AMER,1164.06,82.2,4,20.1,1,0.0,1087,5.52,0.023,0.011,12,86.02,ISO9001,0,0
142,AMER,1164.06,82.2,4,25.38,1,0.0,893,5.16,0.03,0.023,22,71.44,ISO9001+ISO14001,1,0
142,AMER,1164.06,82.2,4,22.25,1,0.0,874,4.23,0.066,0.023,24,79.02,ISO9001+ISO14001,0,0
142,AMER,1164.06,82.2,4,20.38,1,0.0,1012,4.72,0.025,0.013,11,86.53,None,0,0
142,AMER,1164.06,82.2,4,18.96,1,0.0,1155,4.94,0.025,0.006,7,80.62,ISO9001+ISO14001,1,0
142,AMER,1164.06,82.2,4,18.28,1,0.0,1091,4.62,0.032,0.018,20,100.0,None,0,0
142,AMER,1164.06,82.2,4,24.1,1,0.0,1065,4.06,0.004,0.034,44,84.2,ISO9001+ISO14001,1,0
142,AMER,1164.06,82.2,4,17.32,1,0.0,816,4.5,0.063,0.029,16,76.03,ISO9001,1,0
142,AMER,1164.06,82.2,4,23.98,1,0.0,701,4.73,0.028,0.02,17,83.07,None,0,0
142,AMER,1164.06,82.2,4,25.06,1,0.0,722,3.97,0.073,0.0,0,83.47,ISO9001,1,0
142,AMER,1164.06,82.2,4,22.27,1,0.0,1106,4.7,0.06,0.0,0,89.24,ISO9001,1,0
142,AMER,1164.06,82.2,4,23.24,1,0.0,1459,5.67,0.02,0.007,9,72.96,None,0,0
142,AMER,1164.06,82.2,4,19.71,1,0.0,1132,5.18,0.037,0.016,15,86.25,ISO9001,0,0
142,AMER,1164.06,82.2,4,18.15,1,0.0,939,5.59,0.03,0.0,0,92.66,ISO9001,1,0
142,AMER,1164.06,82.2,4,24.74,0,6.72,796,4.23,0.026,0.0,0,90.89,ISO9001,1,0
142,AMER,1164.06,82.2,4,19.76,1,0.0,1363,5.33,0.012,0.002,2,93.16,None,1,0
142,AMER,1164.06,82.2,4,23.78,1,0.0,701,5.95,0.05,0.012,9,61.34,ISO9001+ISO14001,0,0
142,AMER,1164.06,82.2,4,24.24,0,2.06,1104,4.81,0.013,0.017,14,77.84,ISO9001+ISO14001,1,0
142,AMER,1164.06,82.2,4,19.1,1,0.0,769,5.24,0.03,0.022,15,77.5,ISO9001+ISO14001,0,0
142,AMER,1164.06,82.2,4,20.26,1,0.0,772,5.74,0.0,0.015,9,72.78,ISO9001,1,0
142,AMER,1164.06,82.2,4,21.63,1,0.0,696,4.56,0.067,0.026,13,64.88,ISO9001,1,0
142,AMER,1164.06,82.2,4,21.44,1,0.0,1232,5.2,0.0,0.001,2,68.77,ISO9001,0,0
142,AMER,1164.06,82.2,4,22.31,0,5.17,958,4.62,0.06,0.009,9,84.31,ISO9001+ISO14001,1,0
142,AMER,1164.06,82.2,4,24.67,1,0.0,1038,4.4,0.0,0.021,19,88.66,None,0,0
142,AMER,1164.06,82.2,4,19.02,1,0.0,632,6.77,0.009,0.005,3,92.47,ISO9001,1,0
142,AMER,1164.06,82.2,4,25.06,1,0.0,1042,4.76,0.028,0.013,24,84.16,None,0,0
142,AMER,1164.06,82.2,4,25.66,1,0.0,842,4.62,0.027,0.0,0,73.24,ISO9001,1,0
142,AMER,1164.06,82.2,4,19.26,1,0.0,763,4.43,0.062,0.025,17,97.83,None,1,0
142,AMER,1164.06,82.2,4,20.57,1,0.0,1017,4.53,0.047,0.001,1,81.55,ISO9001+ISO14001,1,0
142,AMER,1164.06,82.2,4,21.61,1,0.0,1006,4.68,0.03,0.011,13,80.62,ISO9001,0,0
142,AMER,1164.06,82.2,4,25.25,1,0.0,1260,5.34,0.041,0.023,29,93.64,ISO9001,1,0
142,AMER,1164.06,82.2,4,27.33,1,0.0,717,5.12,0.047,0.016,16,81.24,ISO9001,0,0
142,AMER,1164.06,82.2,4,19.39,1,0.0,1102,4.6,0.016,0.004,3,77.06,ISO9001,1,0
142,AMER,1164.06,82.2,4,24.41,1,0.0,1046,4.96,0.0,0.022,21,86.94,ISO9001+ISO14001,1,0
142,AMER,1164.06,82.2,4,26.03,1,0.0,1200,6.59,0.062,0.014,17,65.36,ISO9001,1,0
142,AMER,1164.06,82.2,4,24.68,1,0.0,1120,5.4,0.051,0.025,23,84.98,ISO9001,1,0
142,AMER,1164.06,82.2,4,20.59,1,0.0,1271,5.55,0.006,0.0,0,83.49,ISO9001,1,0
143,EMEA,2791.96,68.88,6,33.26,1,0.0,1204,6.39,0.029,0.024,25,70.58,ISO9001,1,0
143,EMEA,2791.96,68.88,6,25.94,1,0.0,987,5.19,0.051,0.012,7,72.4,ISO9001,0,0
143,EMEA,2791.96,68.88,6,29.09,1,0.0,892,4.43,0.01,0.008,3,65.38,ISO9001,1,0
143,EMEA,2791.96,68.88,6,25.95,1,0.0,703,5.38,0.094,0.032,25,83.49,ISO9001,0,0
143,EMEA,2791.96,68.88,6,29.21,1,0.0,601,5.2,0.047,0.002,2,79.99,ISO9001+ISO14001,1,0
143,EMEA,2791.96,68.88,6,25.6,0,7.86,1186,4.25,0.042,0.001,1,83.06,ISO9001,0,0
143,EMEA,2791.96,68.88,6,27.89,1,0.0,981,4.5,0.018,0.025,31,71.2,ISO9001,1,0
143,EMEA,2791.96,68.88,6,27.53,1,0.0,898,5.61,0.064,0.039,31,60.92,None,0,0
143,EMEA,2791.96,68.88,6,31.08,1,0.0,1176,5.06,0.006,0.024,26,79.51,ISO9001,0,0
143,EMEA,2791.96,68.88,6,24.29,1,0.0,1024,5.82,0.042,0.022,21,69.78,ISO9001+ISO14001,0,0
143,EMEA,2791.96,68.88,6,26.45,1,0.0,975,3.74,0.044,0.028,25,68.63,None,0,0
143,EMEA,2791.96,68.88,6,27.72,1,0.0,689,4.67,0.028,0.015,10,89.9,ISO9001,1,0
143,EMEA,2791.96,68.88,6,25.64,1,0.0,1110,5.82,0.036,0.03,36,68.72,ISO9001,1,0
143,EMEA,2791.96,68.88,6,28.95,0,5.43,1255,4.76,0.044,0.016,22,72.4,ISO9001,0,0
143,EMEA,2791.96,68.88,6,29.87,1,0.0,680,4.88,0.038,0.008,2,76.98,ISO9001,0,0
144,APAC,4457.75,84.2,4,40.64,1,0.0,968,5.53,0.04,0.014,9,70.41,ISO9001,1,0
144,APAC,4457.75,84.2,4,34.72,1,0.0,909,4.76,0.043,0.019,19,73.45,ISO9001,0,0
144,APAC,4457.75,84.2,4,34.07,1,0.0,974,5.17,0.044,0.003,1,69.11,None,1,0
144,APAC,4457.75,84.2,4,35.53,1,0.0,757,4.59,0.057,0.014,13,72.63,ISO9001,0,0
144,APAC,4457.75,84.2,4,37.22,1,0.0,679,5.38,0.039,0.034,34,81.78,ISO9001+ISO14001,1,0
144,APAC,4457.75,84.2,4,34.87,1,0.0,987,4.95,0.027,0.02,23,69.05,ISO9001+ISO14001,1,0
144,APAC,4457.75,84.2,4,31.56,0,6.7,676,4.55,0.0,0.012,10,87.26,ISO9001,1,0
144,APAC,4457.75,84.2,4,35.67,1,0.0,840,5.7,0.023,0.02,21,66.31,ISO9001,1,0
144,APAC,4457.75,84.2,4,37.67,1,0.0,1165,5.57,0.025,0.026,27,67.98,None,1,0
144,APAC,4457.75,84.2,4,35.37,1,0.0,1216,5.11,0.033,0.028,32,75.61,ISO9001+ISO14001,0,0
144,APAC,4457.75,84.2,4,38.79,0,7.78,550,5.37,0.036,0.026,10,89.64,ISO9001,1,0
144,APAC,4457.75,84.2,4,37.85,1,0.0,867,5.11,0.04,0.029,27,88.73,ISO9001+ISO14001,0,0
144,APAC,4457.75,84.2,4,41.98,1,0.0,1251,4.13,0.005,0.022,35,61.88,ISO9001,0,0
144,APAC,4457.75,84.2,4,38.02,0,7.13,716,3.93,0.068,0.028,23,57.99,ISO9001+ISO14001,0,0
144,APAC,4457.75,84.2,4,37.7,1,0.0,1456,4.26,0.025,0.034,51,71.99,ISO9001,1,0
144,APAC,4457.75,84.2,4,35.11,1,0.0,1210,4.32,0.0,0.023,28,64.09,ISO9001,1,0
144,APAC,4457.75,84.2,4,38.92,1,0.0,1128,5.18,0.02,0.012,14,46.99,ISO9001,1,0
144,APAC,4457.75,84.2,4,33.69,1,0.0,862,4.77,0.016,0.022,27,72.45,ISO9001,0,0
144,APAC,4457.75,84.2,4,32.73,1,0.0,839,3.84,0.009,0.033,29,83.53,ISO9001,1,0
144,APAC,4457.75,84.2,4,33.65,1,0.0,1048,4.61,0.023,0.021,20,61.53,ISO9001,1,0
144,APAC,4457.75,84.2,4,30.62,0,1.9,704,5.01,0.0,0.008,5,72.13,None,0,0
144,APAC,4457.75,84.2,4,33.55,1,0.0,799,5.37,0.01,0.023,22,92.46,ISO9001,1,0
144,APAC,4457.75,84.2,4,38.02,1,0.0,819,5.46,0.052,0.014,2,81.44,None,1,0
144,APAC,4457.75,84.2,4,36.06,1,0.0,1045,4.24,0.011,0.033,37,75.02,ISO9001,0,0
144,APAC,4457.75,84.2,4,34.17,1,0.0,842,4.49,0.039,0.013,7,65.93,ISO9001,1,0
144,APAC,4457.75,84.2,4,35.65,1,0.0,881,4.35,0.032,0.005,6,68.65,None,0,0
144,APAC,4457.75,84.2,4,36.18,1,0.0,813,5.79,0.035,0.013,13,77.0,ISO9001,1,0
144,APAC,4457.75,84.2,4,33.6,1,0.0,1404,5.62,0.05,0.017,27,69.34,None,0,0
145,EMEA,2598.49,83.46,2,21.89,0,4.52,826,4.62,0.039,0.056,53,69.78,None,0,0
145,EMEA,2598.49,83.46,2,32.09,1,0.0,1208,5.13,0.054,0.026,24,59.03,ISO9001,1,0
145,EMEA,2598.49,83.46,2,30.62,1,0.0,913,5.41,0.022,0.027,30,73.57,ISO9001+ISO14001,0,0
145,EMEA,2598.49,83.46,2,27.25,1,0.0,567,4.82,0.033,0.018,17,66.1,ISO9001,0,0
145,EMEA,2598.49,83.46,2,28.63,1,0.0,837,4.07,0.058,0.034,24,64.54,None,0,0
145,EMEA,2598.49,83.46,2,30.14,1,0.0,1165,6.03,0.057,0.037,55,81.91,ISO9001,0,0
145,EMEA,2598.49,83.46,2,33.9,1,0.0,838,5.17,0.027,0.025,21,73.97,None,0,0
145,EMEA,2598.49,83.46,2,32.52,1,0.0,1144,5.13,0.046,0.021,22,69.52,ISO9001,1,0
145,EMEA,2598.49,83.46,2,31.61,1,0.0,1126,5.21,0.08,0.037,44,85.11,ISO9001,1,0
145,EMEA,2598.49,83.46,2,28.46,1,0.0,649,5.25,0.049,0.032,17,89.28,None,0,0
145,EMEA,2598.49,83.46,2,30.0,0,6.96,1186,3.94,0.077,0.043,50,59.34,ISO9001,1,0
145,EMEA,2598.49,83.46,2,27.22,1,0.0,784,5.78,0.015,0.025,19,76.31,ISO9001,1,0
145,EMEA,2598.49,83.46,2,29.11,1,0.0,634,5.81,0.024,0.018,9,68.86,None,0,0
145,EMEA,2598.49,83.46,2,27.68,1,0.0,941,4.66,0.026,0.023,23,75.68,ISO9001,1,0
145,EMEA,2598.49,83.46,2,31.56,1,0.0,1367,5.15,0.033,0.005,6,72.0,ISO9001+ISO14001,1,0
145,EMEA,2598.49,83.46,2,23.77,1,0.0,788,4.71,0.056,0.032,25,85.95,ISO9001,0,0
145,EMEA,2598.49,83.46,2,28.32,1,0.0,996,5.0,0.056,0.037,34,68.52,ISO9001+ISO14001,1,0
145,EMEA,2598.49,83.46,2,32.64,0,3.23,1093,4.81,0.012,0.036,37,68.15,None,0,0
145,EMEA,2598.49,83.46,2,28.6,1,0.0,1120,6.21,0.077,0.021,18,83.74,None,1,0
145,EMEA,2598.49,83.46,2,30.11,1,0.0,935,4.57,0.027,0.032,36,69.08,ISO9001,1,0
145,EMEA,2598.49,83.46,2,31.37,1,0.0,764,4.74,0.075,0.037,28,60.17,ISO9001+ISO14001,0,0
145,EMEA,2598.49,83.46,2,23.22,1,0.0,937,4.52,0.061,0.038,30,59.47,ISO9001,1,0
145,EMEA,2598.49,83.46,2,24.71,1,0.0,1030,4.71,0.02,0.026,29,86.93,ISO9001,1,0
145,EMEA,2598.49,83.46,2,26.81,1,0.0,1047,4.45,0.073,0.031,20,76.54,ISO9001,0,0
145,EMEA,2598.49,83.46,2,30.99,1,0.0,1082,5.2,0.035,0.016,22,79.58,ISO9001,0,0
145,EMEA,2598.49,83.46,2,28.81,0,6.15,649,4.54,0.001,0.042,23,71.21,None,0,0
145,EMEA,2598.49,83.46,2,25.85,1,0.0,1032,5.64,0.06,0.028,21,67.54,ISO9001,1,0
145,EMEA,2598.49,83.46,2,29.02,1,0.0,751,5.36,0.027,0.012,8,86.43,ISO9001+ISO14001,1,0
145,EMEA,2598.49,83.46,2,27.76,0,9.53,780,5.68,0.035,0.031,25,60.6,None,0,0
145,EMEA,2598.49,83.46,2,32.91,1,0.0,1380,4.86,0.052,0.029,32,70.21,ISO9001+ISO14001,0,0
145,EMEA,2598.49,83.46,2,31.64,1,0.0,1254,6.36,0.028,0.024,31,68.64,ISO9001+ISO14001,1,0
145,EMEA,2598.49,83.46,2,27.74,1,0.0,942,5.27,0.027,0.019,14,66.6,ISO9001,1,0
145,EMEA,2598.49,83.46,2,38.27,1,0.0,1203,4.1,0.032,0.02,25,70.53,ISO9001,0,0
145,EMEA,2598.49,83.46,2,30.08,1,0.0,957,4.7,0.071,0.03,24,69.24,ISO9001,0,0
145,EMEA,2598.49,83.46,2,32.32,1,0.0,1082,4.98,0.078,0.042,33,93.42,None,0,0
145,EMEA,2598.49,83.46,2,30.9,1,0.0,1268,4.89,0.05,0.021,39,78.04,None,0,0
145,EMEA,2598.49,83.46,2,24.47,1,0.0,1085,5.35,0.038,0.022,26,81.95,ISO9001,0,0
146,EMEA,2748.73,71.93,4,31.71,0,8.3,800,5.3,0.033,0.006,4,60.38,ISO9001,1,0
146,EMEA,2748.73,71.93,4,31.08,1,0.0,1348,4.89,0.043,0.005,6,85.05,ISO9001,1,0
146,EMEA,2748.73,71.93,4,26.94,1,0.0,688,5.46,0.046,0.028,13,71.43,ISO9001,0,0
146,EMEA,2748.73,71.93,4,32.12,1,0.0,1070,6.03,0.047,0.0,0,87.04,ISO9001,1,0
146,EMEA,2748.73,71.93,4,29.36,1,0.0,1205,5.19,0.018,0.019,27,80.56,ISO9001,1,0
146,EMEA,2748.73,71.93,4,27.6,0,6.43,482,5.86,0.034,0.018,13,63.57,ISO9001,1,0
146,EMEA,2748.73,71.93,4,31.84,1,0.0,931,4.55,0.042,0.011,7,69.64,ISO9001,1,0
146,EMEA,2748.73,71.93,4,33.35,0,7.33,1052,4.94,0.027,0.031,32,72.41,ISO9001,0,0
146,EMEA,2748.73,71.93,4,34.08,1,0.0,852,5.3,0.037,0.005,4,81.25,ISO9001+ISO14001,0,0
146,EMEA,2748.73,71.93,4,27.26,0,2.52,1329,3.17,0.038,0.012,19,80.8,ISO9001,1,0
146,EMEA,2748.73,71.93,4,27.95,1,0.0,823,4.39,0.063,0.014,6,94.76,ISO9001+ISO14001,0,0
146,EMEA,2748.73,71.93,4,27.63,1,0.0,851,5.06,0.033,0.013,8,58.97,ISO9001+ISO14001,0,0
146,EMEA,2748.73,71.93,4,29.23,1,0.0,1097,3.34,0.019,0.015,21,71.11,ISO9001,1,0
146,EMEA,2748.73,71.93,4,25.07,1,0.0,1331,4.95,0.0,0.02,26,73.56,None,0,0
146,EMEA,2748.73,71.93,4,28.27,1,0.0,1178,5.24,0.008,0.015,16,85.35,ISO9001,0,0
146,EMEA,2748.73,71.93,4,28.18,1,0.0,679,5.19,0.038,0.021,13,75.75,ISO9001,0,0
146,EMEA,2748.73,71.93,4,29.67,1,0.0,1294,5.53,0.002,0.013,18,74.28,None,0,0
146,EMEA,2748.73,71.93,4,27.83,1,0.0,1496,4.07,0.007,0.003,5,60.42,ISO9001+ISO14001,0,0
146,EMEA,2748.73,71.93,4,26.29,1,0.0,824,4.01,0.042,0.021,14,66.65,ISO9001+ISO14001,1,0
146,EMEA,2748.73,71.93,4,29.77,1,0.0,815,5.22,0.035,0.025,18,81.49,ISO9001,1,0
146,EMEA,2748.73,71.93,4,26.6,1,0.0,1107,4.85,0.021,0.015,13,64.52,None,0,0
146,EMEA,2748.73,71.93,4,27.68,0,1.96,1148,5.07,0.041,0.026,32,74.88,ISO9001,1,0
146,EMEA,2748.73,71.93,4,30.28,0,3.57,931,5.56,0.037,0.022,20,86.16,None,0,0
146,EMEA,2748.73,71.93,4,25.11,1,0.0,759,5.46,0.046,0.009,6,63.85,None,1,0
146,EMEA,2748.73,71.93,4,32.59,1,0.0,712,4.89,0.034,0.015,12,89.41,ISO9001,1,0
146,EMEA,2748.73,71.93,4,26.32,1,0.0,1298,4.96,0.056,0.02,22,86.53,ISO9001+ISO14001,1,0
146,EMEA,2748.73,71.93,4,25.57,1,0.0,766,4.83,0.017,0.011,7,95.77,ISO9001+ISO14001,0,0
146,EMEA,2748.73,71.93,4,25.27,1,0.0,1596,5.71,0.04,0.01,14,67.61,ISO9001+ISO14001,1,0
146,EMEA,2748.73,71.93,4,26.55,1,0.0,882,4.9,0.031,0.011,11,70.01,ISO9001,0,0
146,EMEA,2748.73,71.93,4,31.17,1,0.0,1374,5.8,0.047,0.019,28,98.34,ISO9001,1,0
146,EMEA,2748.73,71.93,4,26.44,1,0.0,759,5.48,0.004,0.029,21,74.41,ISO9001,1,0
146,EMEA,2748.73,71.93,4,27.04,1,0.0,1016,4.27,0.064,0.02,14,70.45,ISO9001+ISO14001,1,0
146,EMEA,2748.73,71.93,4,30.21,1,0.0,991,4.77,0.003,0.016,18,68.25,ISO9001+ISO14001,1,0
146,EMEA,2748.73,71.93,4,23.05,1,0.0,723,5.76,0.022,0.001,2,100.0,ISO9001,1,0
146,EMEA,2748.73,71.93,4,30.68,1,0.0,1079,4.68,0.032,0.013,12,72.35,ISO9001+ISO14001,0,0
146,EMEA,2748.73,71.93,4,30.87,1,0.0,1334,4.51,0.048,0.027,34,65.12,None,1,0
146,EMEA,2748.73,71.93,4,27.33,1,0.0,1157,5.0,0.008,0.018,25,73.76,None,0,0
146,EMEA,2748.73,71.93,4,36.14,1,0.0,1066,5.32,0.012,0.022,26,78.59,None,0,0
146,EMEA,2748.73,71.93,4,21.78,1,0.0,844,4.26,0.021,0.013,13,85.29,ISO9001,1,0
146,EMEA,2748.73,71.93,4,33.09,1,0.0,603,5.13,0.01,0.014,8,83.99,ISO9001+ISO14001,1,0
146,EMEA,2748.73,71.93,4,30.62,1,0.0,796,4.71,0.007,0.015,13,80.14,None,1,0
146,EMEA,2748.73,71.93,4,26.5,1,0.0,1002,4.53,0.048,0.03,31,80.15,ISO9001,0,0
146,EMEA,2748.73,71.93,4,25.9,1,0.0,929,6.09,0.028,0.0,0,80.73,ISO9001+ISO14001,1,0
146,EMEA,2748.73,71.93,4,30.66,1,0.0,1042,5.07,0.015,0.028,28,78.43,ISO9001,1,0
146,EMEA,2748.73,71.93,4,31.1,1,0.0,1122,5.01,0.044,0.005,2,76.36,ISO9001+ISO14001,1,0
146,EMEA,2748.73,71.93,4,35.2,1,0.0,998,3.84,0.052,0.016,18,71.99,None,0,0
146,EMEA,2748.73,71.93,4,22.96,1,0.0,1134,4.64,0.019,0.006,8,92.67,None,1,0
146,EMEA,2748.73,71.93,4,31.18,1,0.0,798,6.31,0.045,0.024,20,72.33,None,0,0
146,EMEA,2748.73,71.93,4,25.95,1,0.0,1291,4.33,0.059,0.0,0,72.5,None,0,0
146,EMEA,2748.73,71.93,4,31.02,1,0.0,1280,5.05,0.033,0.026,38,75.51,ISO9001,0,0
146,EMEA,2748.73,71.93,4,28.73,0,4.69,795,4.9,0.054,0.027,18,84.15,ISO9001,0,0
146,EMEA,2748.73,71.93,4,28.88,1,0.0,1177,5.15,0.034,0.011,15,79.02,ISO9001,1,0
146,EMEA,2748.73,71.93,4,30.58,1,0.0,691,5.51,0.048,0.0,0,88.79,ISO9001,1,0
146,EMEA,2748.73,71.93,4,26.4,1,0.0,1303,4.62,0.061,0.037,53,90.17,ISO9001,1,0
147,APAC,3222.0,73.97,1,27.44,0,4.71,832,5.75,0.065,0.049,46,75.8,None,0,0
147,APAC,3222.0,73.97,1,34.24,1,0.0,1133,4.98,0.067,0.024,38,68.45,ISO9001,1,0
147,APAC,3222.0,73.97,1,32.8,1,0.0,936,5.14,0.021,0.024,26,63.96,ISO9001+ISO14001,0,0
147,APAC,3222.0,73.97,1,25.93,1,0.0,763,4.63,0.013,0.054,43,72.78,None,1,0
147,APAC,3222.0,73.97,1,30.64,1,0.0,1235,5.27,0.044,0.027,33,63.69,ISO9001+ISO14001,1,0
147,APAC,3222.0,73.97,1,32.49,0,2.53,1118,4.96,0.024,0.024,30,80.34,ISO9001,1,0
147,APAC,3222.0,73.97,1,29.92,1,0.0,1680,6.41,0.064,0.01,20,92.91,ISO9001,1,0
147,APAC,3222.0,73.97,1,29.39,1,0.0,731,5.68,0.053,0.022,19,72.46,ISO9001+ISO14001,1,0
147,APAC,3222.0,73.97,1,30.4,0,4.31,986,4.8,0.039,0.02,20,88.62,ISO9001,1,0
147,APAC,3222.0,73.97,1,31.23,1,0.0,480,6.14,0.005,0.023,9,66.46,None,0,0
147,APAC,3222.0,73.97,1,27.85,1,0.0,1225,4.66,0.035,0.025,31,73.34,ISO9001+ISO14001,0,0
147,APAC,3222.0,73.97,1,29.12,1,0.0,1071,5.01,0.01,0.015,16,66.22,None,0,0
147,APAC,3222.0,73.97,1,28.07,1,0.0,696,5.0,0.04,0.016,8,82.84,ISO9001,1,0
147,APAC,3222.0,73.97,1,29.82,1,0.0,1251,5.05,0.025,0.036,44,54.19,ISO9001,0,0
147,APAC,3222.0,73.97,1,30.81,1,0.0,1245,5.62,0.026,0.036,41,69.08,ISO9001,0,0
147,APAC,3222.0,73.97,1,29.32,0,7.1,1176,4.46,0.046,0.036,38,83.95,None,0,0
147,APAC,3222.0,73.97,1,27.0,1,0.0,1039,4.22,0.03,0.015,14,69.17,ISO9001,1,0
147,APAC,3222.0,73.97,1,27.76,1,0.0,852,6.34,0.031,0.024,27,100.0,ISO9001,0,0
147,APAC,3222.0,73.97,1,30.63,1,0.0,1243,4.98,0.014,0.014,20,66.07,None,0,0
148,APAC,4325.76,85.09,1,35.56,1,0.0,1246,4.99,0.04,0.011,14,80.63,ISO9001,0,0
148,APAC,4325.76,85.09,1,33.18,1,0.0,1394,5.34,0.016,0.033,45,86.35,ISO9001,1,0
148,APAC,4325.76,85.09,1,38.32,1,0.0,921,5.71,0.055,0.035,32,67.31,ISO9001,0,0
148,APAC,4325.76,85.09,1,36.44,0,5.77,635,4.95,0.051,0.013,9,79.62,ISO9001,0,0
148,APAC,4325.76,85.09,1,33.15,1,0.0,764,5.6,0.021,0.02,15,76.18,ISO9001,0,0
148,APAC,4325.76,85.09,1,37.84,0,10.45,782,5.68,0.061,0.01,13,87.88,ISO9001,0,0
148,APAC,4325.76,85.09,1,32.16,1,0.0,942,5.47,0.079,0.024,28,62.97,ISO9001,1,0
148,APAC,4325.76,85.09,1,36.91,1,0.0,825,4.17,0.056,0.024,22,74.71,ISO9001,1,0
148,APAC,4325.76,85.09,1,32.94,1,0.0,1369,5.57,0.068,0.034,48,71.75,ISO9001,0,0
148,APAC,4325.76,85.09,1,37.25,1,0.0,675,5.53,0.032,0.002,0,74.25,ISO9001+ISO14001,1,0
148,APAC,4325.76,85.09,1,35.45,1,0.0,880,4.65,0.005,0.025,22,76.52,ISO9001,1,0
148,APAC,4325.76,85.09,1,34.83,1,0.0,487,4.69,0.027,0.026,16,75.64,None,1,0
148,APAC,4325.76,85.09,1,36.29,1,0.0,1053,5.26,0.035,0.038,42,76.94,ISO9001+ISO14001,1,0
148,APAC,4325.76,85.09,1,34.47,1,0.0,1156,5.8,0.073,0.022,21,92.93,ISO9001,1,0
148,APAC,4325.76,85.09,1,37.3,1,0.0,770,4.74,0.094,0.027,19,82.49,ISO9001,1,0
148,APAC,4325.76,85.09,1,34.83,1,0.0,1169,4.16,0.043,0.033,39,87.58,ISO9001+ISO14001,1,0
148,APAC,4325.76,85.09,1,33.94,1,0.0,1360,5.97,0.029,0.021,30,68.66,ISO9001,0,0
148,APAC,4325.76,85.09,1,29.73,1,0.0,1366,4.51,0.027,0.019,27,72.83,ISO9001,1,0
148,APAC,4325.76,85.09,1,36.4,1,0.0,1058,5.28,0.052,0.034,35,72.34,ISO9001+ISO14001,0,0
148,APAC,4325.76,85.09,1,31.62,1,0.0,739,4.47,0.046,0.012,6,70.04,ISO9001,1,0
148,APAC,4325.76,85.09,1,39.01,1,0.0,670,5.76,0.053,0.004,4,69.23,ISO9001,1,0
148,APAC,4325.76,85.09,1,35.14,1,0.0,1237,5.15,0.03,0.025,23,78.31,ISO9001,0,0
148,APAC,4325.76,85.09,1,35.79,1,0.0,725,4.2,0.07,0.0,0,83.34,ISO9001,1,0
148,APAC,4325.76,85.09,1,37.04,1,0.0,935,4.78,0.033,0.025,22,80.07,ISO9001,0,0
148,APAC,4325.76,85.09,1,36.82,1,0.0,824,6.18,0.055,0.022,11,80.63,ISO9001+ISO14001,1,0
148,APAC,4325.76,85.09,1,32.94,1,0.0,1195,5.47,0.076,0.035,38,85.15,ISO9001,1,0
148,APAC,4325.76,85.09,1,36.04,1,0.0,1423,5.1,0.031,0.029,38,85.79,ISO9001+ISO14001,0,0
148,APAC,4325.76,85.09,1,33.72,1,0.0,1148,5.16,0.073,0.003,5,67.43,ISO9001,1,0
148,APAC,4325.76,85.09,1,30.03,0,5.66,842,4.5,0.055,0.049,36,73.55,ISO9001,0,0
148,APAC,4325.76,85.09,1,37.7,1,0.0,1006,4.32,0.033,0.005,6,71.48,ISO9001,1,0
148,APAC,4325.76,85.09,1,40.05,1,0.0,865,4.46,0.025,0.001,0,75.55,ISO9001,1,0
148,APAC,4325.76,85.09,1,36.14,1,0.0,1377,4.85,0.0,0.031,38,73.18,ISO9001,0,0
148,APAC,4325.76,85.09,1,34.95,1,0.0,610,4.6,0.03,0.012,9,76.15,ISO9001+ISO14001,1,0
148,APAC,4325.76,85.09,1,38.04,1,0.0,860,4.61,0.022,0.018,9,87.27,ISO9001+ISO14001,0,0
148,APAC,4325.76,85.09,1,33.85,0,6.05,733,4.08,0.013,0.031,22,86.38,ISO9001,1,0
148,APAC,4325.76,85.09,1,34.89,1,0.0,1201,5.53,0.056,0.023,41,62.92,ISO9001,0,0
148,APAC,4325.76,85.09,1,36.85,1,0.0,584,5.21,0.033,0.01,2,78.78,ISO9001,1,0
148,APAC,4325.76,85.09,1,31.71,1,0.0,1120,4.28,0.063,0.006,8,80.34,ISO9001,1,0
148,APAC,4325.76,85.09,1,31.84,1,0.0,929,4.5,0.045,0.027,20,73.04,ISO9001,1,0
148,APAC,4325.76,85.09,1,35.96,1,0.0,1661,4.44,0.045,0.016,19,85.91,ISO9001,0,0
148,APAC,4325.76,85.09,1,36.54,1,0.0,846,4.87,0.024,0.015,12,100.0,ISO9001,1,0
148,APAC,4325.76,85.09,1,35.45,1,0.0,1379,5.01,0.013,0.023,33,68.56,ISO9001,0,0
148,APAC,4325.76,85.09,1,35.05,1,0.0,1245,4.47,0.036,0.018,21,78.45,ISO9001,0,0
148,APAC,4325.76,85.09,1,32.6,1,0.0,898,4.42,0.037,0.025,21,71.03,None,1,0
149,APAC,3998.0,25.21,3,33.24,0,6.93,819,4.86,0.026,0.044,36,74.22,ISO9001+ISO14001,0,1
149,APAC,3998.0,25.21,3,32.93,1,0.0,1101,4.98,0.075,0.027,29,85.85,ISO9001,0,0
149,APAC,3998.0,25.21,3,30.76,1,0.0,722,4.93,0.031,0.03,26,84.59,ISO9001,0,0
149,APAC,3998.0,25.21,3,33.99,1,0.0,1065,4.4,0.044,0.051,70,89.96,None,0,0
149,APAC,3998.0,25.21,3,30.53,1,0.0,916,5.19,0.014,0.029,28,62.8,None,0,0
149,APAC,3998.0,25.21,3,32.07,1,0.0,691,5.22,0.049,0.046,25,96.79,ISO9001+ISO14001,1,0
149,APAC,3998.0,25.21,3,37.04,1,0.0,1240,4.42,0.005,0.021,26,60.75,ISO9001,1,0
149,APAC,3998.0,25.21,3,33.21,1,0.0,1189,5.64,0.051,0.04,54,63.07,ISO9001,1,0
149,APAC,3998.0,25.21,3,32.13,1,0.0,1630,5.12,0.065,0.035,53,75.14,ISO9001,1,0
149,APAC,3998.0,25.21,3,35.0,1,0.0,544,4.84,0.038,0.026,11,61.03,ISO9001,1,0
149,APAC,3998.0,25.21,3,34.09,0,3.89,1046,5.38,0.05,0.037,33,69.57,ISO9001,0,1
149,APAC,3998.0,25.21,3,28.87,1,0.0,1170,4.23,0.046,0.033,40,63.47,None,0,0
149,APAC,3998.0,25.21,3,32.62,1,0.0,945,4.67,0.039,0.036,34,74.12,ISO9001,0,0
149,APAC,3998.0,25.21,3,33.22,1,0.0,1118,5.76,0.044,0.042,47,81.76,ISO9001,0,0
149,APAC,3998.0,25.21,3,32.62,0,4.29,1012,5.16,0.065,0.03,35,71.48,ISO9001,1,1
149,APAC,3998.0,25.21,3,35.19,1,0.0,595,4.87,0.061,0.044,28,72.34,ISO9001,1,0
149,APAC,3998.0,25.21,3,33.29,1,0.0,910,4.86,0.028,0.045,45,73.91,ISO9001,0,0
149,APAC,3998.0,25.21,3,31.8,1,0.0,650,4.74,0.061,0.011,7,56.56,ISO9001,1,0
149,APAC,3998.0,25.21,3,36.16,1,0.0,809,4.84,0.042,0.038,23,74.18,ISO9001+ISO14001,1,0
149,APAC,3998.0,25.21,3,35.32,1,0.0,804,5.16,0.036,0.047,42,62.4,ISO9001,0,0
149,APAC,3998.0,25.21,3,30.08,1,0.0,665,4.52,0.035,0.052,31,86.05,ISO9001+ISO14001,1,0
149,APAC,3998.0,25.21,3,37.48,1,0.0,1100,5.06,0.073,0.047,58,83.16,ISO9001,0,0
149,APAC,3998.0,25.21,3,34.85,1,0.0,588,4.64,0.013,0.031,19,77.98,ISO9001,0,0
149,APAC,3998.0,25.21,3,36.72,1,0.0,1084,4.94,0.04,0.039,33,82.45,None,1,0
149,APAC,3998.0,25.21,3,33.98,0,3.38,661,6.39,0.058,0.031,20,71.78,ISO9001,0,1
149,APAC,3998.0,25.21,3,33.02,1,0.0,863,4.62,0.031,0.06,65,80.56,ISO9001+ISO14001,0,0
149,APAC,3998.0,25.21,3,34.7,1,0.0,1145,6.22,0.0,0.042,43,72.75,None,0,0
149,APAC,3998.0,25.21,3,26.54,0,8.6,721,3.74,0.05,0.044,37,87.4,None,0,1
149,APAC,3998.0,25.21,3,33.34,1,0.0,759,5.39,0.065,0.029,15,77.22,ISO9001,1,0
149,APAC,3998.0,25.21,3,37.34,1,0.0,1015,4.99,0.037,0.035,40,75.38,None,0,0
149,APAC,3998.0,25.21,3,35.83,1,0.0,758,4.97,0.056,0.022,17,78.08,ISO9001,0,0
149,APAC,3998.0,25.21,3,35.66,1,0.0,888,5.32,0.046,0.023,23,47.51,ISO9001+ISO14001,0,0
149,APAC,3998.0,25.21,3,34.1,1,0.0,605,5.43,0.061,0.025,8,72.35,ISO9001,1,0
149,APAC,3998.0,25.21,3,30.61,1,0.0,939,4.4,0.043,0.025,22,83.8,ISO9001,1,0
149,APAC,3998.0,25.21,3,39.82,1,0.0,901,5.92,0.064,0.04,36,61.43,ISO9001,1,0
149,APAC,3998.0,25.21,3,31.88,1,0.0,908,5.17,0.051,0.025,23,73.5,ISO9001+ISO14001,0,0
149,APAC,3998.0,25.21,3,34.16,1,0.0,887,4.87,0.014,0.017,12,67.92,ISO9001,0,0
149,APAC,3998.0,25.21,3,30.81,1,0.0,1406,4.91,0.059,0.02,31,91.16,ISO9001,1,0
150,APAC,3704.32,44.95,4,34.99,1,0.0,1044,5.18,0.071,0.031,46,64.15,ISO9001+ISO14001,1,0
150,APAC,3704.32,44.95,4,32.36,1,0.0,1163,4.98,0.051,0.04,40,69.52,ISO9001,1,0
150,APAC,3704.32,44.95,4,28.44,1,0.0,1056,5.24,0.06,0.032,34,79.21,None,0,0
150,APAC,3704.32,44.95,4,30.01,0,5.6,1273,4.8,0.057,0.03,32,84.58,ISO9001+ISO14001,1,0
150,APAC,3704.32,44.95,4,35.21,1,0.0,483,4.96,0.074,0.015,7,73.0,None,0,0
150,APAC,3704.32,44.95,4,26.7,0,7.13,1174,6.79,0.038,0.036,37,78.67,ISO9001,1,0
150,APAC,3704.32,44.95,4,28.7,1,0.0,1227,5.15,0.028,0.017,22,61.45,ISO9001+ISO14001,1,0
150,APAC,3704.32,44.95,4,32.61,1,0.0,1335,4.35,0.069,0.026,31,65.74,ISO9001+ISO14001,1,0
150,APAC,3704.32,44.95,4,33.92,1,0.0,634,4.67,0.046,0.034,23,76.32,ISO9001,1,0
150,APAC,3704.32,44.95,4,34.44,0,5.89,510,4.39,0.034,0.019,14,69.86,ISO9001,0,1
150,APAC,3704.32,44.95,4,32.91,0,9.98,780,5.35,0.039,0.041,31,63.06,ISO9001+ISO14001,1,1
150,APAC,3704.32,44.95,4,36.86,1,0.0,825,5.63,0.053,0.045,19,85.87,None,0,0
150,APAC,3704.32,44.95,4,32.27,1,0.0,1118,5.44,0.078,0.049,48,89.85,None,0,0
150,APAC,3704.32,44.95,4,31.03,1,0.0,1056,4.32,0.049,0.04,38,69.98,ISO9001,1,0
150,APAC,3704.32,44.95,4,30.67,1,0.0,1135,5.57,0.049,0.04,51,78.42,ISO9001,1,0
150,APAC,3704.32,44.95,4,31.33,1,0.0,942,5.41,0.027,0.03,31,83.51,ISO9001+ISO14001,0,0
150,APAC,3704.32,44.95,4,32.42,1,0.0,1047,3.99,0.037,0.055,58,77.88,ISO9001+ISO14001,0,0
150,APAC,3704.32,44.95,4,35.23,1,0.0,1122,4.21,0.037,0.031,36,84.11,ISO9001,1,0
150,APAC,3704.32,44.95,4,30.94,1,0.0,1438,5.39,0.045,0.037,59,82.46,ISO9001,1,0
150,APAC,3704.32,44.95,4,31.69,0,5.85,1083,3.99,0.065,0.036,34,55.83,None,0,1
151,EMEA,1775.44,49.92,12,26.06,1,0.0,1429,5.68,0.018,0.019,34,84.75,ISO9001,0,0
151,EMEA,1775.44,49.92,12,23.01,1,0.0,1380,4.26,0.045,0.021,36,66.31,None,0,0
151,EMEA,1775.44,49.92,12,29.6,1,0.0,1142,4.87,0.057,0.02,20,86.34,ISO9001,1,0
151,EMEA,1775.44,49.92,12,23.47,0,5.59,1054,5.07,0.0,0.024,19,84.46,None,0,0
151,EMEA,1775.44,49.92,12,22.97,1,0.0,733,4.55,0.04,0.001,0,92.45,None,0,0
151,EMEA,1775.44,49.92,12,21.83,0,4.48,1578,4.62,0.03,0.008,13,68.12,ISO9001,0,0
151,EMEA,1775.44,49.92,12,32.04,1,0.0,1156,5.11,0.01,0.01,13,97.8,None,1,0
151,EMEA,1775.44,49.92,12,22.39,1,0.0,1006,4.47,0.02,0.013,17,81.9,ISO9001,0,0
151,EMEA,1775.44,49.92,12,27.44,1,0.0,1191,3.51,0.04,0.014,19,70.76,ISO9001+ISO14001,1,0
151,EMEA,1775.44,49.92,12,25.76,1,0.0,1163,4.62,0.008,0.011,18,87.14,ISO9001,0,0
151,EMEA,1775.44,49.92,12,24.43,0,6.26,1338,4.75,0.05,0.027,43,69.01,ISO9001,1,1
151,EMEA,1775.44,49.92,12,24.15,1,0.0,1290,4.02,0.011,0.0,0,64.06,ISO9001+ISO14001,0,0
151,EMEA,1775.44,49.92,12,23.67,1,0.0,1214,5.25,0.041,0.015,25,100.0,ISO9001,0,0
151,EMEA,1775.44,49.92,12,28.41,0,7.53,1114,5.1,0.019,0.02,22,73.46,ISO9001,1,0
151,EMEA,1775.44,49.92,12,25.49,1,0.0,605,4.16,0.054,0.019,9,85.41,ISO9001+ISO14001,1,0
151,EMEA,1775.44,49.92,12,23.42,1,0.0,962,4.8,0.027,0.02,22,86.81,None,0,0
151,EMEA,1775.44,49.92,12,21.97,1,0.0,1147,4.8,0.0,0.015,11,84.26,ISO9001,1,0
151,EMEA,1775.44,49.92,12,25.29,1,0.0,1210,4.83,0.052,0.013,18,75.67,ISO9001,0,0
151,EMEA,1775.44,49.92,12,27.19,1,0.0,683,4.65,0.0,0.032,17,68.32,ISO9001,1,0
151,EMEA,1775.44,49.92,12,27.68,1,0.0,859,5.77,0.068,0.005,6,84.15,ISO9001,1,0
151,EMEA,1775.44,49.92,12,26.82,1,0.0,805,5.02,0.03,0.011,11,84.69,ISO9001,1,0
151,EMEA,1775.44,49.92,12,18.98,1,0.0,918,5.18,0.054,0.0,0,79.99,None,0,0
151,EMEA,1775.44,49.92,12,25.69,1,0.0,776,4.66,0.032,0.014,13,69.82,ISO9001,0,0
151,EMEA,1775.44,49.92,12,23.83,1,0.0,1284,4.71,0.013,0.007,7,95.38,None,0,0
151,EMEA,1775.44,49.92,12,24.93,1,0.0,995,4.96,0.0,0.016,24,89.38,ISO9001,0,0
151,EMEA,1775.44,49.92,12,26.73,1,0.0,847,4.06,0.037,0.003,2,87.27,ISO9001,0,0
151,EMEA,1775.44,49.92,12,25.69,1,0.0,896,4.0,0.055,0.003,2,69.96,None,0,0
151,EMEA,1775.44,49.92,12,29.09,1,0.0,968,5.16,0.068,0.006,7,74.94,ISO9001+ISO14001,1,0
151,EMEA,1775.44,49.92,12,23.82,0,5.27,1223,5.74,0.018,0.008,10,73.18,None,0,0
151,EMEA,1775.44,49.92,12,26.64,0,2.64,1134,4.75,0.041,0.013,21,75.2,None,0,0
151,EMEA,1775.44,49.92,12,23.67,1,0.0,1299,4.68,0.048,0.021,23,65.61,ISO9001,1,0
151,EMEA,1775.44,49.92,12,23.44,1,0.0,728,5.79,0.013,0.0,0,73.19,ISO9001+ISO14001,1,0
151,EMEA,1775.44,49.92,12,24.38,1,0.0,690,4.75,0.052,0.007,5,98.21,ISO9001,1,0
151,EMEA,1775.44,49.92,12,30.42,1,0.0,1178,5.67,0.058,0.012,17,64.05,None,0,0
151,EMEA,1775.44,49.92,12,20.71,0,2.31,1069,4.87,0.049,0.017,17,69.48,ISO9001,1,1
151,EMEA,1775.44,49.92,12,32.11,1,0.0,1044,5.34,0.029,0.021,26,77.25,ISO9001+ISO14001,0,0
151,EMEA,1775.44,49.92,12,21.87,1,0.0,1505,5.73,0.011,0.014,17,77.38,None,0,0
151,EMEA,1775.44,49.92,12,25.55,0,6.96,598,4.93,0.026,0.011,6,64.16,ISO9001,0,0
151,EMEA,1775.44,49.92,12,24.42,0,6.7,1193,4.95,0.0,0.0,0,78.43,ISO9001,1,0
151,EMEA,1775.44,49.92,12,21.52,1,0.0,1293,4.99,0.0,0.005,8,86.83,None,0,0
151,EMEA,1775.44,49.92,12,26.38,1,0.0,1291,5.49,0.058,0.015,19,77.11,ISO9001,1,0
151,EMEA,1775.44,49.92,12,26.45,1,0.0,995,5.26,0.0,0.011,10,88.12,ISO9001,1,0
151,EMEA,1775.44,49.92,12,33.17,1,0.0,952,4.8,0.03,0.011,11,69.67,ISO9001,0,0
151,EMEA,1775.44,49.92,12,22.83,1,0.0,1069,4.95,0.033,0.023,24,63.3,None,0,0
151,EMEA,1775.44,49.92,12,30.4,1,0.0,1178,5.1,0.028,0.018,19,59.96,ISO9001,0,0
151,EMEA,1775.44,49.92,12,23.16,1,0.0,763,5.26,0.041,0.003,2,89.01,ISO9001,0,0
151,EMEA,1775.44,49.92,12,22.7,1,0.0,1062,4.72,0.078,0.027,29,97.88,ISO9001+ISO14001,1,0
151,EMEA,1775.44,49.92,12,24.6,1,0.0,640,4.37,0.006,0.021,20,69.51,ISO9001+ISO14001,0,0
151,EMEA,1775.44,49.92,12,23.36,1,0.0,1072,5.46,0.045,0.0,0,76.04,None,0,0
151,EMEA,1775.44,49.92,12,27.2,1,0.0,1228,4.25,0.013,0.013,14,73.96,ISO9001,0,0
151,EMEA,1775.44,49.92,12,19.3,1,0.0,686,6.5,0.053,0.013,8,71.91,ISO9001+ISO14001,0,0
151,EMEA,1775.44,49.92,12,18.95,1,0.0,956,4.78,0.021,0.0,0,73.11,ISO9001+ISO14001,0,0
151,EMEA,1775.44,49.92,12,27.55,1,0.0,928,4.65,0.037,0.026,14,73.45,ISO9001,0,0
152,EMEA,2464.16,77.26,6,29.7,0,6.08,1066,5.74,0.013,0.017,24,78.97,ISO9001+ISO14001,0,0
152,EMEA,2464.16,77.26,6,24.32,1,0.0,883,4.23,0.023,0.0,0,70.13,ISO9001,0,0
152,EMEA,2464.16,77.26,6,24.69,1,0.0,856,4.83,0.024,0.01,10,80.66,ISO9001+ISO14001,1,0
152,EMEA,2464.16,77.26,6,24.25,1,0.0,521,5.82,0.041,0.028,19,90.56,ISO9001,1,0
152,EMEA,2464.16,77.26,6,30.4,1,0.0,613,4.56,0.054,0.012,3,78.75,ISO9001,0,0
152,EMEA,2464.16,77.26,6,29.7,0,6.53,945,5.96,0.02,0.001,4,64.05,ISO9001,1,0
152,EMEA,2464.16,77.26,6,30.31,1,0.0,1050,5.03,0.021,0.017,21,95.8,ISO9001,1,0
152,EMEA,2464.16,77.26,6,30.63,1,0.0,1235,4.76,0.045,0.032,38,79.36,ISO9001,1,0
152,EMEA,2464.16,77.26,6,32.26,1,0.0,1422,4.54,0.03,0.024,30,69.72,ISO9001+ISO14001,0,0
152,EMEA,2464.16,77.26,6,30.14,1,0.0,793,5.09,0.02,0.018,15,100.0,ISO9001+ISO14001,1,0
152,EMEA,2464.16,77.26,6,28.49,1,0.0,737,3.47,0.026,0.017,14,79.78,ISO9001,1,0
152,EMEA,2464.16,77.26,6,27.95,1,0.0,921,5.34,0.012,0.012,12,75.87,ISO9001+ISO14001,1,0
152,EMEA,2464.16,77.26,6,27.25,0,4.24,1431,5.11,0.035,0.011,20,82.73,ISO9001,0,0
152,EMEA,2464.16,77.26,6,26.85,1,0.0,945,4.92,0.0,0.01,13,90.33,None,0,0
152,EMEA,2464.16,77.26,6,22.13,1,0.0,753,4.36,0.042,0.022,16,60.29,ISO9001+ISO14001,1,0
152,EMEA,2464.16,77.26,6,26.58,1,0.0,1043,5.71,0.057,0.006,5,84.19,ISO9001,1,0
152,EMEA,2464.16,77.26,6,29.1,1,0.0,411,5.27,0.027,0.028,12,97.65,ISO9001+ISO14001,1,0
152,EMEA,2464.16,77.26,6,28.97,0,8.29,1149,4.86,0.01,0.028,31,80.85,ISO9001,0,0
152,EMEA,2464.16,77.26,6,30.0,0,4.95,1121,6.03,0.026,0.016,26,64.35,ISO9001,1,0
152,EMEA,2464.16,77.26,6,28.72,1,0.0,1198,5.44,0.085,0.011,18,67.98,ISO9001+ISO14001,1,0
152,EMEA,2464.16,77.26,6,23.31,1,0.0,1474,4.03,0.038,0.006,6,91.33,ISO9001,0,0
152,EMEA,2464.16,77.26,6,30.79,1,0.0,1047,4.75,0.011,0.035,34,71.53,None,0,0
152,EMEA,2464.16,77.26,6,29.98,1,0.0,1159,4.88,0.018,0.002,5,64.84,ISO9001+ISO14001,1,0
152,EMEA,2464.16,77.26,6,29.67,1,0.0,1225,4.44,0.002,0.018,25,73.89,None,0,0
152,EMEA,2464.16,77.26,6,28.78,1,0.0,1106,4.34,0.071,0.014,14,74.86,None,0,0
152,EMEA,2464.16,77.26,6,28.64,1,0.0,1031,4.88,0.018,0.014,16,95.65,ISO9001+ISO14001,1,0
152,EMEA,2464.16,77.26,6,27.44,0,4.27,584,4.62,0.019,0.011,9,59.77,ISO9001,0,0
152,EMEA,2464.16,77.26,6,32.46,1,0.0,1648,5.43,0.041,0.014,26,92.62,ISO9001,0,0
152,EMEA,2464.16,77.26,6,27.01,1,0.0,993,3.99,0.0,0.013,12,64.88,None,0,0
152,EMEA,2464.16,77.26,6,32.53,1,0.0,1050,5.52,0.0,0.027,32,76.1,None,0,0
152,EMEA,2464.16,77.26,6,24.95,0,7.51,1025,4.55,0.06,0.011,9,90.63,None,0,0
152,EMEA,2464.16,77.26,6,32.43,1,0.0,886,4.78,0.033,0.019,10,77.47,ISO9001,1,0
152,EMEA,2464.16,77.26,6,26.84,1,0.0,880,5.57,0.057,0.008,1,69.81,None,0,0
152,EMEA,2464.16,77.26,6,26.16,0,1.7,937,5.44,0.042,0.013,13,94.08,ISO9001,0,0
152,EMEA,2464.16,77.26,6,29.02,1,0.0,1354,5.22,0.038,0.017,17,87.95,ISO9001,0,0
152,EMEA,2464.16,77.26,6,28.73,1,0.0,1184,4.57,0.027,0.026,27,76.32,None,0,0
152,EMEA,2464.16,77.26,6,24.23,1,0.0,1243,5.0,0.049,0.015,20,90.21,ISO9001+ISO14001,1,0
152,EMEA,2464.16,77.26,6,26.42,1,0.0,1429,5.75,0.034,0.012,22,86.43,ISO9001,1,0
152,EMEA,2464.16,77.26,6,25.25,0,5.22,699,4.64,0.037,0.018,15,85.83,ISO9001,1,0
152,EMEA,2464.16,77.26,6,26.65,1,0.0,1350,5.3,0.048,0.011,17,60.59,ISO9001,0,0
152,EMEA,2464.16,77.26,6,31.12,1,0.0,920,5.09,0.043,0.021,18,87.61,ISO9001,0,0
152,EMEA,2464.16,77.26,6,23.87,1,0.0,1232,5.91,0.024,0.034,31,80.84,ISO9001,1,0
152,EMEA,2464.16,77.26,6,29.47,1,0.0,1024,4.96,0.0,0.014,22,92.67,None,0,0
152,EMEA,2464.16,77.26,6,28.38,1,0.0,897,5.39,0.03,0.004,1,76.69,None,0,0
152,EMEA,2464.16,77.26,6,24.21,1,0.0,566,5.09,0.049,0.023,9,65.38,ISO9001,1,0
152,EMEA,2464.16,77.26,6,26.81,1,0.0,1055,4.83,0.031,0.012,8,74.5,ISO9001+ISO14001,1,0
152,EMEA,2464.16,77.26,6,28.75,1,0.0,896,5.5,0.018,0.024,10,85.91,None,0,0
152,EMEA,2464.16,77.26,6,25.2,1,0.0,1235,5.1,0.076,0.029,24,83.71,None,1,0
152,EMEA,2464.16,77.26,6,28.41,1,0.0,994,5.35,0.043,0.02,25,64.26,ISO9001,1,0
152,EMEA,2464.16,77.26,6,22.36,1,0.0,833,4.15,0.023,0.01,6,62.08,None,0,0
152,EMEA,2464.16,77.26,6,28.02,1,0.0,847,5.38,0.015,0.022,23,94.04,ISO9001+ISO14001,1,0
152,EMEA,2464.16,77.26,6,31.43,1,0.0,1084,5.99,0.066,0.001,0,83.44,ISO9001,0,0
152,EMEA,2464.16,77.26,6,27.07,1,0.0,1647,4.92,0.057,0.009,18,84.36,None,0,0
153,APAC,4224.29,80.3,8,34.77,1,0.0,1068,4.7,0.033,0.03,34,69.9,None,1,0
153,APAC,4224.29,80.3,8,34.4,1,0.0,1256,4.95,0.038,0.016,14,65.93,ISO9001+ISO14001,1,0
153,APAC,4224.29,80.3,8,33.63,1,0.0,1062,4.26,0.023,0.03,36,56.53,ISO9001+ISO14001,1,0
153,APAC,4224.29,80.3,8,37.26,0,4.75,1280,5.7,0.021,0.028,35,77.5,ISO9001,0,0
153,APAC,4224.29,80.3,8,34.8,0,7.76,992,5.4,0.047,0.018,16,65.48,None,0,0
153,APAC,4224.29,80.3,8,32.67,1,0.0,1092,5.05,0.053,0.022,24,100.0,ISO9001,0,0
153,APAC,4224.29,80.3,8,29.86,1,0.0,803,3.44,0.033,0.028,20,69.32,None,0,0
153,APAC,4224.29,80.3,8,35.28,1,0.0,1110,4.34,0.037,0.022,35,73.13,ISO9001,1,0
153,APAC,4224.29,80.3,8,33.72,1,0.0,1348,5.35,0.046,0.033,33,71.38,ISO9001,1,0
153,APAC,4224.29,80.3,8,32.56,1,0.0,699,4.99,0.037,0.033,24,80.0,None,0,0
153,APAC,4224.29,80.3,8,40.48,1,0.0,1090,5.01,0.042,0.017,23,88.57,ISO9001,0,0
153,APAC,4224.29,80.3,8,38.22,1,0.0,831,5.2,0.072,0.029,22,64.65,ISO9001+ISO14001,0,0
153,APAC,4224.29,80.3,8,35.97,1,0.0,846,5.21,0.052,0.018,19,68.13,ISO9001+ISO14001,0,0
153,APAC,4224.29,80.3,8,29.79,1,0.0,596,4.88,0.012,0.021,13,64.92,None,0,0
153,APAC,4224.29,80.3,8,38.98,0,8.08,912,5.03,0.026,0.023,23,62.66,None,0,0
153,APAC,4224.29,80.3,8,33.75,1,0.0,1083,5.64,0.02,0.016,14,64.79,ISO9001,0,0
153,APAC,4224.29,80.3,8,30.66,1,0.0,442,5.21,0.05,0.008,4,82.37,None,0,0
153,APAC,4224.29,80.3,8,33.59,1,0.0,702,5.86,0.045,0.017,8,73.98,ISO9001,0,0
153,APAC,4224.29,80.3,8,35.57,1,0.0,1250,5.41,0.024,0.02,22,66.03,ISO9001,1,0
153,APAC,4224.29,80.3,8,35.91,1,0.0,1124,4.85,0.016,0.003,4,56.22,None,0,0
153,APAC,4224.29,80.3,8,36.71,0,5.91,813,5.38,0.033,0.025,15,81.34,ISO9001,1,0
153,APAC,4224.29,80.3,8,33.67,1,0.0,1226,4.9,0.069,0.031,40,70.79,ISO9001,1,0
153,APAC,4224.29,80.3,8,35.71,1,0.0,954,5.53,0.0,0.021,16,74.96,ISO9001+ISO14001,0,0
153,APAC,4224.29,80.3,8,31.51,1,0.0,914,5.96,0.02,0.009,5,84.3,ISO9001,0,0
153,APAC,4224.29,80.3,8,29.88,1,0.0,1020,5.66,0.026,0.026,36,44.09,None,0,0
153,APAC,4224.29,80.3,8,32.16,1,0.0,788,4.82,0.047,0.021,14,50.1,None,0,0
153,APAC,4224.29,80.3,8,34.75,1,0.0,955,5.52,0.04,0.02,15,95.82,ISO9001,1,0
153,APAC,4224.29,80.3,8,32.87,1,0.0,932,5.5,0.037,0.036,34,76.52,ISO9001+ISO14001,1,0
153,APAC,4224.29,80.3,8,38.85,1,0.0,704,5.69,0.0,0.027,21,81.7,ISO9001,0,0
153,APAC,4224.29,80.3,8,34.77,1,0.0,662,4.55,0.028,0.019,13,56.73,ISO9001,0,0
153,APAC,4224.29,80.3,8,40.9,1,0.0,1314,4.72,0.046,0.023,26,64.84,ISO9001,0,0
153,APAC,4224.29,80.3,8,31.87,1,0.0,1057,4.54,0.013,0.033,33,83.35,ISO9001,0,0
153,APAC,4224.29,80.3,8,36.0,1,0.0,1038,4.86,0.047,0.015,10,62.87,None,1,0
153,APAC,4224.29,80.3,8,35.66,0,8.49,996,5.77,0.059,0.016,11,84.24,None,0,0
153,APAC,4224.29,80.3,8,36.57,1,0.0,1034,6.17,0.02,0.03,29,74.33,ISO9001+ISO14001,0,0
153,APAC,4224.29,80.3,8,40.71,1,0.0,1590,5.78,0.07,0.023,34,74.82,None,0,0
154,EMEA,2475.32,72.92,5,24.01,1,0.0,1526,5.78,0.033,0.013,24,89.58,None,0,0
154,EMEA,2475.32,72.92,5,21.69,1,0.0,721,6.15,0.043,0.025,14,60.83,None,0,0
154,EMEA,2475.32,72.92,5,23.58,1,0.0,1088,4.99,0.075,0.005,3,82.22,ISO9001,0,0
154,EMEA,2475.32,72.92,5,33.95,1,0.0,1031,5.53,0.0,0.012,7,77.27,ISO9001,0,0
154,EMEA,2475.32,72.92,5,35.1,1,0.0,1115,3.22,0.009,0.0,0,72.54,None,0,0
154,EMEA,2475.32,72.92,5,26.77,1,0.0,1149,7.23,0.021,0.009,14,100.0,ISO9001,1,0
154,EMEA,2475.32,72.92,5,29.01,1,0.0,1220,4.21,0.019,0.0,0,91.74,ISO9001,0,0
154,EMEA,2475.32,72.92,5,26.14,1,0.0,1046,4.88,0.059,0.026,27,55.22,ISO9001+ISO14001,1,0
154,EMEA,2475.32,72.92,5,24.89,0,5.27,1036,4.54,0.0,0.005,4,65.86,ISO9001+ISO14001,0,0
154,EMEA,2475.32,72.92,5,27.01,1,0.0,1044,5.88,0.029,0.0,0,87.41,ISO9001+ISO14001,0,0
154,EMEA,2475.32,72.92,5,27.55,1,0.0,922,5.44,0.072,0.023,19,86.12,ISO9001,1,0
154,EMEA,2475.32,72.92,5,33.49,1,0.0,1249,5.85,0.039,0.021,23,78.25,ISO9001,1,0
154,EMEA,2475.32,72.92,5,27.79,1,0.0,932,4.0,0.003,0.004,2,79.98,ISO9001+ISO14001,0,0
154,EMEA,2475.32,72.92,5,30.34,0,6.35,588,4.33,0.021,0.003,2,81.59,None,0,0
154,EMEA,2475.32,72.92,5,30.93,1,0.0,916,4.58,0.051,0.013,20,85.5,ISO9001,1,0
154,EMEA,2475.32,72.92,5,37.72,1,0.0,1158,4.67,0.0,0.018,22,93.86,ISO9001+ISO14001,1,0
154,EMEA,2475.32,72.92,5,28.48,1,0.0,1277,5.03,0.048,0.03,37,95.42,ISO9001,1,0
154,EMEA,2475.32,72.92,5,25.68,1,0.0,638,5.04,0.058,0.02,7,67.92,None,0,0
154,EMEA,2475.32,72.92,5,28.77,1,0.0,1165,5.4,0.05,0.017,21,73.76,ISO9001,1,0
154,EMEA,2475.32,72.92,5,27.63,1,0.0,771,5.26,0.02,0.003,3,77.71,None,0,0
154,EMEA,2475.32,72.92,5,30.0,0,6.67,1196,5.53,0.022,0.018,26,87.76,ISO9001,1,0
154,EMEA,2475.32,72.92,5,29.94,1,0.0,1236,5.59,0.026,0.0,0,76.41,ISO9001,1,0
154,EMEA,2475.32,72.92,5,26.88,1,0.0,715,5.87,0.028,0.022,13,88.99,ISO9001+ISO14001,1,0
154,EMEA,2475.32,72.92,5,32.57,1,0.0,841,4.84,0.032,0.005,7,95.11,None,0,0
154,EMEA,2475.32,72.92,5,30.6,1,0.0,1293,6.84,0.043,0.011,14,73.01,ISO9001,0,0
154,EMEA,2475.32,72.92,5,27.96,1,0.0,638,4.62,0.019,0.016,14,86.84,None,0,0
154,EMEA,2475.32,72.92,5,27.57,1,0.0,713,5.09,0.01,0.009,9,100.0,ISO9001+ISO14001,0,0
154,EMEA,2475.32,72.92,5,26.33,1,0.0,1129,4.59,0.039,0.019,19,80.27,ISO9001+ISO14001,1,0
154,EMEA,2475.32,72.92,5,26.62,1,0.0,916,5.83,0.072,0.005,3,75.85,ISO9001,0,0
154,EMEA,2475.32,72.92,5,26.96,1,0.0,1080,4.72,0.051,0.012,16,71.35,ISO9001,0,0
154,EMEA,2475.32,72.92,5,30.88,1,0.0,1263,4.32,0.019,0.0,0,77.81,ISO9001,1,0
154,EMEA,2475.32,72.92,5,30.52,1,0.0,1429,4.42,0.042,0.01,11,77.17,ISO9001,1,0
154,EMEA,2475.32,72.92,5,20.6,1,0.0,1348,4.16,0.033,0.018,24,92.02,None,0,0
154,EMEA,2475.32,72.92,5,29.24,1,0.0,1061,5.44,0.053,0.02,28,100.0,ISO9001,1,0
154,EMEA,2475.32,72.92,5,28.45,0,6.06,958,4.76,0.018,0.014,13,77.22,ISO9001,0,0
154,EMEA,2475.32,72.92,5,27.47,1,0.0,1114,4.76,0.003,0.014,20,76.87,ISO9001+ISO14001,0,0
154,EMEA,2475.32,72.92,5,23.39,1,0.0,768,4.72,0.0,0.0,1,76.94,None,0,0
154,EMEA,2475.32,72.92,5,32.71,1,0.0,885,5.07,0.043,0.004,5,59.11,ISO9001,1,0
154,EMEA,2475.32,72.92,5,26.54,1,0.0,1141,4.71,0.039,0.01,8,65.68,ISO9001,1,0
154,EMEA,2475.32,72.92,5,26.27,1,0.0,1503,6.02,0.035,0.016,27,100.0,ISO9001,1,0
154,EMEA,2475.32,72.92,5,28.25,1,0.0,873,5.16,0.064,0.004,1,54.99,ISO9001+ISO14001,1,0
154,EMEA,2475.32,72.92,5,26.28,1,0.0,477,3.46,0.036,0.013,7,69.38,ISO9001,1,0
154,EMEA,2475.32,72.92,5,29.91,0,1.0,716,5.49,0.04,0.005,2,76.29,ISO9001+ISO14001,1,0
154,EMEA,2475.32,72.92,5,25.23,1,0.0,621,4.77,0.018,0.018,11,71.27,ISO9001,1,0
154,EMEA,2475.32,72.92,5,24.63,1,0.0,941,4.22,0.001,0.018,24,64.62,ISO9001,1,0
154,EMEA,2475.32,72.92,5,25.34,1,0.0,900,4.75,0.028,0.0,0,73.72,ISO9001,1,0
154,EMEA,2475.32,72.92,5,28.35,1,0.0,1019,4.2,0.005,0.012,13,50.0,ISO9001,1,0
154,EMEA,2475.32,72.92,5,28.01,1,0.0,1058,4.85,0.034,0.009,13,73.85,ISO9001,1,0
154,EMEA,2475.32,72.92,5,32.93,1,0.0,1117,4.79,0.017,0.0,0,75.33,ISO9001,0,0
154,EMEA,2475.32,72.92,5,27.7,1,0.0,1059,5.14,0.028,0.021,23,91.4,ISO9001+ISO14001,1,0
154,EMEA,2475.32,72.92,5,34.23,1,0.0,977,4.99,0.008,0.015,16,85.61,ISO9001,1,0
154,EMEA,2475.32,72.92,5,20.92,1,0.0,820,5.1,0.052,0.009,11,86.91,ISO9001,1,0
154,EMEA,2475.32,72.92,5,30.61,1,0.0,1047,5.49,0.04,0.023,21,80.56,None,0,0
154,EMEA,2475.32,72.92,5,27.1,1,0.0,1243,4.67,0.034,0.001,2,73.03,None,1,0
154,EMEA,2475.32,72.92,5,24.0,1,0.0,767,5.39,0.026,0.003,3,85.28,ISO9001,0,0
154,EMEA,2475.32,72.92,5,30.17,1,0.0,978,4.84,0.019,0.014,15,78.02,ISO9001,1,0
154,EMEA,2475.32,72.92,5,29.03,1,0.0,996,4.32,0.045,0.0,0,90.31,ISO9001,1,0
155,APAC,4569.3,73.79,6,40.0,0,9.25,1647,5.71,0.037,0.032,53,82.03,ISO9001,1,0
155,APAC,4569.3,73.79,6,31.98,1,0.0,1032,5.76,0.063,0.004,3,72.14,ISO9001,0,0
155,APAC,4569.3,73.79,6,35.4,1,0.0,491,5.31,0.044,0.022,6,88.68,ISO9001,0,0
155,APAC,4569.3,73.79,6,35.36,1,0.0,1180,4.54,0.035,0.017,16,61.9,ISO9001+ISO14001,1,0
155,APAC,4569.3,73.79,6,39.0,0,7.49,886,5.37,0.001,0.024,21,76.81,None,0,0
155,APAC,4569.3,73.79,6,37.07,1,0.0,534,4.65,0.048,0.028,9,72.41,ISO9001,0,0
155,APAC,4569.3,73.79,6,36.51,1,0.0,878,5.18,0.083,0.021,16,87.85,ISO9001,1,0
155,APAC,4569.3,73.79,6,33.94,1,0.0,1193,5.71,0.034,0.023,31,58.68,None,1,0
155,APAC,4569.3,73.79,6,38.42,1,0.0,445,3.4,0.011,0.023,8,80.7,ISO9001,1,0
155,APAC,4569.3,73.79,6,39.91,1,0.0,1109,5.29,0.056,0.028,22,100.0,None,0,0
155,APAC,4569.3,73.79,6,36.58,1,0.0,1085,4.66,0.077,0.023,25,75.53,ISO9001+ISO14001,1,0
155,APAC,4569.3,73.79,6,37.8,1,0.0,970,3.71,0.038,0.015,14,75.46,ISO9001+ISO14001,1,0
155,APAC,4569.3,73.79,6,44.5,1,0.0,1191,5.34,0.077,0.015,25,66.42,ISO9001,1,0
155,APAC,4569.3,73.79,6,32.41,1,0.0,1584,5.3,0.053,0.009,10,63.62,ISO9001,0,0
155,APAC,4569.3,73.79,6,32.95,1,0.0,1266,4.83,0.042,0.008,12,88.04,None,0,0
155,APAC,4569.3,73.79,6,33.0,1,0.0,961,5.03,0.052,0.023,19,74.22,ISO9001+ISO14001,0,0
155,APAC,4569.3,73.79,6,41.17,1,0.0,1261,6.02,0.02,0.008,13,73.06,ISO9001,0,0
155,APAC,4569.3,73.79,6,37.64,1,0.0,1269,4.33,0.072,0.023,23,80.12,None,1,0
155,APAC,4569.3,73.79,6,31.97,1,0.0,1368,4.36,0.029,0.015,27,73.26,ISO9001,1,0
155,APAC,4569.3,73.79,6,35.11,1,0.0,1493,5.0,0.014,0.031,42,84.04,None,0,0
155,APAC,4569.3,73.79,6,37.08,1,0.0,981,6.14,0.016,0.015,11,70.39,None,0,0
155,APAC,4569.3,73.79,6,41.97,1,0.0,1309,4.7,0.045,0.015,20,89.93,None,0,0
155,APAC,4569.3,73.79,6,32.77,1,0.0,1132,4.74,0.018,0.04,38,74.94,None,0,0
155,APAC,4569.3,73.79,6,33.08,0,6.29,865,4.49,0.032,0.014,8,90.02,ISO9001,1,0
155,APAC,4569.3,73.79,6,35.69,1,0.0,1111,5.55,0.023,0.024,28,66.87,None,0,0
155,APAC,4569.3,73.79,6,44.64,1,0.0,834,4.52,0.017,0.031,27,64.91,ISO9001,1,0
155,APAC,4569.3,73.79,6,33.95,1,0.0,949,5.85,0.045,0.037,31,86.78,ISO9001+ISO14001,1,0
155,APAC,4569.3,73.79,6,32.05,1,0.0,546,4.54,0.038,0.021,10,81.47,ISO9001,0,0
155,APAC,4569.3,73.79,6,37.66,1,0.0,1066,6.08,0.025,0.031,32,81.4,ISO9001+ISO14001,0,0
155,APAC,4569.3,73.79,6,36.85,1,0.0,1018,4.73,0.0,0.004,7,78.25,None,0,0
155,APAC,4569.3,73.79,6,36.2,1,0.0,1512,4.8,0.058,0.026,40,84.73,ISO9001+ISO14001,1,0
155,APAC,4569.3,73.79,6,34.92,1,0.0,717,5.03,0.048,0.025,14,95.62,ISO9001,1,0
155,APAC,4569.3,73.79,6,32.77,1,0.0,1074,5.22,0.057,0.01,15,59.44,ISO9001,0,0
155,APAC,4569.3,73.79,6,34.6,0,5.69,579,5.03,0.03,0.008,2,68.27,ISO9001,0,0
155,APAC,4569.3,73.79,6,40.26,1,0.0,1193,5.87,0.017,0.008,5,76.89,None,0,0
155,APAC,4569.3,73.79,6,33.55,1,0.0,894,6.22,0.063,0.011,13,71.33,ISO9001,1,0
155,APAC,4569.3,73.79,6,30.06,0,4.53,481,5.87,0.041,0.02,14,96.11,None,0,0
155,APAC,4569.3,73.79,6,39.25,1,0.0,952,4.09,0.005,0.037,33,71.12,ISO9001,1,0
155,APAC,4569.3,73.79,6,37.57,1,0.0,1024,5.67,0.036,0.028,29,70.68,ISO9001,1,0
155,APAC,4569.3,73.79,6,34.54,1,0.0,1033,5.92,0.012,0.024,24,69.03,None,0,0
155,APAC,4569.3,73.79,6,29.83,1,0.0,1137,4.46,0.032,0.021,17,100.0,ISO9001,0,0
155,APAC,4569.3,73.79,6,34.17,1,0.0,854,4.78,0.033,0.016,15,78.55,ISO9001,1,0
156,EMEA,2503.41,68.76,4,24.16,1,0.0,1139,4.88,0.025,0.0,0,78.79,ISO9001+ISO14001,1,0
156,EMEA,2503.41,68.76,4,27.09,1,0.0,1149,4.05,0.007,0.017,25,72.99,None,1,0
156,EMEA,2503.41,68.76,4,31.93,1,0.0,1466,5.56,0.06,0.012,24,69.54,None,0,0
156,EMEA,2503.41,68.76,4,30.7,1,0.0,841,5.71,0.027,0.026,27,72.96,None,0,0
156,EMEA,2503.41,68.76,4,35.67,1,0.0,1058,4.7,0.033,0.012,7,85.65,None,0,0
156,EMEA,2503.41,68.76,4,31.59,1,0.0,1219,5.22,0.0,0.021,20,76.15,ISO9001,0,0
156,EMEA,2503.41,68.76,4,28.67,1,0.0,1189,4.7,0.002,0.011,9,81.76,None,0,0
156,EMEA,2503.41,68.76,4,29.17,1,0.0,459,4.42,0.031,0.022,8,87.55,None,0,0
156,EMEA,2503.41,68.76,4,32.76,1,0.0,935,3.91,0.048,0.025,23,78.77,ISO9001+ISO14001,1,0
156,EMEA,2503.41,68.76,4,28.73,1,0.0,1512,6.01,0.003,0.016,15,79.72,None,0,0
156,EMEA,2503.41,68.76,4,27.43,0,4.93,1599,4.73,0.011,0.017,28,68.07,ISO9001,1,0
156,EMEA,2503.41,68.76,4,27.97,1,0.0,1040,4.98,0.051,0.013,16,87.01,ISO9001,0,0
156,EMEA,2503.41,68.76,4,24.09,0,6.37,1000,4.37,0.049,0.02,21,82.25,ISO9001,0,0
156,EMEA,2503.41,68.76,4,27.67,1,0.0,1133,4.67,0.046,0.011,15,84.58,ISO9001+ISO14001,1,0
156,EMEA,2503.41,68.76,4,25.63,1,0.0,1334,4.75,0.042,0.002,2,74.15,ISO9001,1,0
156,EMEA,2503.41,68.76,4,28.73,1,0.0,612,5.46,0.048,0.022,10,81.92,ISO9001,1,0
156,EMEA,2503.41,68.76,4,25.47,1,0.0,1208,5.85,0.002,0.007,8,74.29,ISO9001,1,0
156,EMEA,2503.41,68.76,4,30.83,0,4.84,1036,4.38,0.009,0.014,14,83.54,ISO9001,0,0
156,EMEA,2503.41,68.76,4,29.72,1,0.0,935,4.66,0.03,0.017,13,70.76,None,0,0
156,EMEA,2503.41,68.76,4,24.21,1,0.0,715,5.3,0.006,0.001,1,90.59,ISO9001+ISO14001,0,0
156,EMEA,2503.41,68.76,4,30.03,1,0.0,1030,5.54,0.02,0.01,13,79.47,ISO9001,1,0
156,EMEA,2503.41,68.76,4,25.13,0,5.28,1245,4.55,0.03,0.001,2,84.34,ISO9001+ISO14001,0,0
156,EMEA,2503.41,68.76,4,30.05,1,0.0,590,5.18,0.049,0.0,0,75.29,ISO9001,0,0
156,EMEA,2503.41,68.76,4,23.84,1,0.0,415,5.15,0.006,0.011,3,81.77,None,0,0
156,EMEA,2503.41,68.76,4,21.19,0,1.98,770,4.35,0.064,0.02,13,69.28,None,0,0
156,EMEA,2503.41,68.76,4,27.03,1,0.0,820,5.26,0.029,0.0,0,79.53,ISO9001+ISO14001,0,0
156,EMEA,2503.41,68.76,4,26.28,1,0.0,815,4.21,0.033,0.007,6,81.27,ISO9001,0,0
156,EMEA,2503.41,68.76,4,27.68,1,0.0,763,4.9,0.018,0.008,4,87.92,ISO9001+ISO14001,1,0
156,EMEA,2503.41,68.76,4,25.56,1,0.0,784,5.1,0.028,0.016,9,69.48,ISO9001+ISO14001,1,0
156,EMEA,2503.41,68.76,4,26.98,1,0.0,1230,5.33,0.056,0.038,44,73.77,None,0,0
156,EMEA,2503.41,68.76,4,28.61,1,0.0,557,5.62,0.032,0.005,3,79.59,None,0,0
156,EMEA,2503.41,68.76,4,28.02,0,5.85,789,4.52,0.037,0.027,22,76.41,ISO9001,1,0
156,EMEA,2503.41,68.76,4,27.92,1,0.0,977,4.34,0.018,0.02,19,78.29,ISO9001+ISO14001,1,0
156,EMEA,2503.41,68.76,4,24.67,0,2.93,1576,5.54,0.029,0.015,23,88.6,ISO9001+ISO14001,1,0
156,EMEA,2503.41,68.76,4,25.2,1,0.0,1138,4.89,0.05,0.0,0,89.82,ISO9001,0,0
156,EMEA,2503.41,68.76,4,22.92,1,0.0,1320,4.95,0.0,0.013,25,76.73,ISO9001,0,0
156,EMEA,2503.41,68.76,4,24.99,1,0.0,601,5.41,0.056,0.0,0,83.0,None,1,0
156,EMEA,2503.41,68.76,4,29.21,1,0.0,902,5.58,0.057,0.017,15,84.85,ISO9001,0,0
156,EMEA,2503.41,68.76,4,33.0,1,0.0,857,5.45,0.051,0.009,8,71.64,None,0,0
156,EMEA,2503.41,68.76,4,30.81,1,0.0,1011,4.77,0.039,0.014,14,73.37,ISO9001,1,0
156,EMEA,2503.41,68.76,4,28.17,1,0.0,1076,4.47,0.017,0.005,4,72.53,ISO9001+ISO14001,0,0
156,EMEA,2503.41,68.76,4,26.57,1,0.0,1191,4.32,0.045,0.021,18,70.8,ISO9001,1,0
156,EMEA,2503.41,68.76,4,24.56,1,0.0,945,4.6,0.035,0.008,7,75.11,ISO9001,1,0
156,EMEA,2503.41,68.76,4,28.36,0,4.73,817,4.02,0.041,0.011,12,89.59,ISO9001,0,0
156,EMEA,2503.41,68.76,4,25.42,1,0.0,738,4.15,0.084,0.018,7,79.51,ISO9001,1,0
156,EMEA,2503.41,68.76,4,27.77,1,0.0,774,5.82,0.0,0.028,33,96.66,ISO9001,0,0
156,EMEA,2503.41,68.76,4,29.78,1,0.0,889,4.33,0.036,0.012,12,61.07,ISO9001,1,0
156,EMEA,2503.41,68.76,4,29.69,1,0.0,1027,4.92,0.037,0.019,25,60.99,ISO9001,1,0
156,EMEA,2503.41,68.76,4,27.04,1,0.0,876,3.28,0.049,0.0,0,79.5,ISO9001,1,0
156,EMEA,2503.41,68.76,4,24.98,1,0.0,1146,4.71,0.039,0.014,16,91.33,None,0,0
156,EMEA,2503.41,68.76,4,26.12,1,0.0,1086,4.92,0.009,0.021,24,82.04,ISO9001,1,0
156,EMEA,2503.41,68.76,4,30.05,1,0.0,796,4.48,0.029,0.0,0,90.77,ISO9001,1,0
156,EMEA,2503.41,68.76,4,28.05,1,0.0,981,4.54,0.031,0.041,49,92.22,ISO9001,1,0
156,EMEA,2503.41,68.76,4,27.4,1,0.0,924,6.38,0.022,0.011,17,85.29,ISO9001+ISO14001,0,0
156,EMEA,2503.41,68.76,4,32.66,0,5.04,632,5.16,0.049,0.0,0,83.13,ISO9001,0,0
157,EMEA,2258.2,36.7,11,26.67,1,0.0,872,5.45,0.026,0.023,22,95.09,ISO9001,1,0
157,EMEA,2258.2,36.7,11,28.47,0,5.47,491,6.29,0.037,0.025,4,75.17,ISO9001,0,1
157,EMEA,2258.2,36.7,11,25.48,1,0.0,1105,3.97,0.018,0.024,26,74.32,ISO9001,1,0
157,EMEA,2258.2,36.7,11,25.33,1,0.0,1359,4.13,0.025,0.028,38,64.06,None,0,0
157,EMEA,2258.2,36.7,11,29.58,0,9.27,1475,4.54,0.016,0.041,70,79.76,None,0,1
157,EMEA,2258.2,36.7,11,28.57,1,0.0,1104,5.26,0.072,0.038,47,83.98,ISO9001,0,0
157,EMEA,2258.2,36.7,11,25.18,1,0.0,765,5.76,0.083,0.01,3,79.34,None,0,0
157,EMEA,2258.2,36.7,11,25.71,1,0.0,1157,4.35,0.031,0.009,11,81.75,None,1,0
157,EMEA,2258.2,36.7,11,33.8,1,0.0,1099,4.25,0.053,0.026,30,85.25,ISO9001+ISO14001,1,0
157,EMEA,2258.2,36.7,11,25.97,1,0.0,1097,5.16,0.07,0.002,4,87.13,ISO9001,0,0
157,EMEA,2258.2,36.7,11,35.89,1,0.0,855,4.38,0.063,0.018,16,78.06,ISO9001,0,0
157,EMEA,2258.2,36.7,11,34.93,1,0.0,996,4.57,0.019,0.014,13,93.98,None,0,0
157,EMEA,2258.2,36.7,11,26.39,1,0.0,793,4.7,0.024,0.011,7,62.97,ISO9001+ISO14001,0,0
157,EMEA,2258.2,36.7,11,28.92,1,0.0,887,4.81,0.056,0.047,47,88.35,None,0,0
157,EMEA,2258.2,36.7,11,20.21,1,0.0,1286,4.67,0.024,0.037,48,64.8,None,0,0
157,EMEA,2258.2,36.7,11,28.22,1,0.0,1170,5.25,0.051,0.0,0,68.6,ISO9001+ISO14001,1,0
157,EMEA,2258.2,36.7,11,31.47,1,0.0,747,4.1,0.008,0.017,15,82.56,ISO9001,0,0
157,EMEA,2258.2,36.7,11,26.29,1,0.0,810,4.85,0.014,0.017,15,85.75,ISO9001+ISO14001,0,0
157,EMEA,2258.2,36.7,11,28.81,1,0.0,1216,5.48,0.02,0.021,20,58.1,ISO9001,1,0
157,EMEA,2258.2,36.7,11,30.66,1,0.0,1003,4.82,0.048,0.031,44,71.49,ISO9001,1,0
157,EMEA,2258.2,36.7,11,25.57,1,0.0,1161,5.49,0.038,0.006,5,66.66,ISO9001,1,0
157,EMEA,2258.2,36.7,11,31.5,1,0.0,1107,4.99,0.058,0.015,18,68.13,None,1,0
157,EMEA,2258.2,36.7,11,29.61,0,3.84,760,4.77,0.049,0.035,17,70.58,ISO9001,1,1
157,EMEA,2258.2,36.7,11,27.36,1,0.0,1318,5.35,0.027,0.019,33,82.81,None,0,0
157,EMEA,2258.2,36.7,11,26.75,1,0.0,1304,4.68,0.025,0.038,44,90.34,None,0,0
157,EMEA,2258.2,36.7,11,30.98,1,0.0,1012,5.09,0.046,0.006,4,73.5,ISO9001,0,0
157,EMEA,2258.2,36.7,11,26.01,1,0.0,1064,5.18,0.025,0.032,34,64.51,ISO9001,0,0
157,EMEA,2258.2,36.7,11,29.56,1,0.0,1012,4.88,0.058,0.034,28,78.19,ISO9001,0,0
157,EMEA,2258.2,36.7,11,22.68,1,0.0,1161,5.4,0.046,0.026,26,85.58,None,0,0
157,EMEA,2258.2,36.7,11,31.03,0,5.6,1194,6.27,0.04,0.016,16,79.97,ISO9001,1,1
157,EMEA,2258.2,36.7,11,28.02,1,0.0,788,5.26,0.041,0.033,21,80.53,None,0,0
157,EMEA,2258.2,36.7,11,24.32,1,0.0,1435,5.31,0.031,0.0,0,74.7,ISO9001,1,0
157,EMEA,2258.2,36.7,11,25.62,1,0.0,1238,5.14,0.067,0.014,17,88.9,ISO9001,1,0
157,EMEA,2258.2,36.7,11,26.15,1,0.0,1248,5.49,0.032,0.018,12,63.14,ISO9001+ISO14001,0,0
157,EMEA,2258.2,36.7,11,29.79,1,0.0,885,4.67,0.067,0.034,39,85.06,ISO9001,0,0
157,EMEA,2258.2,36.7,11,24.79,1,0.0,1125,5.54,0.025,0.012,11,79.76,ISO9001,1,0
157,EMEA,2258.2,36.7,11,27.66,1,0.0,967,5.5,0.046,0.027,29,72.52,ISO9001+ISO14001,1,0
157,EMEA,2258.2,36.7,11,27.39,1,0.0,1046,5.19,0.034,0.023,17,76.9,ISO9001,0,0
157,EMEA,2258.2,36.7,11,25.71,1,0.0,1076,4.08,0.022,0.02,17,87.0,ISO9001+ISO14001,1,0
157,EMEA,2258.2,36.7,11,27.48,0,2.79,951,4.51,0.038,0.035,38,84.39,ISO9001+ISO14001,0,1
157,EMEA,2258.2,36.7,11,30.1,1,0.0,963,4.43,0.048,0.026,23,72.24,ISO9001,1,0
157,EMEA,2258.2,36.7,11,27.09,1,0.0,964,4.82,0.06,0.015,19,77.21,ISO9001,0,0
157,EMEA,2258.2,36.7,11,26.46,1,0.0,843,5.19,0.039,0.035,23,80.66,ISO9001,1,0
157,EMEA,2258.2,36.7,11,26.23,1,0.0,836,4.25,0.042,0.01,6,83.46,ISO9001,1,0
157,EMEA,2258.2,36.7,11,27.32,1,0.0,1012,3.91,0.068,0.0,0,71.02,None,0,0
157,EMEA,2258.2,36.7,11,24.7,1,0.0,842,4.97,0.055,0.011,14,86.83,ISO9001,1,0
157,EMEA,2258.2,36.7,11,27.63,1,0.0,1359,4.62,0.031,0.03,38,72.09,None,0,0
157,EMEA,2258.2,36.7,11,30.85,1,0.0,918,6.27,0.063,0.002,2,79.99,ISO9001,1,0
157,EMEA,2258.2,36.7,11,31.72,1,0.0,496,4.5,0.055,0.035,19,74.07,ISO9001,1,0
157,EMEA,2258.2,36.7,11,32.39,0,6.12,639,4.1,0.057,0.013,8,90.24,None,0,1
157,EMEA,2258.2,36.7,11,29.66,1,0.0,1103,6.21,0.054,0.007,10,75.24,None,0,0
157,EMEA,2258.2,36.7,11,30.93,1,0.0,1015,4.64,0.067,0.019,24,73.13,None,0,0
157,EMEA,2258.2,36.7,11,24.4,1,0.0,968,5.88,0.047,0.016,18,70.53,ISO9001,1,0
157,EMEA,2258.2,36.7,11,29.84,0,4.5,1361,4.24,0.043,0.0,0,71.62,None,0,1
157,EMEA,2258.2,36.7,11,30.06,1,0.0,834,4.55,0.014,0.016,11,78.36,ISO9001+ISO14001,1,0
157,EMEA,2258.2,36.7,11,22.58,1,0.0,1197,4.82,0.058,0.021,31,71.92,ISO9001+ISO14001,1,0
157,EMEA,2258.2,36.7,11,20.95,1,0.0,835,5.45,0.041,0.026,24,66.87,ISO9001,1,0
157,EMEA,2258.2,36.7,11,28.7,1,0.0,1093,5.82,0.079,0.001,0,72.15,None,0,0
158,EMEA,1870.3,64.18,7,29.53,1,0.0,1221,5.13,0.019,0.02,20,82.06,ISO9001,1,0
158,EMEA,1870.3,64.18,7,32.06,1,0.0,1110,5.74,0.0,0.019,23,86.12,ISO9001,1,0
158,EMEA,1870.3,64.18,7,21.42,1,0.0,1108,5.92,0.031,0.019,18,83.98,ISO9001,1,0
158,EMEA,1870.3,64.18,7,26.38,1,0.0,1070,5.35,0.008,0.012,11,77.73,None,0,0
158,EMEA,1870.3,64.18,7,20.69,1,0.0,844,4.49,0.04,0.023,15,81.83,ISO9001,1,0
158,EMEA,1870.3,64.18,7,27.34,1,0.0,735,5.05,0.02,0.018,17,79.15,None,0,0
158,EMEA,1870.3,64.18,7,30.99,1,0.0,747,5.42,0.029,0.015,10,79.49,ISO9001,1,0
158,EMEA,1870.3,64.18,7,22.58,1,0.0,1360,5.23,0.07,0.0,0,80.72,ISO9001,1,0
158,EMEA,1870.3,64.18,7,20.7,1,0.0,606,4.27,0.02,0.0,0,77.11,ISO9001,1,0
158,EMEA,1870.3,64.18,7,21.19,1,0.0,915,5.28,0.033,0.014,17,67.75,ISO9001+ISO14001,0,0
158,EMEA,1870.3,64.18,7,29.25,0,3.99,1070,5.3,0.04,0.004,7,100.0,None,0,0
158,EMEA,1870.3,64.18,7,23.6,1,0.0,873,4.48,0.016,0.02,18,75.65,ISO9001+ISO14001,1,0
158,EMEA,1870.3,64.18,7,25.52,1,0.0,1011,4.9,0.012,0.007,2,62.44,ISO9001,0,0
158,EMEA,1870.3,64.18,7,24.64,1,0.0,1051,5.35,0.029,0.022,21,67.47,ISO9001,1,0
158,EMEA,1870.3,64.18,7,26.29,1,0.0,1295,5.63,0.007,0.016,23,85.3,None,0,0
158,EMEA,1870.3,64.18,7,26.38,1,0.0,1427,5.6,0.003,0.028,49,100.0,None,0,0
158,EMEA,1870.3,64.18,7,24.23,1,0.0,1140,4.77,0.007,0.009,12,74.82,ISO9001+ISO14001,1,0
158,EMEA,1870.3,64.18,7,29.89,1,0.0,1163,4.66,0.01,0.002,1,73.52,ISO9001+ISO14001,1,0
158,EMEA,1870.3,64.18,7,31.27,1,0.0,948,4.71,0.008,0.015,14,80.17,ISO9001+ISO14001,1,0
158,EMEA,1870.3,64.18,7,23.33,1,0.0,843,5.98,0.0,0.018,14,67.65,ISO9001+ISO14001,1,0
158,EMEA,1870.3,64.18,7,25.32,1,0.0,1159,4.39,0.054,0.026,34,81.47,ISO9001+ISO14001,0,0
158,EMEA,1870.3,64.18,7,18.66,1,0.0,1164,5.09,0.039,0.018,17,90.42,ISO9001,1,0
158,EMEA,1870.3,64.18,7,23.36,1,0.0,741,4.38,0.056,0.015,16,81.35,ISO9001,1,0
158,EMEA,1870.3,64.18,7,25.09,0,3.17,1221,4.65,0.0,0.005,5,78.86,ISO9001+ISO14001,1,0
158,EMEA,1870.3,64.18,7,26.27,0,9.69,1000,4.37,0.034,0.024,14,88.62,None,0,0
158,EMEA,1870.3,64.18,7,21.8,1,0.0,1137,4.86,0.054,0.034,43,77.25,ISO9001,1,0
158,EMEA,1870.3,64.18,7,24.98,1,0.0,1005,4.43,0.025,0.01,13,76.81,ISO9001,1,0
158,EMEA,1870.3,64.18,7,23.41,1,0.0,974,4.07,0.04,0.003,3,72.54,ISO9001,1,0
158,EMEA,1870.3,64.18,7,23.05,1,0.0,986,4.41,0.049,0.024,15,67.86,ISO9001,0,0
158,EMEA,1870.3,64.18,7,28.43,0,7.6,292,4.45,0.026,0.002,2,77.51,ISO9001,0,0
158,EMEA,1870.3,64.18,7,25.34,1,0.0,1275,4.66,0.039,0.002,4,91.04,ISO9001+ISO14001,1,0
158,EMEA,1870.3,64.18,7,22.48,1,0.0,1380,5.45,0.059,0.0,0,57.33,ISO9001,1,0
158,EMEA,1870.3,64.18,7,23.09,1,0.0,1125,5.03,0.061,0.009,10,77.55,ISO9001,0,0
158,EMEA,1870.3,64.18,7,27.31,1,0.0,821,5.21,0.061,0.023,14,80.24,ISO9001,1,0
158,EMEA,1870.3,64.18,7,25.52,1,0.0,1043,5.28,0.061,0.006,7,74.3,None,0,0
158,EMEA,1870.3,64.18,7,23.53,1,0.0,851,4.61,0.03,0.03,24,78.35,ISO9001,1,0
158,EMEA,1870.3,64.18,7,27.13,1,0.0,1103,4.95,0.023,0.005,9,95.52,ISO9001+ISO14001,1,0
158,EMEA,1870.3,64.18,7,28.64,1,0.0,1417,6.19,0.05,0.023,33,81.64,ISO9001,0,0
158,EMEA,1870.3,64.18,7,22.68,1,0.0,1520,4.62,0.047,0.0,0,81.68,ISO9001,1,0
158,EMEA,1870.3,64.18,7,23.02,1,0.0,1356,4.83,0.047,0.028,31,91.21,None,0,0
159,APAC,3345.04,78.2,12,33.62,0,5.68,441,4.13,0.012,0.017,5,61.97,ISO9001,0,0
159,APAC,3345.04,78.2,12,34.65,1,0.0,583,3.95,0.002,0.018,10,84.67,ISO9001,1,0
159,APAC,3345.04,78.2,12,29.48,1,0.0,937,5.39,0.065,0.029,27,72.47,ISO9001,0,0
159,APAC,3345.04,78.2,12,32.39,1,0.0,1241,4.85,0.024,0.014,23,57.26,ISO9001,1,0
159,APAC,3345.04,78.2,12,29.61,1,0.0,1084,4.47,0.046,0.0,0,76.5,ISO9001,0,0
159,APAC,3345.04,78.2,12,26.14,1,0.0,826,4.57,0.036,0.0,0,63.38,ISO9001+ISO14001,0,0
159,APAC,3345.04,78.2,12,35.03,1,0.0,404,4.29,0.038,0.037,15,71.58,ISO9001,0,0
159,APAC,3345.04,78.2,12,33.78,1,0.0,896,4.59,0.047,0.0,0,84.81,ISO9001,1,0
159,APAC,3345.04,78.2,12,31.06,1,0.0,1304,4.82,0.006,0.012,20,69.8,ISO9001,0,0
159,APAC,3345.04,78.2,12,34.61,0,5.78,905,4.27,0.057,0.0,0,87.98,None,0,0
159,APAC,3345.04,78.2,12,38.16,1,0.0,1370,4.13,0.005,0.021,32,95.83,ISO9001+ISO14001,1,0
159,APAC,3345.04,78.2,12,29.75,1,0.0,1116,5.71,0.055,0.008,6,71.28,ISO9001,1,0
159,APAC,3345.04,78.2,12,33.67,1,0.0,1377,5.01,0.008,0.022,31,79.54,ISO9001+ISO14001,1,0
159,APAC,3345.04,78.2,12,34.79,1,0.0,1262,4.75,0.047,0.012,14,65.14,ISO9001,1,0
159,APAC,3345.04,78.2,12,29.28,0,5.7,833,5.31,0.034,0.018,13,62.52,ISO9001,0,0
159,APAC,3345.04,78.2,12,30.58,0,8.39,1243,4.47,0.033,0.016,15,83.49,None,0,0
159,APAC,3345.04,78.2,12,39.35,1,0.0,1118,4.47,0.019,0.011,10,68.45,None,0,0
159,APAC,3345.04,78.2,12,28.93,1,0.0,769,4.77,0.0,0.018,14,70.66,None,0,0
159,APAC,3345.04,78.2,12,29.83,1,0.0,1094,4.74,0.016,0.012,9,83.0,ISO9001+ISO14001,0,0
159,APAC,3345.04,78.2,12,32.0,1,0.0,1068,4.0,0.024,0.017,22,72.67,ISO9001+ISO14001,0,0
159,APAC,3345.04,78.2,12,31.37,1,0.0,1100,5.48,0.047,0.005,6,69.82,ISO9001,1,0
159,APAC,3345.04,78.2,12,26.19,1,0.0,799,5.3,0.035,0.0,0,98.88,ISO9001,0,0
159,APAC,3345.04,78.2,12,30.79,1,0.0,1026,5.5,0.032,0.005,5,58.18,ISO9001+ISO14001,0,0
159,APAC,3345.04,78.2,12,31.74,1,0.0,1118,5.05,0.05,0.018,23,95.43,None,0,0
159,APAC,3345.04,78.2,12,31.93,0,7.09,1079,4.4,0.022,0.019,28,81.55,ISO9001,1,0
159,APAC,3345.04,78.2,12,29.47,1,0.0,936,4.25,0.0,0.01,6,78.39,ISO9001+ISO14001,1,0
159,APAC,3345.04,78.2,12,30.76,1,0.0,1196,5.3,0.0,0.015,24,86.72,ISO9001,0,0
160,APAC,4338.43,84.82,6,32.59,1,0.0,1079,6.23,0.037,0.02,21,76.69,ISO9001,0,0
160,APAC,4338.43,84.82,6,35.57,1,0.0,1320,4.97,0.046,0.024,33,84.98,ISO9001,0,0
160,APAC,4338.43,84.82,6,33.74,0,12.06,427,5.04,0.057,0.0,0,84.04,ISO9001+ISO14001,1,0
160,APAC,4338.43,84.82,6,35.48,0,7.01,992,3.95,0.057,0.018,17,73.9,None,0,0
160,APAC,4338.43,84.82,6,31.67,1,0.0,922,4.21,0.023,0.006,4,72.33,None,0,0
160,APAC,4338.43,84.82,6,34.07,1,0.0,1006,5.83,0.022,0.018,13,66.1,ISO9001,1,0
160,APAC,4338.43,84.82,6,34.33,0,8.11,506,4.66,0.052,0.016,7,75.8,ISO9001,1,0
160,APAC,4338.43,84.82,6,33.37,1,0.0,1019,5.84,0.03,0.005,3,75.83,ISO9001,1,0
160,APAC,4338.43,84.82,6,32.85,1,0.0,973,5.23,0.052,0.018,19,68.19,ISO9001,1,0
160,APAC,4338.43,84.82,6,37.55,1,0.0,643,3.94,0.031,0.0,0,79.64,ISO9001,1,0
160,APAC,4338.43,84.82,6,34.73,1,0.0,853,5.17,0.007,0.026,20,91.25,ISO9001,1,0
160,APAC,4338.43,84.82,6,26.74,1,0.0,507,4.61,0.077,0.0,0,88.98,ISO9001,1,0
160,APAC,4338.43,84.82,6,37.23,1,0.0,821,5.69,0.049,0.001,1,79.8,ISO9001,1,0
160,APAC,4338.43,84.82,6,39.59,1,0.0,1373,4.78,0.047,0.006,5,72.94,ISO9001,0,0
160,APAC,4338.43,84.82,6,32.45,1,0.0,909,4.41,0.05,0.0,0,68.16,ISO9001,0,0
160,APAC,4338.43,84.82,6,37.39,1,0.0,1071,5.12,0.028,0.013,15,65.02,None,0,0
160,APAC,4338.43,84.82,6,38.53,1,0.0,839,3.91,0.027,0.026,15,100.0,None,0,0
160,APAC,4338.43,84.82,6,33.98,1,0.0,100,5.67,0.049,0.012,1,64.41,ISO9001,1,0
160,APAC,4338.43,84.82,6,29.76,1,0.0,1054,4.34,0.069,0.019,23,85.17,None,0,0
160,APAC,4338.43,84.82,6,32.32,1,0.0,1277,5.34,0.014,0.01,17,77.34,None,0,0
160,APAC,4338.43,84.82,6,37.96,0,5.02,1113,5.63,0.046,0.02,18,92.58,ISO9001,1,0
161,EMEA,2191.56,56.86,10,21.37,1,0.0,1028,4.52,0.044,0.021,23,75.47,ISO9001,0,0
161,EMEA,2191.56,56.86,10,21.48,1,0.0,1061,4.99,0.003,0.004,3,73.68,None,0,0
161,EMEA,2191.56,56.86,10,23.33,1,0.0,533,4.38,0.031,0.018,13,78.78,ISO9001,0,0
161,EMEA,2191.56,56.86,10,29.92,0,1.61,895,4.23,0.008,0.024,24,83.37,ISO9001+ISO14001,1,0
161,EMEA,2191.56,56.86,10,30.98,1,0.0,720,4.11,0.028,0.037,25,77.53,None,0,0
161,EMEA,2191.56,56.86,10,25.39,1,0.0,1113,5.39,0.03,0.035,32,73.5,ISO9001+ISO14001,1,0
161,EMEA,2191.56,56.86,10,27.98,1,0.0,973,5.37,0.018,0.013,21,72.86,None,0,0
161,EMEA,2191.56,56.86,10,26.67,1,0.0,1002,4.07,0.033,0.0,0,61.68,None,0,0
161,EMEA,2191.56,56.86,10,29.69,1,0.0,609,5.22,0.022,0.001,0,67.25,ISO9001,1,0
161,EMEA,2191.56,56.86,10,31.54,1,0.0,1102,4.63,0.049,0.018,18,89.63,ISO9001,1,0
161,EMEA,2191.56,56.86,10,25.78,1,0.0,1066,5.14,0.063,0.004,4,68.85,None,0,0
161,EMEA,2191.56,56.86,10,23.76,1,0.0,876,5.31,0.051,0.009,12,76.21,ISO9001+ISO14001,1,0
161,EMEA,2191.56,56.86,10,27.27,1,0.0,784,4.18,0.043,0.021,17,70.95,ISO9001,1,0
161,EMEA,2191.56,56.86,10,25.71,0,5.07,586,4.89,0.058,0.01,4,51.56,ISO9001,1,1
161,EMEA,2191.56,56.86,10,28.71,1,0.0,615,5.51,0.063,0.023,13,82.77,ISO9001+ISO14001,0,0
161,EMEA,2191.56,56.86,10,28.57,1,0.0,1112,5.19,0.026,0.012,13,74.03,ISO9001+ISO14001,1,0
161,EMEA,2191.56,56.86,10,29.71,1,0.0,962,5.23,0.037,0.01,7,87.64,ISO9001,1,0
161,EMEA,2191.56,56.86,10,34.55,1,0.0,730,4.11,0.044,0.013,8,82.9,None,1,0
161,EMEA,2191.56,56.86,10,29.47,1,0.0,1108,5.1,0.035,0.029,31,97.84,ISO9001,0,0
161,EMEA,2191.56,56.86,10,34.81,0,7.29,733,5.5,0.023,0.004,6,80.02,None,0,0
161,EMEA,2191.56,56.86,10,25.5,1,0.0,1086,3.83,0.033,0.0,0,87.58,ISO9001,1,0
161,EMEA,2191.56,56.86,10,28.14,1,0.0,643,4.62,0.024,0.023,19,82.45,None,1,0
161,EMEA,2191.56,56.86,10,23.47,1,0.0,1282,4.07,0.013,0.023,29,87.56,ISO9001,0,0
161,EMEA,2191.56,56.86,10,24.38,1,0.0,894,4.04,0.043,0.019,24,82.71,None,0,0
161,EMEA,2191.56,56.86,10,30.53,1,0.0,976,6.23,0.026,0.008,9,66.26,ISO9001+ISO14001,0,0
161,EMEA,2191.56,56.86,10,26.08,1,0.0,1142,4.99,0.04,0.026,24,74.81,ISO9001,0,0
161,EMEA,2191.56,56.86,10,24.73,1,0.0,1449,5.33,0.029,0.026,36,74.64,ISO9001,1,0
161,EMEA,2191.56,56.86,10,27.38,1,0.0,703,5.44,0.048,0.013,10,66.49,ISO9001,1,0
161,EMEA,2191.56,56.86,10,25.96,0,7.99,1435,4.78,0.013,0.023,33,73.72,ISO9001,1,0
161,EMEA,2191.56,56.86,10,23.72,1,0.0,1200,4.84,0.02,0.027,31,73.76,ISO9001,1,0
161,EMEA,2191.56,56.86,10,27.2,1,0.0,1493,4.27,0.015,0.016,29,83.03,ISO9001,0,0
161,EMEA,2191.56,56.86,10,29.18,0,4.62,1308,4.3,0.061,0.018,40,81.02,ISO9001,0,0
161,EMEA,2191.56,56.86,10,24.31,1,0.0,749,4.59,0.033,0.043,35,70.24,None,0,0
161,EMEA,2191.56,56.86,10,25.78,1,0.0,1139,5.26,0.05,0.013,11,75.86,None,0,0
161,EMEA,2191.56,56.86,10,25.9,1,0.0,752,5.13,0.04,0.005,4,81.76,ISO9001,0,0
161,EMEA,2191.56,56.86,10,25.53,1,0.0,990,5.6,0.073,0.009,12,61.99,ISO9001,1,0
161,EMEA,2191.56,56.86,10,26.98,0,4.83,1247,4.65,0.048,0.024,45,72.18,ISO9001+ISO14001,1,0
161,EMEA,2191.56,56.86,10,27.3,1,0.0,1175,5.63,0.036,0.022,22,81.28,None,0,0
161,EMEA,2191.56,56.86,10,30.23,1,0.0,881,4.74,0.059,0.031,28,68.15,ISO9001,1,0
161,EMEA,2191.56,56.86,10,30.62,1,0.0,1206,4.54,0.045,0.0,0,51.33,ISO9001,1,0
162,EMEA,2948.11,82.61,7,29.01,1,0.0,1078,4.13,0.025,0.004,4,78.6,None,0,0
162,EMEA,2948.11,82.61,7,28.89,1,0.0,1417,4.85,0.057,0.034,53,61.93,ISO9001,0,0
162,EMEA,2948.11,82.61,7,28.16,1,0.0,1034,4.66,0.045,0.015,9,78.94,ISO9001+ISO14001,1,0
162,EMEA,2948.11,82.61,7,29.68,1,0.0,884,5.44,0.054,0.027,22,88.04,ISO9001,0,0
162,EMEA,2948.11,82.61,7,30.4,1,0.0,940,4.68,0.035,0.0,0,76.36,ISO9001,0,0
162,EMEA,2948.11,82.61,7,25.55,1,0.0,710,2.96,0.045,0.016,8,83.11,ISO9001+ISO14001,1,0
162,EMEA,2948.11,82.61,7,32.36,1,0.0,1136,5.16,0.058,0.026,27,92.21,None,0,0
162,EMEA,2948.11,82.61,7,26.32,1,0.0,1052,4.76,0.034,0.016,13,74.77,ISO9001,1,0
162,EMEA,2948.11,82.61,7,30.53,1,0.0,1024,4.23,0.055,0.009,5,70.69,ISO9001,0,0
162,EMEA,2948.11,82.61,7,26.06,0,4.64,931,4.56,0.018,0.0,0,81.6,ISO9001+ISO14001,1,0
162,EMEA,2948.11,82.61,7,29.92,0,8.11,1047,4.63,0.066,0.021,21,80.31,ISO9001,1,0
162,EMEA,2948.11,82.61,7,31.83,1,0.0,1116,5.29,0.042,0.005,6,68.16,None,0,0
162,EMEA,2948.11,82.61,7,22.9,1,0.0,852,4.46,0.034,0.013,9,80.59,None,0,0
162,EMEA,2948.11,82.61,7,29.98,1,0.0,1228,5.02,0.024,0.027,35,62.9,ISO9001,1,0
162,EMEA,2948.11,82.61,7,36.03,1,0.0,1438,5.21,0.022,0.008,6,70.33,ISO9001+ISO14001,1,0
162,EMEA,2948.11,82.61,7,32.57,1,0.0,783,4.44,0.012,0.022,15,82.64,ISO9001,1,0
162,EMEA,2948.11,82.61,7,32.71,1,0.0,1001,4.32,0.02,0.019,23,88.17,ISO9001,0,0
162,EMEA,2948.11,82.61,7,30.18,1,0.0,993,5.23,0.044,0.016,13,88.24,ISO9001,1,0
162,EMEA,2948.11,82.61,7,28.38,1,0.0,1177,4.97,0.051,0.014,16,80.61,None,0,0
162,EMEA,2948.11,82.61,7,29.09,1,0.0,1140,5.08,0.03,0.013,17,75.43,None,0,0
162,EMEA,2948.11,82.61,7,28.99,0,2.3,976,6.07,0.031,0.0,0,89.19,None,0,0
162,EMEA,2948.11,82.61,7,33.47,1,0.0,1627,5.98,0.029,0.015,38,78.22,ISO9001,0,0
162,EMEA,2948.11,82.61,7,28.55,1,0.0,534,4.86,0.056,0.02,11,78.79,ISO9001+ISO14001,1,0
163,APAC,3936.16,90.01,4,32.35,1,0.0,1057,4.45,0.028,0.043,46,69.32,ISO9001+ISO14001,0,0
163,APAC,3936.16,90.01,4,33.64,1,0.0,1204,4.85,0.027,0.006,6,85.39,None,0,0
163,APAC,3936.16,90.01,4,31.37,1,0.0,1165,3.87,0.055,0.007,4,75.48,ISO9001,0,0
163,APAC,3936.16,90.01,4,36.33,1,0.0,1140,5.41,0.046,0.025,27,87.5,ISO9001+ISO14001,0,0
163,APAC,3936.16,90.01,4,30.3,0,5.65,1113,5.21,0.048,0.016,18,67.07,None,0,0
163,APAC,3936.16,90.01,4,32.83,1,0.0,1367,5.33,0.027,0.022,32,76.96,ISO9001,1,0
163,APAC,3936.16,90.01,4,34.11,1,0.0,1086,4.47,0.043,0.009,10,70.0,None,0,0
163,APAC,3936.16,90.01,4,29.0,1,0.0,1166,5.15,0.007,0.009,13,71.7,ISO9001,1,0
163,APAC,3936.16,90.01,4,29.56,1,0.0,986,5.99,0.018,0.022,13,68.63,ISO9001+ISO14001,1,0
163,APAC,3936.16,90.01,4,36.56,1,0.0,1103,4.24,0.057,0.017,27,72.76,None,0,0
163,APAC,3936.16,90.01,4,42.23,1,0.0,1058,6.22,0.016,0.012,11,82.41,ISO9001,1,0
163,APAC,3936.16,90.01,4,32.3,1,0.0,1198,4.23,0.02,0.02,19,75.86,ISO9001,0,0
163,APAC,3936.16,90.01,4,37.8,1,0.0,872,4.8,0.007,0.012,9,75.42,ISO9001+ISO14001,1,0
163,APAC,3936.16,90.01,4,32.17,1,0.0,1127,5.93,0.0,0.013,22,83.68,ISO9001+ISO14001,1,0
163,APAC,3936.16,90.01,4,34.73,1,0.0,1599,5.12,0.054,0.038,68,71.46,None,0,0
163,APAC,3936.16,90.01,4,39.01,1,0.0,661,5.3,0.022,0.027,26,79.53,ISO9001,1,0
163,APAC,3936.16,90.01,4,34.26,1,0.0,1289,4.96,0.03,0.023,25,79.92,ISO9001+ISO14001,1,0
163,APAC,3936.16,90.01,4,34.91,1,0.0,660,5.41,0.0,0.044,36,69.77,ISO9001,1,0
163,APAC,3936.16,90.01,4,27.43,1,0.0,741,5.09,0.044,0.028,20,84.07,ISO9001,0,0
163,APAC,3936.16,90.01,4,32.13,1,0.0,1051,5.75,0.016,0.017,17,70.66,None,0,0
163,APAC,3936.16,90.01,4,37.3,0,5.37,1106,5.42,0.016,0.028,43,69.86,ISO9001,0,0
163,APAC,3936.16,90.01,4,28.9,1,0.0,1181,5.13,0.011,0.021,20,73.65,ISO9001,1,0
163,APAC,3936.16,90.01,4,31.94,1,0.0,696,5.59,0.054,0.004,3,81.88,ISO9001+ISO14001,1,0
163,APAC,3936.16,90.01,4,29.49,1,0.0,910,5.04,0.041,0.025,34,73.79,ISO9001,1,0
163,APAC,3936.16,90.01,4,41.6,1,0.0,864,4.73,0.036,0.022,17,67.71,ISO9001,1,0
163,APAC,3936.16,90.01,4,39.3,1,0.0,644,4.46,0.04,0.007,6,62.82,None,0,0
163,APAC,3936.16,90.01,4,33.41,1,0.0,1287,5.08,0.087,0.027,39,85.64,ISO9001,1,0
163,APAC,3936.16,90.01,4,32.68,1,0.0,1182,4.26,0.037,0.036,40,82.95,ISO9001,1,0
163,APAC,3936.16,90.01,4,34.43,1,0.0,831,5.15,0.023,0.01,6,100.0,None,0,0
163,APAC,3936.16,90.01,4,29.74,1,0.0,688,4.9,0.042,0.016,12,81.72,ISO9001+ISO14001,1,0
163,APAC,3936.16,90.01,4,31.41,1,0.0,1053,4.23,0.0,0.011,13,73.41,ISO9001,1,0
163,APAC,3936.16,90.01,4,30.84,1,0.0,1512,5.46,0.051,0.023,34,71.2,ISO9001+ISO14001,1,0
163,APAC,3936.16,90.01,4,35.89,1,0.0,1207,6.0,0.049,0.011,13,70.06,ISO9001,0,0
163,APAC,3936.16,90.01,4,32.11,1,0.0,778,4.24,0.072,0.001,0,72.75,ISO9001,1,0
163,APAC,3936.16,90.01,4,35.15,1,0.0,903,5.07,0.042,0.005,7,74.39,ISO9001,0,0
163,APAC,3936.16,90.01,4,37.84,1,0.0,802,5.25,0.0,0.022,19,79.24,ISO9001,0,0
163,APAC,3936.16,90.01,4,32.52,0,7.72,1256,5.31,0.051,0.033,36,100.0,ISO9001+ISO14001,1,0
163,APAC,3936.16,90.01,4,40.91,1,0.0,1393,4.25,0.07,0.009,12,64.29,ISO9001+ISO14001,1,0
163,APAC,3936.16,90.01,4,36.56,1,0.0,347,4.83,0.041,0.015,4,76.17,ISO9001,0,0
163,APAC,3936.16,90.01,4,32.59,1,0.0,831,5.82,0.062,0.008,4,84.1,ISO9001+ISO14001,1,0
163,APAC,3936.16,90.01,4,33.09,1,0.0,1126,4.89,0.0,0.028,30,73.23,ISO9001,1,0
163,APAC,3936.16,90.01,4,30.13,1,0.0,699,5.72,0.028,0.006,4,72.25,ISO9001,0,0
163,APAC,3936.16,90.01,4,36.88,1,0.0,812,5.31,0.027,0.024,13,79.07,None,0,0
163,APAC,3936.16,90.01,4,35.3,1,0.0,1045,5.39,0.034,0.026,29,80.62,None,0,0
163,APAC,3936.16,90.01,4,37.97,0,7.96,961,4.66,0.004,0.022,17,64.14,None,0,0
163,APAC,3936.16,90.01,4,34.79,1,0.0,858,5.05,0.002,0.011,8,54.91,ISO9001+ISO14001,0,0
163,APAC,3936.16,90.01,4,33.17,1,0.0,1013,5.32,0.038,0.001,1,85.93,ISO9001,1,0
163,APAC,3936.16,90.01,4,31.37,1,0.0,1275,5.07,0.055,0.019,22,77.62,ISO9001,1,0
164,EMEA,2288.04,69.57,5,31.13,1,0.0,632,4.92,0.051,0.032,18,95.46,ISO9001,1,0
164,EMEA,2288.04,69.57,5,30.82,1,0.0,943,5.67,0.053,0.028,26,65.13,ISO9001,1,0
164,EMEA,2288.04,69.57,5,26.0,1,0.0,1153,4.28,0.013,0.025,31,70.08,ISO9001,0,0
164,EMEA,2288.04,69.57,5,20.39,1,0.0,1126,4.44,0.011,0.049,48,80.2,ISO9001,1,0
164,EMEA,2288.04,69.57,5,24.78,1,0.0,924,4.77,0.046,0.037,39,67.99,None,0,0
164,EMEA,2288.04,69.57,5,22.37,1,0.0,772,5.61,0.036,0.036,29,52.88,ISO9001,1,0
164,EMEA,2288.04,69.57,5,23.02,1,0.0,1405,5.48,0.035,0.025,29,80.07,ISO9001+ISO14001,0,0
164,EMEA,2288.04,69.57,5,29.24,1,0.0,747,3.87,0.059,0.027,14,62.4,ISO9001,1,0
164,EMEA,2288.04,69.57,5,29.23,1,0.0,638,5.32,0.083,0.034,17,82.84,ISO9001,1,0
164,EMEA,2288.04,69.57,5,23.1,1,0.0,1334,5.21,0.018,0.026,42,74.09,None,0,0
164,EMEA,2288.04,69.57,5,27.34,1,0.0,1071,5.77,0.022,0.015,17,77.61,ISO9001+ISO14001,1,0
164,EMEA,2288.04,69.57,5,24.92,1,0.0,1014,4.1,0.028,0.025,15,76.45,ISO9001,1,0
164,EMEA,2288.04,69.57,5,24.51,1,0.0,1005,4.35,0.022,0.028,33,68.74,ISO9001,1,0
164,EMEA,2288.04,69.57,5,24.52,1,0.0,1003,5.12,0.038,0.019,23,72.65,None,0,0
164,EMEA,2288.04,69.57,5,26.61,1,0.0,1009,4.45,0.044,0.043,50,57.52,ISO9001,1,0
164,EMEA,2288.04,69.57,5,26.87,1,0.0,842,5.14,0.044,0.025,21,74.09,None,0,0
164,EMEA,2288.04,69.57,5,27.63,0,4.4,1278,4.59,0.042,0.034,46,70.07,ISO9001,1,0
164,EMEA,2288.04,69.57,5,26.52,0,7.09,1260,5.69,0.072,0.033,44,70.5,None,0,0
164,EMEA,2288.04,69.57,5,25.8,1,0.0,1054,5.91,0.021,0.041,39,80.18,ISO9001+ISO14001,1,0
164,EMEA,2288.04,69.57,5,27.56,1,0.0,967,4.99,0.027,0.015,15,77.46,None,0,0
164,EMEA,2288.04,69.57,5,18.65,1,0.0,700,5.33,0.051,0.023,17,80.59,None,0,0
164,EMEA,2288.04,69.57,5,23.26,1,0.0,927,4.24,0.058,0.036,30,55.73,ISO9001+ISO14001,1,0
164,EMEA,2288.04,69.57,5,27.62,1,0.0,810,4.8,0.072,0.021,10,71.0,ISO9001,1,0
164,EMEA,2288.04,69.57,5,24.11,1,0.0,714,5.01,0.0,0.021,12,73.51,ISO9001,0,0
164,EMEA,2288.04,69.57,5,25.03,1,0.0,1012,5.93,0.051,0.024,22,74.74,None,0,0
164,EMEA,2288.04,69.57,5,26.37,1,0.0,573,5.65,0.041,0.012,7,72.11,ISO9001,0,0
164,EMEA,2288.04,69.57,5,22.55,1,0.0,824,4.07,0.029,0.037,34,49.73,ISO9001+ISO14001,0,0
164,EMEA,2288.04,69.57,5,29.91,1,0.0,593,4.93,0.027,0.021,11,78.06,ISO9001,1,0
164,EMEA,2288.04,69.57,5,28.65,1,0.0,570,5.31,0.041,0.027,18,65.14,ISO9001+ISO14001,0,0
164,EMEA,2288.04,69.57,5,27.41,0,8.19,874,3.77,0.028,0.03,24,67.39,ISO9001,0,0
164,EMEA,2288.04,69.57,5,25.17,1,0.0,992,3.98,0.035,0.022,16,89.71,ISO9001,1,0
164,EMEA,2288.04,69.57,5,23.57,1,0.0,1162,3.78,0.031,0.012,16,73.24,ISO9001,1,0
164,EMEA,2288.04,69.57,5,31.51,0,5.65,1167,4.26,0.036,0.016,12,78.47,ISO9001,1,0
164,EMEA,2288.04,69.57,5,21.66,0,4.81,1000,5.38,0.031,0.025,24,79.28,ISO9001,1,0
164,EMEA,2288.04,69.57,5,24.5,1,0.0,823,6.58,0.019,0.025,20,94.36,ISO9001,0,0
164,EMEA,2288.04,69.57,5,28.33,1,0.0,1301,4.75,0.026,0.022,36,77.21,ISO9001,1,0
164,EMEA,2288.04,69.57,5,26.3,1,0.0,983,4.31,0.045,0.046,43,90.14,ISO9001+ISO14001,1,0
164,EMEA,2288.04,69.57,5,27.91,1,0.0,1175,4.98,0.005,0.028,34,89.35,ISO9001,0,0
164,EMEA,2288.04,69.57,5,27.12,1,0.0,1147,5.65,0.02,0.037,46,78.16,None,0,0
164,EMEA,2288.04,69.57,5,31.05,1,0.0,854,5.5,0.026,0.04,35,71.74,None,0,0
164,EMEA,2288.04,69.57,5,37.52,1,0.0,1026,5.13,0.036,0.036,40,51.42,ISO9001,1,0
164,EMEA,2288.04,69.57,5,34.36,0,7.91,965,5.17,0.077,0.032,35,69.3,None,0,0
164,EMEA,2288.04,69.57,5,26.39,1,0.0,1272,5.54,0.034,0.032,41,84.79,ISO9001,1,0
164,EMEA,2288.04,69.57,5,27.56,1,0.0,858,5.81,0.047,0.016,20,79.58,None,0,0
164,EMEA,2288.04,69.57,5,22.97,1,0.0,866,4.93,0.015,0.03,27,79.87,ISO9001,1,0
164,EMEA,2288.04,69.57,5,29.83,1,0.0,1328,4.6,0.03,0.026,26,57.9,ISO9001+ISO14001,0,0
164,EMEA,2288.04,69.57,5,27.93,0,7.89,398,5.2,0.044,0.014,6,70.74,ISO9001,0,0
164,EMEA,2288.04,69.57,5,26.56,1,0.0,1336,4.85,0.062,0.012,17,86.43,None,0,0
164,EMEA,2288.04,69.57,5,22.65,1,0.0,1115,5.03,0.011,0.029,29,81.2,ISO9001,1,0
164,EMEA,2288.04,69.57,5,26.56,0,6.55,923,4.2,0.011,0.015,12,85.31,None,0,0
164,EMEA,2288.04,69.57,5,29.78,0,6.25,986,3.44,0.032,0.016,14,89.06,ISO9001,0,0
164,EMEA,2288.04,69.57,5,27.24,1,0.0,772,6.07,0.07,0.017,9,69.12,ISO9001+ISO14001,1,0
164,EMEA,2288.04,69.57,5,28.46,1,0.0,1051,5.37,0.012,0.024,23,68.93,None,0,0
164,EMEA,2288.04,69.57,5,32.25,1,0.0,1096,4.65,0.05,0.037,42,73.42,ISO9001,1,0
164,EMEA,2288.04,69.57,5,30.87,1,0.0,1025,4.94,0.028,0.029,34,73.58,ISO9001,1,0
164,EMEA,2288.04,69.57,5,25.26,1,0.0,916,5.78,0.036,0.033,33,63.36,ISO9001,0,0
165,APAC,3870.81,46.19,6,35.68,1,0.0,1042,5.31,0.047,0.014,13,73.4,ISO9001,1,0
165,APAC,3870.81,46.19,6,33.93,1,0.0,1668,4.21,0.042,0.021,35,73.67,None,0,0
165,APAC,3870.81,46.19,6,37.15,1,0.0,682,4.84,0.02,0.027,21,88.85,None,0,0
165,APAC,3870.81,46.19,6,32.07,0,6.96,1506,3.98,0.07,0.01,19,74.83,ISO9001+ISO14001,1,1
165,APAC,3870.81,46.19,6,32.83,1,0.0,899,5.13,0.06,0.017,15,77.35,ISO9001,1,0
165,APAC,3870.81,46.19,6,34.86,1,0.0,838,5.96,0.08,0.014,12,97.55,ISO9001,1,0
165,APAC,3870.81,46.19,6,32.81,0,9.19,1025,4.82,0.007,0.019,21,59.39,ISO9001,0,1
165,APAC,3870.81,46.19,6,33.95,1,0.0,816,3.89,0.01,0.032,26,62.97,ISO9001,1,0
165,APAC,3870.81,46.19,6,37.89,0,5.57,1400,5.77,0.02,0.023,31,72.28,ISO9001,1,0
165,APAC,3870.81,46.19,6,37.56,1,0.0,586,5.03,0.032,0.028,19,71.9,None,0,0
165,APAC,3870.81,46.19,6,34.19,1,0.0,810,5.79,0.025,0.026,28,73.04,ISO9001+ISO14001,0,0
165,APAC,3870.81,46.19,6,35.14,0,7.31,1383,6.06,0.037,0.001,0,74.03,None,0,0
165,APAC,3870.81,46.19,6,33.98,1,0.0,738,4.32,0.031,0.033,26,87.2,ISO9001+ISO14001,0,0
165,APAC,3870.81,46.19,6,31.33,0,7.49,722,5.85,0.043,0.025,24,75.07,ISO9001+ISO14001,1,1
165,APAC,3870.81,46.19,6,31.99,1,0.0,1248,4.42,0.054,0.023,26,90.42,None,0,0
165,APAC,3870.81,46.19,6,33.39,0,5.88,1273,4.96,0.01,0.012,10,93.1,ISO9001,1,0
165,APAC,3870.81,46.19,6,36.31,1,0.0,874,4.96,0.081,0.008,9,80.17,ISO9001,0,0
165,APAC,3870.81,46.19,6,27.02,1,0.0,1066,5.32,0.019,0.028,31,82.01,ISO9001,0,0
165,APAC,3870.81,46.19,6,34.49,1,0.0,884,4.21,0.009,0.017,18,78.64,ISO9001,1,0
165,APAC,3870.81,46.19,6,30.17,0,5.78,475,5.68,0.029,0.026,17,73.36,ISO9001,1,1
165,APAC,3870.81,46.19,6,31.66,1,0.0,1379,4.4,0.052,0.01,11,76.79,None,0,0
165,APAC,3870.81,46.19,6,33.49,1,0.0,1366,5.33,0.024,0.021,38,72.97,ISO9001+ISO14001,0,0
165,APAC,3870.81,46.19,6,31.0,1,0.0,1062,5.09,0.036,0.031,37,73.72,ISO9001,1,0
165,APAC,3870.81,46.19,6,31.15,0,4.06,1147,4.55,0.013,0.039,56,83.04,None,0,0
165,APAC,3870.81,46.19,6,28.37,1,0.0,686,3.71,0.035,0.007,6,68.73,None,0,0
165,APAC,3870.81,46.19,6,30.55,1,0.0,1164,3.86,0.023,0.038,45,76.62,ISO9001,1,0
166,APAC,3389.93,62.84,8,29.34,1,0.0,1216,4.86,0.059,0.003,0,57.8,ISO9001,1,0
166,APAC,3389.93,62.84,8,32.84,1,0.0,1218,6.21,0.0,0.007,12,92.5,ISO9001+ISO14001,1,0
166,APAC,3389.93,62.84,8,31.84,1,0.0,1200,5.4,0.047,0.017,17,74.28,ISO9001,1,0
166,APAC,3389.93,62.84,8,32.32,1,0.0,1604,5.36,0.075,0.014,21,87.56,ISO9001,1,0
166,APAC,3389.93,62.84,8,27.61,0,8.32,1321,4.96,0.058,0.006,6,94.13,ISO9001+ISO14001,1,0
166,APAC,3389.93,62.84,8,37.81,0,10.23,891,5.13,0.014,0.029,33,91.05,None,0,0
166,APAC,3389.93,62.84,8,25.03,1,0.0,1248,4.94,0.043,0.01,14,86.29,None,1,0
166,APAC,3389.93,62.84,8,33.32,1,0.0,1065,5.6,0.048,0.02,21,74.41,ISO9001,1,0
166,APAC,3389.93,62.84,8,35.1,0,8.61,993,4.97,0.018,0.01,13,71.45,ISO9001,1,0
166,APAC,3389.93,62.84,8,29.53,1,0.0,1309,4.98,0.019,0.008,14,84.35,ISO9001,0,0
166,APAC,3389.93,62.84,8,33.17,1,0.0,1182,6.07,0.045,0.014,11,91.19,ISO9001,1,0
166,APAC,3389.93,62.84,8,30.38,1,0.0,1390,4.89,0.022,0.018,29,76.28,None,0,0
166,APAC,3389.93,62.84,8,32.24,1,0.0,830,5.37,0.066,0.001,0,81.1,ISO9001+ISO14001,1,0
166,APAC,3389.93,62.84,8,34.22,1,0.0,928,4.69,0.03,0.016,21,97.43,None,0,0
166,APAC,3389.93,62.84,8,34.42,1,0.0,1457,5.05,0.023,0.02,24,65.72,None,1,0
166,APAC,3389.93,62.84,8,25.79,1,0.0,999,5.32,0.034,0.02,16,88.96,ISO9001+ISO14001,0,0
166,APAC,3389.93,62.84,8,33.35,1,0.0,891,5.38,0.046,0.0,0,67.58,ISO9001+ISO14001,0,0
166,APAC,3389.93,62.84,8,30.45,0,6.88,948,4.43,0.056,0.019,16,78.93,ISO9001,0,0
166,APAC,3389.93,62.84,8,22.97,1,0.0,850,4.34,0.029,0.017,13,71.55,ISO9001+ISO14001,0,0
166,APAC,3389.93,62.84,8,32.69,1,0.0,769,4.68,0.02,0.006,4,67.42,ISO9001+ISO14001,0,0
166,APAC,3389.93,62.84,8,29.17,0,4.7,871,5.07,0.009,0.007,5,88.38,None,0,0
166,APAC,3389.93,62.84,8,32.56,0,4.12,981,5.21,0.002,0.011,12,81.02,None,1,0
166,APAC,3389.93,62.84,8,27.18,1,0.0,971,5.21,0.063,0.033,38,64.08,ISO9001,0,0
166,APAC,3389.93,62.84,8,27.19,0,8.05,668,5.9,0.019,0.016,11,89.88,ISO9001,1,0
166,APAC,3389.93,62.84,8,32.06,0,7.4,1138,5.24,0.082,0.019,18,90.59,ISO9001,1,0
166,APAC,3389.93,62.84,8,33.71,1,0.0,1262,4.41,0.04,0.014,19,79.83,None,1,0
166,APAC,3389.93,62.84,8,31.62,0,7.07,1055,4.45,0.04,0.027,41,71.45,ISO9001,0,0
166,APAC,3389.93,62.84,8,33.94,1,0.0,862,5.82,0.037,0.008,9,81.17,None,1,0
166,APAC,3389.93,62.84,8,37.96,1,0.0,1015,4.06,0.018,0.005,5,92.54,ISO9001,1,0
166,APAC,3389.93,62.84,8,31.69,1,0.0,613,5.0,0.031,0.03,11,80.94,ISO9001,1,0
166,APAC,3389.93,62.84,8,35.32,1,0.0,859,5.13,0.02,0.016,12,72.36,ISO9001,1,0
166,APAC,3389.93,62.84,8,29.29,1,0.0,1346,4.19,0.062,0.011,13,68.47,ISO9001,1,0
166,APAC,3389.93,62.84,8,30.21,1,0.0,1210,4.32,0.031,0.019,29,71.35,None,0,0
166,APAC,3389.93,62.84,8,26.17,0,1.79,976,4.41,0.034,0.014,12,95.7,ISO9001+ISO14001,1,0
166,APAC,3389.93,62.84,8,34.14,1,0.0,990,5.54,0.038,0.028,26,89.22,ISO9001,0,0
166,APAC,3389.93,62.84,8,34.19,1,0.0,1673,4.87,0.042,0.014,12,89.04,ISO9001,1,0
166,APAC,3389.93,62.84,8,34.08,1,0.0,1118,4.85,0.032,0.023,25,90.09,ISO9001,0,0
166,APAC,3389.93,62.84,8,32.4,1,0.0,1247,4.21,0.023,0.021,28,78.84,None,0,0
166,APAC,3389.93,62.84,8,30.21,1,0.0,743,6.41,0.019,0.014,11,53.25,ISO9001+ISO14001,1,0
167,APAC,4120.15,88.53,5,37.35,1,0.0,651,4.84,0.043,0.025,13,61.11,ISO9001,0,0
167,APAC,4120.15,88.53,5,34.32,1,0.0,536,4.33,0.062,0.011,7,85.8,ISO9001,1,0
167,APAC,4120.15,88.53,5,38.09,1,0.0,833,4.8,0.043,0.02,22,80.86,ISO9001,1,0
167,APAC,4120.15,88.53,5,38.55,1,0.0,1063,4.17,0.066,0.021,23,74.5,ISO9001+ISO14001,1,0
167,APAC,4120.15,88.53,5,37.32,1,0.0,790,4.79,0.065,0.02,9,77.56,ISO9001,0,0
167,APAC,4120.15,88.53,5,38.49,0,6.2,1230,4.99,0.027,0.021,30,74.22,ISO9001,0,0
167,APAC,4120.15,88.53,5,33.49,1,0.0,797,5.33,0.029,0.049,40,69.98,ISO9001,1,0
167,APAC,4120.15,88.53,5,34.57,0,8.53,866,4.55,0.036,0.026,18,64.37,ISO9001+ISO14001,1,0
167,APAC,4120.15,88.53,5,35.64,1,0.0,1031,5.08,0.048,0.032,33,77.61,ISO9001,1,0
167,APAC,4120.15,88.53,5,41.24,1,0.0,1296,5.77,0.049,0.047,59,73.15,None,0,0
167,APAC,4120.15,88.53,5,35.0,1,0.0,1217,5.13,0.079,0.018,23,66.23,ISO9001,1,0
167,APAC,4120.15,88.53,5,36.81,1,0.0,518,4.67,0.016,0.02,9,66.68,ISO9001+ISO14001,1,0
167,APAC,4120.15,88.53,5,34.9,1,0.0,860,4.74,0.009,0.008,6,89.33,ISO9001,1,0
167,APAC,4120.15,88.53,5,36.11,1,0.0,930,6.19,0.048,0.025,23,74.52,ISO9001,0,0
167,APAC,4120.15,88.53,5,37.92,1,0.0,1450,4.06,0.016,0.019,22,58.36,ISO9001+ISO14001,1,0
167,APAC,4120.15,88.53,5,35.01,1,0.0,1299,4.67,0.055,0.019,28,70.41,ISO9001,0,0
167,APAC,4120.15,88.53,5,35.31,1,0.0,1145,4.33,0.033,0.024,29,70.51,ISO9001+ISO14001,0,0
168,EMEA,2075.55,80.12,3,27.38,1,0.0,1011,5.12,0.015,0.012,10,67.02,None,0,0
168,EMEA,2075.55,80.12,3,27.43,1,0.0,793,5.19,0.052,0.004,5,87.01,ISO9001,0,0
168,EMEA,2075.55,80.12,3,26.78,1,0.0,929,4.64,0.067,0.037,34,75.68,None,0,0
168,EMEA,2075.55,80.12,3,27.63,1,0.0,961,4.28,0.029,0.004,4,73.86,ISO9001+ISO14001,0,0
168,EMEA,2075.55,80.12,3,24.98,1,0.0,905,6.3,0.011,0.013,14,62.24,ISO9001,1,0
168,EMEA,2075.55,80.12,3,24.27,1,0.0,1113,4.59,0.019,0.033,33,65.18,ISO9001,1,0
168,EMEA,2075.55,80.12,3,27.24,1,0.0,1104,5.18,0.033,0.008,3,88.19,ISO9001,1,0
168,EMEA,2075.55,80.12,3,30.99,1,0.0,1034,5.68,0.053,0.014,12,77.51,ISO9001,1,0
168,EMEA,2075.55,80.12,3,27.36,1,0.0,937,5.23,0.073,0.015,15,79.44,ISO9001+ISO14001,1,0
168,EMEA,2075.55,80.12,3,21.27,1,0.0,1434,5.81,0.06,0.02,30,73.79,ISO9001+ISO14001,1,0
168,EMEA,2075.55,80.12,3,29.22,1,0.0,1013,4.79,0.039,0.004,3,77.09,None,0,0
168,EMEA,2075.55,80.12,3,22.73,1,0.0,1031,3.75,0.041,0.018,18,79.67,ISO9001,1,0
168,EMEA,2075.55,80.12,3,32.44,1,0.0,905,5.07,0.052,0.005,3,80.95,None,0,0
168,EMEA,2075.55,80.12,3,24.79,1,0.0,1277,4.96,0.039,0.024,33,84.91,None,0,0
168,EMEA,2075.55,80.12,3,24.34,1,0.0,1019,4.51,0.015,0.021,24,81.68,None,0,0
168,EMEA,2075.55,80.12,3,28.81,1,0.0,1207,5.86,0.026,0.029,38,63.68,ISO9001,0,0
168,EMEA,2075.55,80.12,3,26.33,1,0.0,876,4.84,0.03,0.014,14,81.12,ISO9001,1,0
168,EMEA,2075.55,80.12,3,24.24,0,3.08,1349,3.8,0.022,0.012,21,78.96,ISO9001,0,0
168,EMEA,2075.55,80.12,3,28.29,1,0.0,655,5.39,0.051,0.031,16,88.38,ISO9001,1,0
168,EMEA,2075.55,80.12,3,24.33,0,8.44,993,4.21,0.03,0.017,15,70.37,ISO9001,1,0
168,EMEA,2075.55,80.12,3,24.82,1,0.0,1226,5.3,0.012,0.007,14,86.88,ISO9001+ISO14001,1,0
168,EMEA,2075.55,80.12,3,34.96,1,0.0,1000,4.44,0.059,0.017,18,100.0,ISO9001,1,0
168,EMEA,2075.55,80.12,3,22.8,1,0.0,1085,4.2,0.021,0.032,36,85.88,ISO9001,1,0
169,APAC,3742.24,94.48,5,36.25,1,0.0,544,5.0,0.059,0.014,6,90.89,ISO9001,1,0
169,APAC,3742.24,94.48,5,33.22,1,0.0,920,5.41,0.058,0.03,31,76.35,None,0,0
169,APAC,3742.24,94.48,5,34.02,1,0.0,1197,6.02,0.023,0.019,28,86.4,None,0,0
169,APAC,3742.24,94.48,5,32.24,1,0.0,1196,4.82,0.055,0.017,23,80.76,ISO9001+ISO14001,0,0
169,APAC,3742.24,94.48,5,36.08,1,0.0,1174,5.49,0.015,0.026,29,92.76,ISO9001,1,0
169,APAC,3742.24,94.48,5,38.97,1,0.0,985,4.65,0.02,0.009,5,75.85,None,0,0
169,APAC,3742.24,94.48,5,31.87,0,9.59,762,3.42,0.028,0.006,4,80.42,ISO9001,1,0
169,APAC,3742.24,94.48,5,30.72,1,0.0,637,4.36,0.019,0.0,0,89.01,ISO9001+ISO14001,0,0
169,APAC,3742.24,94.48,5,35.13,1,0.0,1108,6.08,0.022,0.004,5,88.17,ISO9001,0,0
169,APAC,3742.24,94.48,5,29.67,1,0.0,1011,5.15,0.059,0.02,24,83.75,None,0,0
169,APAC,3742.24,94.48,5,30.47,1,0.0,938,4.55,0.036,0.019,25,66.02,ISO9001,0,0
169,APAC,3742.24,94.48,5,30.0,1,0.0,871,5.28,0.023,0.006,4,69.16,None,0,0
169,APAC,3742.24,94.48,5,29.68,1,0.0,1015,6.1,0.011,0.02,17,79.09,ISO9001+ISO14001,1,0
169,APAC,3742.24,94.48,5,28.36,1,0.0,1260,5.23,0.051,0.024,28,73.44,ISO9001,0,0
169,APAC,3742.24,94.48,5,32.9,1,0.0,1020,4.91,0.028,0.009,14,91.39,ISO9001,1,0
169,APAC,3742.24,94.48,5,34.56,1,0.0,876,4.95,0.029,0.004,3,84.81,ISO9001+ISO14001,1,0
169,APAC,3742.24,94.48,5,31.33,1,0.0,970,5.61,0.042,0.012,8,84.48,ISO9001,1,0
169,APAC,3742.24,94.48,5,37.13,0,5.81,961,5.44,0.016,0.026,20,80.81,ISO9001,1,0
169,APAC,3742.24,94.48,5,34.24,1,0.0,1357,4.71,0.066,0.017,24,93.2,ISO9001,1,0
169,APAC,3742.24,94.48,5,30.68,1,0.0,1267,3.73,0.065,0.0,0,74.14,ISO9001,1,0
169,APAC,3742.24,94.48,5,32.32,1,0.0,1570,4.94,0.038,0.01,15,96.15,ISO9001+ISO14001,1,0
169,APAC,3742.24,94.48,5,27.96,1,0.0,906,5.53,0.02,0.006,7,80.69,None,0,0
169,APAC,3742.24,94.48,5,36.19,1,0.0,867,4.62,0.032,0.004,5,74.97,ISO9001+ISO14001,0,0
169,APAC,3742.24,94.48,5,28.17,1,0.0,637,4.23,0.0,0.002,0,70.51,ISO9001,0,0
169,APAC,3742.24,94.48,5,32.99,1,0.0,828,3.87,0.023,0.005,5,98.65,None,0,0
169,APAC,3742.24,94.48,5,33.51,1,0.0,1102,4.91,0.041,0.039,55,89.58,ISO9001,1,0
169,APAC,3742.24,94.48,5,34.59,0,6.67,1031,5.45,0.0,0.002,2,69.74,ISO9001,0,0
169,APAC,3742.24,94.48,5,29.91,1,0.0,1548,5.95,0.047,0.016,18,68.26,ISO9001,1,0
169,APAC,3742.24,94.48,5,32.47,1,0.0,599,4.99,0.021,0.0,0,65.43,None,0,0
169,APAC,3742.24,94.48,5,26.79,1,0.0,966,5.09,0.067,0.01,14,91.67,None,1,0
169,APAC,3742.24,94.48,5,31.85,1,0.0,1232,4.73,0.021,0.027,37,59.71,None,0,0
170,EMEA,2851.75,61.66,3,28.5,1,0.0,838,3.96,0.057,0.019,21,64.43,ISO9001,1,0
170,EMEA,2851.75,61.66,3,28.74,1,0.0,917,3.68,0.018,0.028,19,74.87,ISO9001,0,0
170,EMEA,2851.75,61.66,3,30.84,1,0.0,1238,5.51,0.037,0.02,18,67.91,ISO9001,0,0
170,EMEA,2851.75,61.66,3,27.37,0,5.72,1332,5.67,0.025,0.04,53,66.54,ISO9001+ISO14001,1,0
170,EMEA,2851.75,61.66,3,26.03,1,0.0,769,3.77,0.038,0.019,11,70.69,ISO9001+ISO14001,1,0
170,EMEA,2851.75,61.66,3,29.72,1,0.0,1022,4.88,0.048,0.015,8,64.83,ISO9001,1,0
170,EMEA,2851.75,61.66,3,24.37,1,0.0,820,4.3,0.014,0.034,25,67.14,ISO9001,1,0
170,EMEA,2851.75,61.66,3,30.16,1,0.0,782,5.03,0.015,0.051,38,77.57,ISO9001,0,0
170,EMEA,2851.75,61.66,3,26.98,0,4.98,1296,5.57,0.025,0.025,35,62.25,ISO9001,0,0
170,EMEA,2851.75,61.66,3,30.15,1,0.0,756,6.42,0.0,0.001,2,63.98,None,0,0
170,EMEA,2851.75,61.66,3,28.43,1,0.0,1110,5.34,0.054,0.052,58,66.24,ISO9001,0,0
170,EMEA,2851.75,61.66,3,33.52,0,3.62,673,5.85,0.045,0.024,23,69.89,ISO9001,1,0
170,EMEA,2851.75,61.66,3,23.41,1,0.0,1219,5.47,0.015,0.021,39,90.28,None,0,0
170,EMEA,2851.75,61.66,3,27.22,1,0.0,807,5.79,0.018,0.02,20,74.36,ISO9001,0,0
170,EMEA,2851.75,61.66,3,30.79,1,0.0,1050,4.96,0.041,0.035,38,58.45,ISO9001,0,0
170,EMEA,2851.75,61.66,3,28.61,1,0.0,695,5.15,0.04,0.031,16,64.19,ISO9001,0,0
170,EMEA,2851.75,61.66,3,34.0,1,0.0,967,4.63,0.0,0.026,19,71.28,ISO9001,0,0
170,EMEA,2851.75,61.66,3,24.62,1,0.0,1197,4.71,0.033,0.01,10,62.67,ISO9001,1,0
170,EMEA,2851.75,61.66,3,33.47,1,0.0,1103,5.89,0.034,0.042,45,68.42,ISO9001,1,0
170,EMEA,2851.75,61.66,3,26.38,1,0.0,786,5.32,0.039,0.034,36,80.2,ISO9001+ISO14001,1,0
170,EMEA,2851.75,61.66,3,28.88,0,2.09,1014,4.76,0.014,0.023,29,68.11,ISO9001+ISO14001,0,0
170,EMEA,2851.75,61.66,3,29.28,1,0.0,1110,5.42,0.049,0.013,10,54.49,ISO9001,1,0
170,EMEA,2851.75,61.66,3,28.73,0,4.55,750,4.92,0.033,0.009,6,72.23,ISO9001+ISO14001,1,0
170,EMEA,2851.75,61.66,3,32.19,0,8.46,1208,5.21,0.04,0.018,26,82.36,ISO9001,1,0
170,EMEA,2851.75,61.66,3,31.15,1,0.0,1076,4.75,0.04,0.023,26,72.73,None,0,0
170,EMEA,2851.75,61.66,3,29.47,1,0.0,1436,4.67,0.035,0.026,36,73.85,ISO9001,1,0
170,EMEA,2851.75,61.66,3,27.97,1,0.0,883,4.67,0.043,0.04,47,86.26,None,0,0
170,EMEA,2851.75,61.66,3,24.43,0,5.27,827,6.34,0.06,0.024,28,90.77,ISO9001+ISO14001,1,0
170,EMEA,2851.75,61.66,3,31.92,1,0.0,1146,5.1,0.044,0.034,39,54.1,None,0,0
170,EMEA,2851.75,61.66,3,22.97,0,3.33,950,4.86,0.056,0.028,31,71.82,ISO9001,1,0
170,EMEA,2851.75,61.66,3,25.46,1,0.0,1169,4.71,0.036,0.031,53,60.59,ISO9001,0,0
170,EMEA,2851.75,61.66,3,32.69,1,0.0,924,4.65,0.055,0.034,32,58.12,None,0,0
170,EMEA,2851.75,61.66,3,24.39,1,0.0,723,4.87,0.052,0.028,24,76.34,None,0,0
170,EMEA,2851.75,61.66,3,25.94,1,0.0,1415,4.37,0.03,0.025,27,84.75,None,0,0
170,EMEA,2851.75,61.66,3,26.94,1,0.0,939,4.11,0.063,0.022,22,73.03,ISO9001,1,0
170,EMEA,2851.75,61.66,3,29.67,1,0.0,1436,5.67,0.072,0.049,51,66.1,ISO9001+ISO14001,0,0
170,EMEA,2851.75,61.66,3,28.54,0,3.88,1098,3.94,0.036,0.027,31,57.02,ISO9001,1,1
170,EMEA,2851.75,61.66,3,27.58,1,0.0,1327,4.8,0.03,0.039,60,69.23,ISO9001,1,0
170,EMEA,2851.75,61.66,3,29.48,1,0.0,744,4.44,0.059,0.021,13,70.45,ISO9001,1,0
170,EMEA,2851.75,61.66,3,23.41,1,0.0,853,5.83,0.052,0.02,25,65.08,None,0,0
170,EMEA,2851.75,61.66,3,28.26,1,0.0,840,5.01,0.014,0.03,22,89.64,ISO9001,1,0
170,EMEA,2851.75,61.66,3,33.13,1,0.0,1259,6.05,0.051,0.029,38,97.88,ISO9001,1,0
170,EMEA,2851.75,61.66,3,29.24,1,0.0,1066,4.14,0.07,0.022,20,70.74,ISO9001,1,0
170,EMEA,2851.75,61.66,3,29.49,1,0.0,1141,4.5,0.019,0.04,49,70.86,ISO9001,1,0
170,EMEA,2851.75,61.66,3,30.93,1,0.0,851,4.31,0.04,0.016,9,73.14,ISO9001,0,0
170,EMEA,2851.75,61.66,3,30.58,1,0.0,1056,4.35,0.071,0.029,32,69.49,ISO9001+ISO14001,0,0
170,EMEA,2851.75,61.66,3,30.1,1,0.0,1162,6.01,0.037,0.027,35,57.19,ISO9001,1,0
170,EMEA,2851.75,61.66,3,29.84,1,0.0,1308,5.48,0.032,0.049,71,78.68,ISO9001,0,0
170,EMEA,2851.75,61.66,3,33.33,1,0.0,712,4.82,0.036,0.025,11,77.37,ISO9001+ISO14001,1,0
170,EMEA,2851.75,61.66,3,27.88,1,0.0,1093,5.37,0.025,0.025,29,77.63,ISO9001,0,0
170,EMEA,2851.75,61.66,3,29.88,1,0.0,1011,4.64,0.05,0.028,29,68.75,None,0,0
170,EMEA,2851.75,61.66,3,28.9,1,0.0,1151,4.5,0.022,0.029,36,72.84,ISO9001,1,0
170,EMEA,2851.75,61.66,3,26.87,1,0.0,1169,5.01,0.047,0.049,53,67.67,None,0,0
170,EMEA,2851.75,61.66,3,34.13,1,0.0,987,4.95,0.031,0.029,20,77.61,ISO9001+ISO14001,0,0
171,APAC,3484.46,37.98,5,31.74,1,0.0,787,6.1,0.025,0.013,6,58.55,ISO9001+ISO14001,1,0
171,APAC,3484.46,37.98,5,34.02,1,0.0,889,4.48,0.018,0.013,17,69.76,ISO9001,1,0
171,APAC,3484.46,37.98,5,27.36,0,6.67,689,5.13,0.056,0.036,36,92.93,ISO9001,0,1
171,APAC,3484.46,37.98,5,32.16,1,0.0,1359,5.23,0.059,0.026,37,52.43,ISO9001,1,0
171,APAC,3484.46,37.98,5,29.8,0,3.52,1001,5.14,0.04,0.029,25,81.42,ISO9001,1,1
171,APAC,3484.46,37.98,5,29.41,1,0.0,1057,4.12,0.04,0.024,24,70.87,ISO9001,1,0
171,APAC,3484.46,37.98,5,31.84,1,0.0,983,4.75,0.063,0.015,13,75.4,ISO9001,1,0
171,APAC,3484.46,37.98,5,39.85,1,0.0,1313,5.32,0.06,0.012,19,87.36,ISO9001,0,0
171,APAC,3484.46,37.98,5,34.5,1,0.0,1152,5.8,0.014,0.036,38,84.73,ISO9001,1,0
171,APAC,3484.46,37.98,5,26.37,1,0.0,840,5.67,0.03,0.033,33,72.62,ISO9001,1,0
171,APAC,3484.46,37.98,5,34.87,1,0.0,1131,4.79,0.023,0.03,35,81.06,None,0,0
171,APAC,3484.46,37.98,5,34.46,1,0.0,647,4.81,0.0,0.027,14,81.71,ISO9001,0,0
171,APAC,3484.46,37.98,5,33.75,1,0.0,940,4.96,0.011,0.036,43,67.42,ISO9001,1,0
171,APAC,3484.46,37.98,5,31.57,1,0.0,1222,5.59,0.032,0.003,1,72.18,ISO9001+ISO14001,0,0
171,APAC,3484.46,37.98,5,28.25,0,5.64,829,4.1,0.037,0.007,5,90.9,None,0,0
171,APAC,3484.46,37.98,5,25.73,1,0.0,935,4.53,0.05,0.033,32,59.59,None,0,0
171,APAC,3484.46,37.98,5,32.16,1,0.0,786,3.52,0.051,0.024,9,79.67,ISO9001+ISO14001,1,0
171,APAC,3484.46,37.98,5,32.17,1,0.0,1003,5.04,0.017,0.012,10,74.29,ISO9001,1,0
171,APAC,3484.46,37.98,5,30.94,0,9.75,487,5.38,0.034,0.018,6,79.19,ISO9001+ISO14001,0,1
171,APAC,3484.46,37.98,5,35.3,1,0.0,1066,5.9,0.043,0.004,5,63.14,ISO9001,0,0
171,APAC,3484.46,37.98,5,34.6,1,0.0,1266,5.39,0.05,0.047,66,71.35,ISO9001,0,0
171,APAC,3484.46,37.98,5,32.51,1,0.0,811,4.4,0.043,0.021,24,62.36,ISO9001,1,0
171,APAC,3484.46,37.98,5,36.21,1,0.0,745,5.15,0.021,0.024,16,70.44,ISO9001+ISO14001,0,0
171,APAC,3484.46,37.98,5,29.69,1,0.0,1107,4.7,0.061,0.03,24,73.11,None,0,0
171,APAC,3484.46,37.98,5,27.23,1,0.0,1033,4.74,0.024,0.023,29,75.78,ISO9001,1,0
171,APAC,3484.46,37.98,5,30.89,1,0.0,997,4.16,0.03,0.035,33,64.88,ISO9001+ISO14001,0,0
171,APAC,3484.46,37.98,5,33.08,1,0.0,990,4.63,0.074,0.018,17,75.57,ISO9001+ISO14001,0,0
171,APAC,3484.46,37.98,5,30.33,1,0.0,1191,4.58,0.055,0.014,15,81.07,ISO9001,1,0
171,APAC,3484.46,37.98,5,28.82,1,0.0,975,5.29,0.017,0.024,22,75.68,None,0,0
171,APAC,3484.46,37.98,5,32.59,1,0.0,867,4.86,0.036,0.019,8,69.45,ISO9001+ISO14001,0,0
171,APAC,3484.46,37.98,5,31.94,1,0.0,1056,4.79,0.065,0.017,16,76.47,ISO9001,0,0
171,APAC,3484.46,37.98,5,28.0,0,6.02,1208,5.52,0.037,0.008,10,79.94,ISO9001,0,1
171,APAC,3484.46,37.98,5,34.88,1,0.0,674,4.19,0.039,0.019,16,73.64,ISO9001+ISO14001,1,0
171,APAC,3484.46,37.98,5,34.53,0,4.15,789,5.71,0.04,0.023,15,88.77,ISO9001,1,0
171,APAC,3484.46,37.98,5,31.84,1,0.0,764,5.39,0.021,0.019,14,81.45,ISO9001+ISO14001,1,0
171,APAC,3484.46,37.98,5,29.63,1,0.0,735,5.34,0.02,0.032,28,55.29,ISO9001,1,0
171,APAC,3484.46,37.98,5,27.45,1,0.0,823,4.88,0.04,0.029,27,61.0,None,0,0
171,APAC,3484.46,37.98,5,33.69,1,0.0,956,4.47,0.031,0.005,4,70.45,None,0,0
171,APAC,3484.46,37.98,5,29.27,1,0.0,1012,4.87,0.03,0.028,33,61.69,None,1,0
171,APAC,3484.46,37.98,5,33.58,0,4.73,933,5.44,0.038,0.026,32,74.89,ISO9001,0,1
171,APAC,3484.46,37.98,5,29.62,1,0.0,1119,4.93,0.068,0.021,27,81.08,ISO9001,1,0
171,APAC,3484.46,37.98,5,30.66,1,0.0,899,5.05,0.032,0.031,29,72.75,None,0,0
171,APAC,3484.46,37.98,5,29.98,0,7.13,1195,4.45,0.041,0.031,29,77.37,ISO9001,1,1
171,APAC,3484.46,37.98,5,34.22,1,0.0,907,6.15,0.024,0.018,10,86.25,ISO9001+ISO14001,0,0
171,APAC,3484.46,37.98,5,30.7,1,0.0,691,5.33,0.031,0.022,14,72.26,ISO9001+ISO14001,1,0
171,APAC,3484.46,37.98,5,28.3,1,0.0,1159,6.15,0.065,0.017,27,76.87,None,0,0
171,APAC,3484.46,37.98,5,33.49,1,0.0,1156,4.37,0.036,0.012,14,65.84,None,0,0
171,APAC,3484.46,37.98,5,30.49,1,0.0,980,4.75,0.047,0.019,20,78.35,ISO9001,1,0
171,APAC,3484.46,37.98,5,33.41,1,0.0,996,4.65,0.026,0.029,22,79.99,None,0,0
171,APAC,3484.46,37.98,5,29.44,1,0.0,1119,4.86,0.043,0.035,55,86.24,ISO9001,1,0
171,APAC,3484.46,37.98,5,30.74,1,0.0,743,4.95,0.026,0.026,23,74.04,ISO9001,1,0
171,APAC,3484.46,37.98,5,34.01,1,0.0,711,5.89,0.044,0.018,9,53.04,ISO9001+ISO14001,0,0
171,APAC,3484.46,37.98,5,32.76,1,0.0,1085,5.45,0.019,0.023,23,56.41,ISO9001,1,0
171,APAC,3484.46,37.98,5,31.64,1,0.0,1425,5.45,0.045,0.034,50,40.88,ISO9001+ISO14001,0,0
171,APAC,3484.46,37.98,5,32.37,1,0.0,874,4.87,0.058,0.028,26,95.87,ISO9001,0,0
171,APAC,3484.46,37.98,5,30.46,1,0.0,638,4.42,0.056,0.009,4,84.78,ISO9001,0,0
171,APAC,3484.46,37.98,5,31.84,1,0.0,1277,5.44,0.031,0.014,25,73.87,None,1,0
171,APAC,3484.46,37.98,5,34.95,1,0.0,1138,5.5,0.035,0.007,7,71.94,ISO9001,1,0
172,AMER,842.79,92.16,8,26.24,1,0.0,1271,5.24,0.05,0.025,34,85.84,ISO9001,1,0
172,AMER,842.79,92.16,8,25.3,1,0.0,1220,5.04,0.051,0.028,30,80.77,ISO9001,1,0
172,AMER,842.79,92.16,8,21.23,0,4.14,1087,4.57,0.064,0.031,37,100.0,None,1,0
172,AMER,842.79,92.16,8,22.14,1,0.0,774,5.2,0.068,0.016,14,84.14,ISO9001,1,0
172,AMER,842.79,92.16,8,22.37,1,0.0,969,5.36,0.022,0.011,10,91.79,ISO9001,1,0
172,AMER,842.79,92.16,8,25.72,0,6.43,909,4.69,0.039,0.015,17,79.72,ISO9001+ISO14001,1,0
172,AMER,842.79,92.16,8,28.5,1,0.0,1123,4.35,0.0,0.01,14,75.47,ISO9001+ISO14001,0,0
172,AMER,842.79,92.16,8,21.1,1,0.0,699,4.8,0.043,0.004,3,65.47,ISO9001+ISO14001,0,0
172,AMER,842.79,92.16,8,16.21,1,0.0,809,5.0,0.029,0.012,12,80.33,ISO9001,1,0
172,AMER,842.79,92.16,8,17.74,1,0.0,1333,5.77,0.036,0.015,11,91.22,None,0,0
172,AMER,842.79,92.16,8,23.12,1,0.0,897,4.87,0.028,0.011,11,77.96,ISO9001,1,0
172,AMER,842.79,92.16,8,18.7,1,0.0,986,4.79,0.037,0.024,29,72.0,None,0,0
172,AMER,842.79,92.16,8,19.69,1,0.0,811,5.04,0.057,0.021,22,83.64,None,0,0
172,AMER,842.79,92.16,8,26.29,1,0.0,825,3.92,0.039,0.011,5,77.83,ISO9001,0,0
172,AMER,842.79,92.16,8,22.39,1,0.0,1116,4.98,0.033,0.016,20,90.05,ISO9001+ISO14001,0,0
172,AMER,842.79,92.16,8,17.63,1,0.0,1268,5.23,0.047,0.02,17,84.65,None,0,0
172,AMER,842.79,92.16,8,19.13,1,0.0,920,4.9,0.0,0.018,15,66.93,ISO9001,1,0
172,AMER,842.79,92.16,8,21.04,1,0.0,906,4.84,0.0,0.033,35,80.94,ISO9001+ISO14001,0,0
172,AMER,842.79,92.16,8,22.43,1,0.0,1420,4.28,0.067,0.022,31,90.75,ISO9001,1,0
172,AMER,842.79,92.16,8,20.82,1,0.0,1108,4.47,0.04,0.011,14,56.37,ISO9001+ISO14001,0,0
172,AMER,842.79,92.16,8,24.54,1,0.0,398,5.24,0.066,0.003,1,81.21,None,0,0
172,AMER,842.79,92.16,8,19.26,1,0.0,512,5.0,0.053,0.0,0,66.86,ISO9001,0,0
172,AMER,842.79,92.16,8,15.43,1,0.0,1578,4.57,0.026,0.013,11,75.35,ISO9001,0,0
172,AMER,842.79,92.16,8,25.54,1,0.0,895,5.47,0.033,0.028,28,69.27,ISO9001,0,0
172,AMER,842.79,92.16,8,22.02,1,0.0,1383,5.3,0.025,0.017,23,72.17,ISO9001,1,0
172,AMER,842.79,92.16,8,21.01,0,9.43,1110,4.99,0.026,0.006,6,91.04,None,0,0
172,AMER,842.79,92.16,8,24.58,1,0.0,1007,5.4,0.065,0.029,19,80.49,None,0,0
172,AMER,842.79,92.16,8,18.15,1,0.0,719,5.34,0.023,0.014,9,81.84,None,0,0
172,AMER,842.79,92.16,8,25.78,1,0.0,1202,4.54,0.044,0.015,17,79.59,ISO9001,0,0
172,AMER,842.79,92.16,8,22.39,1,0.0,1251,5.17,0.011,0.007,7,87.9,ISO9001,1,0
172,AMER,842.79,92.16,8,21.6,1,0.0,1022,4.94,0.036,0.013,11,89.76,None,0,0
172,AMER,842.79,92.16,8,23.4,1,0.0,584,5.81,0.057,0.001,0,58.23,ISO9001+ISO14001,0,0
172,AMER,842.79,92.16,8,22.8,1,0.0,963,3.86,0.017,0.016,14,81.79,ISO9001,0,0
172,AMER,842.79,92.16,8,20.44,1,0.0,737,4.78,0.002,0.011,11,67.56,ISO9001+ISO14001,1,0
172,AMER,842.79,92.16,8,18.47,1,0.0,1187,4.96,0.046,0.006,5,83.88,ISO9001+ISO14001,1,0
172,AMER,842.79,92.16,8,17.63,1,0.0,953,5.6,0.022,0.0,0,77.91,None,0,0
172,AMER,842.79,92.16,8,17.95,1,0.0,781,4.23,0.054,0.009,8,61.76,ISO9001,1,0
172,AMER,842.79,92.16,8,16.61,1,0.0,891,5.64,0.019,0.0,0,69.45,ISO9001+ISO14001,0,0
172,AMER,842.79,92.16,8,26.69,1,0.0,808,4.76,0.068,0.019,11,85.85,ISO9001,1,0
172,AMER,842.79,92.16,8,25.31,1,0.0,697,5.02,0.04,0.013,10,56.33,ISO9001+ISO14001,1,0
172,AMER,842.79,92.16,8,21.69,1,0.0,975,4.42,0.028,0.011,11,77.14,ISO9001,1,0
172,AMER,842.79,92.16,8,20.39,1,0.0,1375,5.31,0.051,0.019,14,95.36,ISO9001,0,0
172,AMER,842.79,92.16,8,21.65,1,0.0,1285,4.1,0.02,0.023,30,77.7,None,0,0
173,APAC,3887.91,70.31,13,32.0,1,0.0,899,5.83,0.085,0.021,21,78.24,ISO9001,1,0
173,APAC,3887.91,70.31,13,34.03,1,0.0,826,4.9,0.019,0.017,14,90.5,ISO9001,1,0
173,APAC,3887.91,70.31,13,35.61,1,0.0,745,4.66,0.026,0.0,0,89.0,None,0,0
173,APAC,3887.91,70.31,13,30.49,1,0.0,631,5.08,0.028,0.029,22,64.95,ISO9001,0,0
173,APAC,3887.91,70.31,13,30.74,1,0.0,1006,5.77,0.026,0.035,38,69.17,None,0,0
173,APAC,3887.91,70.31,13,37.11,1,0.0,1270,5.8,0.013,0.015,18,80.95,None,0,0
173,APAC,3887.91,70.31,13,31.66,1,0.0,1280,4.08,0.07,0.001,0,81.97,None,0,0
173,APAC,3887.91,70.31,13,38.92,1,0.0,1270,5.16,0.026,0.023,35,67.75,ISO9001+ISO14001,1,0
173,APAC,3887.91,70.31,13,32.25,1,0.0,1423,4.73,0.032,0.0,0,75.13,None,0,0
173,APAC,3887.91,70.31,13,32.12,1,0.0,1299,5.2,0.01,0.012,18,96.11,ISO9001+ISO14001,1,0
173,APAC,3887.91,70.31,13,33.94,0,6.94,1022,5.49,0.047,0.02,24,82.37,None,0,0
173,APAC,3887.91,70.31,13,35.38,1,0.0,1329,5.28,0.0,0.018,22,73.39,None,0,0
173,APAC,3887.91,70.31,13,36.58,1,0.0,1278,4.7,0.019,0.012,9,84.52,None,1,0
173,APAC,3887.91,70.31,13,36.51,1,0.0,1491,4.39,0.0,0.0,0,72.92,ISO9001,0,0
173,APAC,3887.91,70.31,13,35.5,1,0.0,905,5.63,0.043,0.01,6,83.57,None,1,0
173,APAC,3887.91,70.31,13,38.8,1,0.0,752,4.12,0.027,0.025,17,81.28,None,0,0
173,APAC,3887.91,70.31,13,31.14,1,0.0,934,4.61,0.033,0.034,38,68.74,None,0,0
173,APAC,3887.91,70.31,13,36.24,1,0.0,1319,6.66,0.019,0.008,12,79.32,ISO9001,0,0
173,APAC,3887.91,70.31,13,36.78,1,0.0,977,5.26,0.048,0.0,0,82.28,ISO9001,1,0
173,APAC,3887.91,70.31,13,30.21,1,0.0,850,3.89,0.014,0.019,19,82.37,None,0,0
173,APAC,3887.91,70.31,13,37.2,1,0.0,1062,5.97,0.031,0.013,11,73.17,None,0,0
173,APAC,3887.91,70.31,13,29.3,1,0.0,1302,6.53,0.004,0.004,4,80.83,ISO9001,1,0
173,APAC,3887.91,70.31,13,29.66,1,0.0,966,4.87,0.08,0.022,16,64.55,ISO9001,0,0
173,APAC,3887.91,70.31,13,29.52,0,4.37,753,4.89,0.016,0.016,9,84.9,ISO9001,1,0
173,APAC,3887.91,70.31,13,39.17,1,0.0,1052,5.26,0.041,0.019,20,79.85,ISO9001,1,0
173,APAC,3887.91,70.31,13,29.37,1,0.0,852,6.04,0.038,0.028,23,78.19,ISO9001+ISO14001,0,0
173,APAC,3887.91,70.31,13,33.44,1,0.0,1026,5.13,0.049,0.029,24,77.99,ISO9001,1,0
173,APAC,3887.91,70.31,13,31.27,1,0.0,983,4.32,0.086,0.022,27,79.49,ISO9001,0,0
173,APAC,3887.91,70.31,13,30.5,1,0.0,805,5.74,0.003,0.024,14,81.43,ISO9001+ISO14001,0,0
173,APAC,3887.91,70.31,13,33.53,1,0.0,766,5.42,0.0,0.036,30,72.05,None,0,0
173,APAC,3887.91,70.31,13,36.04,1,0.0,611,3.67,0.048,0.009,4,64.26,ISO9001,0,0
173,APAC,3887.91,70.31,13,35.2,1,0.0,530,4.78,0.028,0.009,4,80.21,ISO9001+ISO14001,0,0
173,APAC,3887.91,70.31,13,34.73,1,0.0,1227,5.24,0.0,0.012,13,65.13,ISO9001,0,0
173,APAC,3887.91,70.31,13,29.46,0,4.41,1027,5.72,0.0,0.015,13,66.59,ISO9001,0,0
173,APAC,3887.91,70.31,13,37.09,1,0.0,1115,5.23,0.049,0.006,8,67.11,ISO9001,1,0
173,APAC,3887.91,70.31,13,33.09,1,0.0,1397,4.62,0.022,0.008,14,58.68,ISO9001+ISO14001,0,0
173,APAC,3887.91,70.31,13,29.56,0,6.6,828,4.17,0.044,0.027,30,87.55,None,1,0
173,APAC,3887.91,70.31,13,40.43,1,0.0,1079,5.07,0.009,0.025,23,63.61,None,0,0
173,APAC,3887.91,70.31,13,36.43,1,0.0,838,5.29,0.045,0.005,6,84.04,None,0,0
173,APAC,3887.91,70.31,13,32.46,1,0.0,1255,5.36,0.011,0.018,15,78.03,ISO9001,1,0
173,APAC,3887.91,70.31,13,34.36,1,0.0,1187,4.1,0.072,0.0,0,85.8,ISO9001,1,0
174,APAC,3903.6,71.61,1,29.52,1,0.0,1112,5.35,0.075,0.033,41,64.05,ISO9001,0,0
174,APAC,3903.6,71.61,1,31.89,1,0.0,1491,5.37,0.019,0.022,43,69.44,ISO9001,1,0
174,APAC,3903.6,71.61,1,39.91,1,0.0,937,5.26,0.023,0.035,33,87.86,ISO9001,1,0
174,APAC,3903.6,71.61,1,37.44,1,0.0,863,5.17,0.031,0.02,12,71.78,ISO9001,0,0
174,APAC,3903.6,71.61,1,38.51,1,0.0,628,5.73,0.069,0.015,13,81.06,None,0,0
174,APAC,3903.6,71.61,1,33.14,1,0.0,930,4.35,0.043,0.014,11,75.48,ISO9001,0,0
174,APAC,3903.6,71.61,1,31.99,0,4.54,1177,5.69,0.071,0.025,31,62.61,ISO9001,1,0
174,APAC,3903.6,71.61,1,33.0,1,0.0,1217,5.47,0.019,0.024,33,83.55,ISO9001,0,0
174,APAC,3903.6,71.61,1,33.24,1,0.0,999,4.87,0.022,0.013,19,87.58,None,0,0
174,APAC,3903.6,71.61,1,35.31,1,0.0,866,5.13,0.069,0.014,12,74.73,ISO9001,1,0
174,APAC,3903.6,71.61,1,35.81,1,0.0,961,4.57,0.084,0.004,4,81.55,None,0,0
174,APAC,3903.6,71.61,1,38.16,1,0.0,847,5.19,0.034,0.014,8,87.44,ISO9001,0,0
174,APAC,3903.6,71.61,1,34.3,0,5.37,1443,5.45,0.062,0.024,28,83.53,ISO9001,1,0
174,APAC,3903.6,71.61,1,34.09,0,9.23,1340,4.37,0.038,0.021,31,81.19,ISO9001,0,0
174,APAC,3903.6,71.61,1,32.43,1,0.0,1170,4.99,0.013,0.047,47,72.38,None,0,0
174,APAC,3903.6,71.61,1,33.76,1,0.0,449,5.14,0.003,0.03,18,59.56,ISO9001,0,0
174,APAC,3903.6,71.61,1,30.94,1,0.0,884,4.79,0.026,0.018,13,86.31,ISO9001+ISO14001,1,0
174,APAC,3903.6,71.61,1,34.16,1,0.0,852,4.77,0.048,0.029,22,82.2,ISO9001,0,0
174,APAC,3903.6,71.61,1,35.69,1,0.0,1545,5.23,0.036,0.015,22,66.65,ISO9001,1,0
174,APAC,3903.6,71.61,1,33.24,0,8.88,1072,5.34,0.044,0.028,32,72.9,ISO9001,1,0
174,APAC,3903.6,71.61,1,32.94,1,0.0,1264,6.43,0.033,0.007,9,76.14,ISO9001,0,0
174,APAC,3903.6,71.61,1,35.9,1,0.0,1151,4.51,0.042,0.033,45,92.44,None,0,0
174,APAC,3903.6,71.61,1,35.14,1,0.0,1369,4.08,0.036,0.028,44,78.12,None,0,0
174,APAC,3903.6,71.61,1,32.57,1,0.0,886,5.04,0.026,0.016,21,76.78,ISO9001,0,0
174,APAC,3903.6,71.61,1,34.16,1,0.0,1087,4.95,0.051,0.017,20,81.69,ISO9001,0,0
174,APAC,3903.6,71.61,1,33.61,1,0.0,1116,4.68,0.056,0.044,63,83.94,ISO9001,0,0
174,APAC,3903.6,71.61,1,30.83,1,0.0,977,5.53,0.013,0.037,42,71.96,ISO9001+ISO14001,0,0
174,APAC,3903.6,71.61,1,32.86,1,0.0,310,4.91,0.05,0.027,12,82.67,ISO9001+ISO14001,0,0
174,APAC,3903.6,71.61,1,30.89,1,0.0,981,4.18,0.012,0.024,19,63.56,ISO9001,1,0
174,APAC,3903.6,71.61,1,32.69,0,5.9,1351,5.43,0.059,0.034,38,68.3,ISO9001,1,0
174,APAC,3903.6,71.61,1,35.83,1,0.0,1130,3.67,0.052,0.028,35,59.94,None,0,0
174,APAC,3903.6,71.61,1,35.8,1,0.0,974,4.34,0.027,0.024,28,73.91,ISO9001+ISO14001,1,0
174,APAC,3903.6,71.61,1,33.57,1,0.0,983,4.34,0.06,0.02,17,66.43,ISO9001,1,0
174,APAC,3903.6,71.61,1,33.52,1,0.0,513,4.31,0.063,0.041,23,78.51,ISO9001,0,0
174,APAC,3903.6,71.61,1,38.39,1,0.0,1011,5.64,0.043,0.019,17,63.0,None,0,0
174,APAC,3903.6,71.61,1,36.52,1,0.0,579,6.55,0.015,0.016,9,82.39,None,0,0
174,APAC,3903.6,71.61,1,32.96,1,0.0,840,5.09,0.006,0.041,36,77.0,ISO9001+ISO14001,0,0
174,APAC,3903.6,71.61,1,39.13,1,0.0,1124,4.62,0.036,0.038,36,82.47,ISO9001+ISO14001,1,0
174,APAC,3903.6,71.61,1,34.46,1,0.0,1642,4.78,0.018,0.025,49,64.77,ISO9001,0,0
174,APAC,3903.6,71.61,1,31.05,1,0.0,1820,5.53,0.024,0.032,75,74.7,ISO9001,1,0
175,APAC,4078.79,62.51,4,34.56,1,0.0,1297,5.76,0.028,0.01,10,76.77,ISO9001+ISO14001,0,0
175,APAC,4078.79,62.51,4,34.37,1,0.0,891,5.69,0.031,0.039,44,81.37,ISO9001+ISO14001,0,0
175,APAC,4078.79,62.51,4,41.9,1,0.0,1172,5.88,0.023,0.022,27,69.46,ISO9001+ISO14001,1,0
175,APAC,4078.79,62.51,4,31.48,1,0.0,1178,5.24,0.012,0.019,23,89.3,ISO9001,1,0
175,APAC,4078.79,62.51,4,33.76,1,0.0,726,5.18,0.022,0.017,23,70.11,ISO9001+ISO14001,1,0
175,APAC,4078.79,62.51,4,36.18,1,0.0,770,4.05,0.054,0.013,13,66.91,ISO9001,1,0
175,APAC,4078.79,62.51,4,35.41,0,8.14,1110,5.53,0.01,0.027,36,83.85,None,0,0
175,APAC,4078.79,62.51,4,31.62,1,0.0,860,5.32,0.046,0.013,14,69.72,ISO9001,0,0
175,APAC,4078.79,62.51,4,38.43,1,0.0,1308,4.62,0.02,0.029,31,79.53,ISO9001,1,0
175,APAC,4078.79,62.51,4,32.22,1,0.0,1717,4.38,0.044,0.008,13,80.98,ISO9001,1,0
175,APAC,4078.79,62.51,4,33.77,1,0.0,771,5.89,0.022,0.023,16,72.11,ISO9001+ISO14001,0,0
175,APAC,4078.79,62.51,4,33.45,1,0.0,453,4.89,0.053,0.029,13,98.53,None,0,0
175,APAC,4078.79,62.51,4,33.92,0,9.03,1320,5.43,0.025,0.028,36,77.54,None,0,0
175,APAC,4078.79,62.51,4,38.05,1,0.0,725,5.28,0.057,0.032,27,77.49,ISO9001,0,0
175,APAC,4078.79,62.51,4,35.11,1,0.0,914,4.66,0.055,0.009,10,87.71,ISO9001+ISO14001,1,0
175,APAC,4078.79,62.51,4,31.51,1,0.0,902,4.86,0.044,0.018,10,74.86,ISO9001,0,0
175,APAC,4078.79,62.51,4,38.0,1,0.0,830,4.05,0.038,0.017,14,75.43,ISO9001,0,0
176,EMEA,2482.35,74.38,2,25.24,1,0.0,1055,4.62,0.044,0.042,47,87.31,None,0,0
176,EMEA,2482.35,74.38,2,24.05,1,0.0,608,5.69,0.037,0.026,18,84.5,ISO9001,0,0
176,EMEA,2482.35,74.38,2,28.83,1,0.0,1129,5.23,0.068,0.011,7,80.3,ISO9001,0,0
176,EMEA,2482.35,74.38,2,26.72,1,0.0,1145,5.21,0.015,0.04,39,66.32,ISO9001,1,0
176,EMEA,2482.35,74.38,2,30.33,0,4.5,1051,4.96,0.044,0.007,5,74.14,ISO9001,1,0
176,EMEA,2482.35,74.38,2,33.16,1,0.0,837,4.46,0.021,0.024,23,64.74,None,0,0
176,EMEA,2482.35,74.38,2,27.68,0,6.28,871,5.01,0.032,0.028,24,73.22,None,0,0
176,EMEA,2482.35,74.38,2,25.45,1,0.0,856,5.2,0.041,0.042,53,82.21,None,0,0
176,EMEA,2482.35,74.38,2,24.39,0,5.21,1010,4.6,0.059,0.014,13,83.62,None,0,0
176,EMEA,2482.35,74.38,2,27.32,1,0.0,1052,4.26,0.004,0.029,43,78.59,ISO9001+ISO14001,1,0
176,EMEA,2482.35,74.38,2,20.62,0,3.25,1434,4.82,0.061,0.019,20,68.27,ISO9001,1,0
176,EMEA,2482.35,74.38,2,30.97,1,0.0,443,5.13,0.06,0.027,9,58.73,ISO9001+ISO14001,1,0
176,EMEA,2482.35,74.38,2,25.33,1,0.0,1099,4.95,0.072,0.042,39,72.1,ISO9001,0,0
176,EMEA,2482.35,74.38,2,31.69,0,7.52,1477,4.62,0.036,0.007,9,93.3,ISO9001+ISO14001,1,0
176,EMEA,2482.35,74.38,2,27.97,0,2.98,1410,5.12,0.037,0.037,37,76.66,ISO9001,0,0
176,EMEA,2482.35,74.38,2,25.06,1,0.0,911,3.88,0.031,0.02,20,70.24,ISO9001,1,0
176,EMEA,2482.35,74.38,2,27.59,0,7.95,394,5.47,0.034,0.008,3,71.65,ISO9001+ISO14001,0,0
176,EMEA,2482.35,74.38,2,29.37,1,0.0,1053,4.27,0.055,0.022,26,61.65,ISO9001+ISO14001,1,0
176,EMEA,2482.35,74.38,2,29.9,1,0.0,1124,4.78,0.062,0.013,13,71.2,ISO9001,1,0
176,EMEA,2482.35,74.38,2,30.57,1,0.0,1214,5.63,0.036,0.028,34,73.11,ISO9001+ISO14001,0,0
176,EMEA,2482.35,74.38,2,25.09,1,0.0,1319,5.17,0.034,0.032,40,62.7,None,0,0
176,EMEA,2482.35,74.38,2,25.6,1,0.0,1435,4.86,0.045,0.033,64,75.63,ISO9001,1,0
176,EMEA,2482.35,74.38,2,29.61,1,0.0,940,4.31,0.059,0.026,20,81.24,ISO9001+ISO14001,1,0
176,EMEA,2482.35,74.38,2,26.95,1,0.0,877,5.25,0.07,0.033,34,57.78,ISO9001+ISO14001,0,0
176,EMEA,2482.35,74.38,2,21.84,1,0.0,711,5.89,0.0,0.052,34,87.67,None,0,0
176,EMEA,2482.35,74.38,2,25.27,1,0.0,1290,3.98,0.058,0.031,43,79.29,ISO9001,0,0
176,EMEA,2482.35,74.38,2,21.2,1,0.0,891,5.28,0.0,0.027,24,65.88,ISO9001,1,0
176,EMEA,2482.35,74.38,2,27.44,1,0.0,943,4.69,0.012,0.032,24,70.23,ISO9001,1,0
176,EMEA,2482.35,74.38,2,24.23,1,0.0,795,5.43,0.045,0.035,32,91.07,ISO9001,0,0
176,EMEA,2482.35,74.38,2,30.66,1,0.0,818,3.69,0.045,0.048,39,81.7,ISO9001,1,0
176,EMEA,2482.35,74.38,2,27.81,1,0.0,1402,4.77,0.079,0.015,31,85.3,ISO9001,0,0
177,EMEA,2616.91,62.82,2,32.21,1,0.0,1095,4.22,0.041,0.002,6,88.57,ISO9001,1,0
177,EMEA,2616.91,62.82,2,25.63,1,0.0,989,5.82,0.032,0.027,34,80.41,ISO9001,1,0
177,EMEA,2616.91,62.82,2,25.43,1,0.0,926,4.9,0.038,0.022,18,74.83,ISO9001+ISO14001,0,0
177,EMEA,2616.91,62.82,2,28.96,1,0.0,756,4.57,0.054,0.0,0,69.62,None,1,0
177,EMEA,2616.91,62.82,2,31.21,0,7.83,1166,3.34,0.053,0.019,21,84.39,ISO9001,0,0
177,EMEA,2616.91,62.82,2,30.38,1,0.0,945,5.98,0.042,0.014,13,76.92,ISO9001+ISO14001,0,0
177,EMEA,2616.91,62.82,2,29.68,1,0.0,769,5.38,0.05,0.01,9,72.5,ISO9001+ISO14001,1,0
177,EMEA,2616.91,62.82,2,34.45,0,9.33,1063,5.19,0.012,0.045,44,89.39,ISO9001,0,0
177,EMEA,2616.91,62.82,2,24.49,1,0.0,961,4.24,0.052,0.019,19,62.2,None,0,0
177,EMEA,2616.91,62.82,2,28.56,1,0.0,1163,4.35,0.007,0.007,7,81.54,None,0,0
177,EMEA,2616.91,62.82,2,25.67,1,0.0,1267,5.05,0.002,0.018,23,69.65,ISO9001,1,0
177,EMEA,2616.91,62.82,2,31.95,1,0.0,1109,5.15,0.015,0.026,35,72.4,ISO9001+ISO14001,1,0
177,EMEA,2616.91,62.82,2,31.28,1,0.0,904,5.0,0.054,0.013,18,74.56,ISO9001+ISO14001,1,0
177,EMEA,2616.91,62.82,2,26.3,0,1.38,1554,5.7,0.015,0.013,20,77.9,ISO9001+ISO14001,1,0
177,EMEA,2616.91,62.82,2,30.23,0,7.74,1056,5.63,0.03,0.0,0,76.14,ISO9001,0,0
177,EMEA,2616.91,62.82,2,29.08,1,0.0,475,5.34,0.06,0.039,13,100.0,None,0,0
177,EMEA,2616.91,62.82,2,30.23,1,0.0,784,5.07,0.007,0.029,27,69.35,ISO9001,1,0
177,EMEA,2616.91,62.82,2,29.27,1,0.0,1454,5.49,0.043,0.023,42,82.55,None,0,0
177,EMEA,2616.91,62.82,2,33.72,1,0.0,939,5.36,0.031,0.018,12,92.62,ISO9001,1,0
177,EMEA,2616.91,62.82,2,28.3,1,0.0,1555,5.91,0.061,0.025,40,80.75,ISO9001,1,0
177,EMEA,2616.91,62.82,2,28.69,1,0.0,1007,5.17,0.045,0.04,43,71.35,ISO9001,1,0
177,EMEA,2616.91,62.82,2,24.72,1,0.0,1033,5.29,0.045,0.026,14,78.81,ISO9001,0,0
177,EMEA,2616.91,62.82,2,29.09,1,0.0,1208,5.44,0.008,0.0,0,93.63,ISO9001+ISO14001,1,0
177,EMEA,2616.91,62.82,2,17.98,1,0.0,822,3.55,0.047,0.014,12,83.6,ISO9001+ISO14001,0,0
177,EMEA,2616.91,62.82,2,34.5,1,0.0,1082,4.8,0.035,0.015,17,77.19,ISO9001+ISO14001,0,0
177,EMEA,2616.91,62.82,2,25.54,0,4.38,1161,5.13,0.009,0.004,3,78.44,ISO9001+ISO14001,1,0
177,EMEA,2616.91,62.82,2,28.35,1,0.0,791,3.81,0.061,0.008,4,84.4,ISO9001,1,0
177,EMEA,2616.91,62.82,2,27.59,1,0.0,864,5.35,0.048,0.012,5,87.4,None,0,0
177,EMEA,2616.91,62.82,2,32.07,0,9.37,929,4.0,0.042,0.0,0,83.85,ISO9001,0,0
177,EMEA,2616.91,62.82,2,28.72,1,0.0,626,4.71,0.045,0.025,13,74.93,ISO9001,1,0
177,EMEA,2616.91,62.82,2,29.67,0,8.49,695,5.42,0.048,0.024,18,72.41,ISO9001+ISO14001,1,0
177,EMEA,2616.91,62.82,2,29.29,1,0.0,950,5.09,0.027,0.032,37,98.19,None,1,0
177,EMEA,2616.91,62.82,2,28.26,0,3.72,1185,5.6,0.038,0.012,20,76.16,ISO9001,1,0
177,EMEA,2616.91,62.82,2,27.17,1,0.0,786,4.62,0.026,0.013,6,69.69,ISO9001,0,0
177,EMEA,2616.91,62.82,2,29.95,1,0.0,971,4.67,0.055,0.023,23,88.54,ISO9001+ISO14001,1,0
177,EMEA,2616.91,62.82,2,24.96,1,0.0,732,4.88,0.043,0.003,3,75.22,ISO9001+ISO14001,1,0
177,EMEA,2616.91,62.82,2,28.72,1,0.0,1011,5.9,0.042,0.027,33,75.61,ISO9001,1,0
177,EMEA,2616.91,62.82,2,30.93,1,0.0,1156,5.19,0.061,0.03,34,83.86,ISO9001,1,0
177,EMEA,2616.91,62.82,2,30.16,1,0.0,942,5.01,0.029,0.019,15,76.21,ISO9001+ISO14001,1,0
177,EMEA,2616.91,62.82,2,26.29,1,0.0,1199,5.38,0.034,0.034,43,72.75,ISO9001,1,0
177,EMEA,2616.91,62.82,2,31.83,1,0.0,1096,5.0,0.022,0.023,30,86.24,ISO9001,1,0
177,EMEA,2616.91,62.82,2,29.86,1,0.0,402,5.56,0.0,0.01,7,93.01,None,0,0
177,EMEA,2616.91,62.82,2,27.6,1,0.0,1083,4.7,0.042,0.027,33,71.19,ISO9001,0,0
177,EMEA,2616.91,62.82,2,24.93,1,0.0,1270,4.36,0.052,0.01,11,58.67,ISO9001,1,0
177,EMEA,2616.91,62.82,2,29.17,1,0.0,1123,5.27,0.007,0.007,5,66.53,None,0,0
177,EMEA,2616.91,62.82,2,29.45,1,0.0,945,6.12,0.026,0.025,17,75.5,None,0,0
177,EMEA,2616.91,62.82,2,30.09,1,0.0,1089,5.22,0.012,0.003,4,64.83,ISO9001,1,0
177,EMEA,2616.91,62.82,2,26.61,1,0.0,921,4.34,0.066,0.005,3,82.35,ISO9001,1,0
177,EMEA,2616.91,62.82,2,32.06,1,0.0,1442,4.93,0.052,0.016,26,87.25,ISO9001,1,0
177,EMEA,2616.91,62.82,2,26.39,1,0.0,1108,5.48,0.042,0.015,20,67.96,ISO9001,1,0
177,EMEA,2616.91,62.82,2,27.18,0,5.0,916,4.21,0.041,0.024,18,70.76,None,0,0
177,EMEA,2616.91,62.82,2,30.72,0,5.28,920,5.24,0.059,0.026,25,80.85,ISO9001+ISO14001,1,0
177,EMEA,2616.91,62.82,2,29.65,1,0.0,934,5.49,0.045,0.028,24,82.36,ISO9001,1,0
177,EMEA,2616.91,62.82,2,31.91,1,0.0,1140,5.19,0.027,0.024,28,69.88,ISO9001+ISO14001,1,0
177,EMEA,2616.91,62.82,2,24.12,0,4.35,1051,3.83,0.018,0.013,13,60.78,ISO9001,1,0
177,EMEA,2616.91,62.82,2,28.45,1,0.0,951,4.96,0.021,0.013,14,67.75,None,1,0
177,EMEA,2616.91,62.82,2,30.7,1,0.0,702,3.88,0.03,0.023,14,73.25,ISO9001,1,0
177,EMEA,2616.91,62.82,2,30.68,1,0.0,520,4.2,0.037,0.011,5,83.24,None,0,0
177,EMEA,2616.91,62.82,2,29.65,1,0.0,928,5.66,0.0,0.03,27,83.48,None,0,0
178,AMER,1505.02,70.72,6,22.5,0,2.44,877,4.11,0.07,0.004,1,75.52,ISO9001,1,0
178,AMER,1505.02,70.72,6,23.03,1,0.0,1185,5.43,0.026,0.016,14,70.83,None,0,0
178,AMER,1505.02,70.72,6,21.6,1,0.0,1136,5.56,0.031,0.013,16,81.99,ISO9001,1,0
178,AMER,1505.02,70.72,6,17.87,1,0.0,929,5.4,0.039,0.018,19,79.5,ISO9001+ISO14001,1,0
178,AMER,1505.02,70.72,6,25.0,1,0.0,780,5.16,0.034,0.028,15,72.92,ISO9001,1,0
178,AMER,1505.02,70.72,6,22.86,1,0.0,1081,4.69,0.021,0.01,9,70.63,ISO9001,0,0
178,AMER,1505.02,70.72,6,22.72,1,0.0,818,5.03,0.044,0.003,4,86.69,ISO9001,0,0
178,AMER,1505.02,70.72,6,23.16,1,0.0,1116,4.65,0.053,0.016,23,89.46,ISO9001,1,0
178,AMER,1505.02,70.72,6,20.56,1,0.0,625,4.87,0.065,0.001,1,61.83,ISO9001,0,0
178,AMER,1505.02,70.72,6,20.4,1,0.0,950,5.51,0.053,0.024,22,67.5,None,0,0
178,AMER,1505.02,70.72,6,25.08,1,0.0,1058,4.49,0.039,0.005,5,83.62,ISO9001+ISO14001,1,0
178,AMER,1505.02,70.72,6,22.82,1,0.0,835,5.0,0.05,0.005,4,61.71,ISO9001,0,0
178,AMER,1505.02,70.72,6,21.87,1,0.0,1033,4.92,0.01,0.012,20,75.37,None,0,0
178,AMER,1505.02,70.72,6,27.11,1,0.0,784,4.87,0.0,0.024,22,92.62,ISO9001,1,0
178,AMER,1505.02,70.72,6,21.75,1,0.0,947,4.9,0.098,0.014,17,65.18,ISO9001+ISO14001,1,0
178,AMER,1505.02,70.72,6,23.38,1,0.0,1300,5.06,0.049,0.01,7,74.32,ISO9001+ISO14001,0,0
178,AMER,1505.02,70.72,6,24.47,1,0.0,837,4.83,0.066,0.023,19,68.43,ISO9001,0,0
178,AMER,1505.02,70.72,6,14.59,1,0.0,1084,5.2,0.036,0.028,36,75.23,None,0,0
178,AMER,1505.02,70.72,6,24.29,1,0.0,1251,5.78,0.034,0.016,22,69.91,ISO9001,1,0
178,AMER,1505.02,70.72,6,24.32,0,4.28,730,4.99,0.043,0.004,2,67.06,ISO9001,1,0
178,AMER,1505.02,70.72,6,19.34,1,0.0,942,5.44,0.044,0.017,11,85.48,None,0,0
178,AMER,1505.02,70.72,6,21.84,1,0.0,1371,4.82,0.035,0.003,4,71.36,ISO9001,1,0
178,AMER,1505.02,70.72,6,21.47,1,0.0,699,5.42,0.023,0.008,3,75.12,ISO9001,1,0
178,AMER,1505.02,70.72,6,29.65,1,0.0,995,3.33,0.046,0.026,27,72.93,ISO9001+ISO14001,0,0
178,AMER,1505.02,70.72,6,19.15,1,0.0,635,4.8,0.052,0.003,2,69.57,None,1,0
178,AMER,1505.02,70.72,6,23.66,1,0.0,854,5.28,0.04,0.005,4,93.85,None,0,0
178,AMER,1505.02,70.72,6,27.31,1,0.0,971,5.04,0.0,0.012,14,76.02,None,0,0
178,AMER,1505.02,70.72,6,17.37,1,0.0,957,4.96,0.057,0.0,0,67.31,ISO9001,0,0
178,AMER,1505.02,70.72,6,26.5,1,0.0,1026,4.75,0.037,0.011,15,83.9,ISO9001,0,0
178,AMER,1505.02,70.72,6,23.95,1,0.0,987,4.62,0.018,0.013,18,82.83,ISO9001+ISO14001,1,0
178,AMER,1505.02,70.72,6,29.34,1,0.0,1260,4.91,0.021,0.013,21,68.89,ISO9001+ISO14001,1,0
178,AMER,1505.02,70.72,6,28.15,1,0.0,771,4.39,0.07,0.007,8,72.65,ISO9001+ISO14001,1,0
178,AMER,1505.02,70.72,6,21.58,1,0.0,1107,6.06,0.042,0.026,36,81.97,ISO9001+ISO14001,1,0
179,APAC,3922.22,87.0,6,35.14,1,0.0,1179,4.52,0.066,0.022,20,89.38,ISO9001,1,0
179,APAC,3922.22,87.0,6,35.35,1,0.0,1210,5.59,0.023,0.013,15,65.26,ISO9001,0,0
179,APAC,3922.22,87.0,6,32.11,1,0.0,1097,5.27,0.008,0.0,0,84.7,ISO9001,0,0
179,APAC,3922.22,87.0,6,33.28,1,0.0,596,4.96,0.024,0.013,9,82.37,ISO9001,1,0
179,APAC,3922.22,87.0,6,29.6,1,0.0,1299,4.53,0.035,0.019,30,82.55,ISO9001,0,0
179,APAC,3922.22,87.0,6,33.81,1,0.0,744,5.32,0.038,0.029,30,87.76,ISO9001,1,0
179,APAC,3922.22,87.0,6,37.51,1,0.0,1003,5.39,0.042,0.006,6,80.32,ISO9001,0,0
179,APAC,3922.22,87.0,6,35.95,1,0.0,881,5.79,0.049,0.0,0,77.87,ISO9001,1,0
179,APAC,3922.22,87.0,6,30.72,1,0.0,917,5.17,0.0,0.002,2,81.42,ISO9001,1,0
179,APAC,3922.22,87.0,6,34.72,1,0.0,717,4.71,0.0,0.007,5,87.9,ISO9001,1,0
179,APAC,3922.22,87.0,6,36.52,1,0.0,1125,5.08,0.013,0.017,21,87.95,None,0,0
179,APAC,3922.22,87.0,6,34.98,1,0.0,1095,5.14,0.019,0.0,0,95.34,ISO9001+ISO14001,1,0
179,APAC,3922.22,87.0,6,36.26,1,0.0,1302,4.21,0.06,0.016,28,65.32,None,0,0
179,APAC,3922.22,87.0,6,34.64,1,0.0,649,6.1,0.036,0.019,12,52.59,ISO9001,1,0
179,APAC,3922.22,87.0,6,33.33,1,0.0,368,5.45,0.09,0.028,10,63.21,None,0,0
179,APAC,3922.22,87.0,6,39.65,1,0.0,1014,4.59,0.008,0.02,16,80.26,ISO9001,0,0
179,APAC,3922.22,87.0,6,28.77,1,0.0,1640,5.16,0.063,0.026,32,67.8,None,0,0
179,APAC,3922.22,87.0,6,31.74,1,0.0,1090,5.6,0.025,0.024,25,73.21,ISO9001,1,0
179,APAC,3922.22,87.0,6,36.09,1,0.0,1247,5.13,0.046,0.01,9,94.26,ISO9001,1,0
179,APAC,3922.22,87.0,6,39.77,1,0.0,1211,4.31,0.06,0.005,8,73.83,None,0,0
179,APAC,3922.22,87.0,6,36.72,1,0.0,1132,4.41,0.032,0.0,0,77.67,ISO9001,1,0
179,APAC,3922.22,87.0,6,34.12,1,0.0,1030,4.61,0.025,0.0,0,90.77,ISO9001,0,0
179,APAC,3922.22,87.0,6,34.85,1,0.0,1028,5.93,0.023,0.0,0,78.05,ISO9001,1,0
179,APAC,3922.22,87.0,6,33.23,1,0.0,1233,4.88,0.052,0.0,0,86.65,None,1,0
180,EMEA,2851.77,64.01,1,29.0,0,7.53,946,5.5,0.014,0.023,21,55.73,ISO9001+ISO14001,1,0
180,EMEA,2851.77,64.01,1,32.81,1,0.0,1128,5.07,0.044,0.032,29,59.6,ISO9001,1,0
180,EMEA,2851.77,64.01,1,28.51,1,0.0,956,4.36,0.027,0.049,36,68.3,ISO9001,1,0
180,EMEA,2851.77,64.01,1,35.95,0,4.02,447,5.7,0.046,0.028,19,66.92,ISO9001,0,0
180,EMEA,2851.77,64.01,1,30.03,1,0.0,1227,5.73,0.06,0.029,42,69.44,ISO9001,1,0
180,EMEA,2851.77,64.01,1,29.54,1,0.0,455,4.15,0.064,0.023,9,62.61,ISO9001,1,0
180,EMEA,2851.77,64.01,1,26.05,1,0.0,1289,4.18,0.051,0.03,33,78.89,ISO9001,1,0
180,EMEA,2851.77,64.01,1,28.96,1,0.0,540,4.7,0.0,0.041,22,89.98,None,1,0
180,EMEA,2851.77,64.01,1,29.39,1,0.0,807,4.8,0.055,0.04,39,69.95,ISO9001,0,0
180,EMEA,2851.77,64.01,1,34.12,1,0.0,713,4.12,0.031,0.026,18,68.13,ISO9001+ISO14001,1,0
180,EMEA,2851.77,64.01,1,30.72,0,5.57,999,4.85,0.038,0.036,38,74.93,ISO9001,1,0
180,EMEA,2851.77,64.01,1,27.94,1,0.0,1075,5.31,0.075,0.036,36,75.84,ISO9001,0,0
180,EMEA,2851.77,64.01,1,28.96,0,4.23,1077,6.71,0.041,0.018,20,60.32,ISO9001+ISO14001,0,0
180,EMEA,2851.77,64.01,1,30.36,1,0.0,740,4.46,0.041,0.04,26,65.3,ISO9001+ISO14001,1,0
180,EMEA,2851.77,64.01,1,23.09,1,0.0,1170,5.01,0.039,0.036,43,66.52,None,0,0
180,EMEA,2851.77,64.01,1,32.59,1,0.0,982,4.82,0.055,0.023,22,67.0,ISO9001,1,0
180,EMEA,2851.77,64.01,1,34.23,1,0.0,1146,4.76,0.085,0.057,51,77.3,ISO9001,0,0
180,EMEA,2851.77,64.01,1,28.74,1,0.0,1253,5.67,0.0,0.045,49,65.04,None,1,0
180,EMEA,2851.77,64.01,1,28.43,1,0.0,1038,5.18,0.051,0.023,19,79.89,ISO9001+ISO14001,1,0
180,EMEA,2851.77,64.01,1,26.63,1,0.0,1055,6.02,0.034,0.045,45,72.92,ISO9001,1,0
180,EMEA,2851.77,64.01,1,31.01,1,0.0,456,6.59,0.063,0.041,10,79.57,ISO9001,0,0
180,EMEA,2851.77,64.01,1,28.88,1,0.0,1092,4.64,0.049,0.032,24,77.19,ISO9001,0,0
180,EMEA,2851.77,64.01,1,28.58,1,0.0,1069,4.07,0.025,0.057,58,65.59,ISO9001,1,0
180,EMEA,2851.77,64.01,1,33.13,0,5.35,1535,5.12,0.053,0.028,50,73.36,ISO9001,1,0
180,EMEA,2851.77,64.01,1,25.88,1,0.0,1246,5.59,0.012,0.042,60,90.59,ISO9001,1,0
181,EMEA,2569.97,40.21,8,34.85,1,0.0,982,4.79,0.052,0.025,24,67.92,ISO9001,0,0
181,EMEA,2569.97,40.21,8,29.28,1,0.0,951,4.45,0.042,0.024,19,76.08,ISO9001,0,0
181,EMEA,2569.97,40.21,8,26.09,0,4.21,156,4.94,0.018,0.035,9,70.95,ISO9001+ISO14001,0,1
181,EMEA,2569.97,40.21,8,30.3,1,0.0,951,5.03,0.045,0.039,38,78.58,ISO9001,1,0
181,EMEA,2569.97,40.21,8,28.16,1,0.0,1263,5.23,0.074,0.03,51,68.66,ISO9001,0,0
181,EMEA,2569.97,40.21,8,24.69,1,0.0,634,4.24,0.041,0.014,7,65.33,ISO9001,0,0
181,EMEA,2569.97,40.21,8,26.84,1,0.0,793,4.83,0.024,0.026,10,67.55,ISO9001,0,0
181,EMEA,2569.97,40.21,8,30.44,0,3.28,641,5.5,0.037,0.037,24,67.62,None,0,1
181,EMEA,2569.97,40.21,8,33.22,1,0.0,780,5.65,0.048,0.023,13,62.81,ISO9001,1,0
181,EMEA,2569.97,40.21,8,28.21,1,0.0,683,5.54,0.038,0.044,25,62.37,None,0,0
181,EMEA,2569.97,40.21,8,32.19,1,0.0,1114,5.82,0.069,0.04,48,66.51,None,0,0
181,EMEA,2569.97,40.21,8,28.08,1,0.0,1040,5.24,0.055,0.018,16,74.27,ISO9001,1,0
181,EMEA,2569.97,40.21,8,29.56,1,0.0,1106,4.9,0.028,0.012,16,63.88,ISO9001,0,0
181,EMEA,2569.97,40.21,8,30.92,0,5.52,886,5.82,0.015,0.04,33,54.01,ISO9001+ISO14001,0,1
181,EMEA,2569.97,40.21,8,32.89,1,0.0,1012,5.64,0.068,0.028,27,79.97,None,0,0
181,EMEA,2569.97,40.21,8,28.81,1,0.0,901,5.55,0.026,0.049,36,54.53,ISO9001,1,0
181,EMEA,2569.97,40.21,8,26.91,1,0.0,1140,5.69,0.034,0.036,35,76.06,ISO9001,1,0
181,EMEA,2569.97,40.21,8,28.82,1,0.0,1042,5.33,0.065,0.041,37,80.21,None,0,0
181,EMEA,2569.97,40.21,8,29.46,1,0.0,1000,5.39,0.073,0.036,33,86.89,ISO9001,0,0
181,EMEA,2569.97,40.21,8,27.79,1,0.0,1383,4.85,0.069,0.03,38,70.3,ISO9001,1,0
181,EMEA,2569.97,40.21,8,31.91,1,0.0,1023,5.25,0.066,0.044,58,68.83,None,1,0
181,EMEA,2569.97,40.21,8,23.88,1,0.0,764,4.66,0.046,0.035,29,73.02,ISO9001+ISO14001,1,0
181,EMEA,2569.97,40.21,8,26.77,1,0.0,487,5.12,0.045,0.014,8,66.64,None,0,0
181,EMEA,2569.97,40.21,8,31.46,1,0.0,930,5.3,0.024,0.034,30,78.72,ISO9001+ISO14001,0,0
181,EMEA,2569.97,40.21,8,31.18,1,0.0,1170,5.5,0.006,0.055,60,84.9,ISO9001,0,0
181,EMEA,2569.97,40.21,8,25.4,1,0.0,955,5.35,0.064,0.0,0,56.27,ISO9001+ISO14001,1,0
181,EMEA,2569.97,40.21,8,30.46,1,0.0,928,4.84,0.044,0.034,39,67.61,ISO9001,1,0
181,EMEA,2569.97,40.21,8,30.59,1,0.0,990,4.96,0.032,0.061,57,75.41,ISO9001,0,0
181,EMEA,2569.97,40.21,8,31.3,1,0.0,776,5.06,0.026,0.016,8,80.27,ISO9001,0,0
181,EMEA,2569.97,40.21,8,28.69,1,0.0,1311,5.32,0.044,0.03,34,72.59,ISO9001,1,0
181,EMEA,2569.97,40.21,8,28.93,1,0.0,975,4.38,0.032,0.024,28,63.75,ISO9001,1,0
181,EMEA,2569.97,40.21,8,24.61,1,0.0,1101,5.02,0.048,0.03,30,76.46,ISO9001,0,0
181,EMEA,2569.97,40.21,8,28.56,0,5.95,959,4.13,0.038,0.04,39,89.78,ISO9001+ISO14001,1,0
181,EMEA,2569.97,40.21,8,23.8,1,0.0,926,4.72,0.063,0.023,16,74.14,ISO9001,1,0
181,EMEA,2569.97,40.21,8,33.6,0,7.17,1046,4.63,0.056,0.043,43,76.51,None,0,1
181,EMEA,2569.97,40.21,8,30.97,1,0.0,1560,5.68,0.055,0.03,50,65.98,ISO9001+ISO14001,1,0
181,EMEA,2569.97,40.21,8,28.55,1,0.0,569,5.52,0.063,0.028,14,56.95,None,0,0
181,EMEA,2569.97,40.21,8,22.84,1,0.0,810,5.06,0.061,0.018,17,75.87,None,0,0
181,EMEA,2569.97,40.21,8,32.85,1,0.0,827,5.95,0.02,0.023,14,71.27,ISO9001,1,0
181,EMEA,2569.97,40.21,8,26.96,1,0.0,1261,4.05,0.0,0.023,33,75.13,ISO9001,1,0
181,EMEA,2569.97,40.21,8,22.98,1,0.0,996,5.03,0.046,0.039,48,66.54,ISO9001,1,0
181,EMEA,2569.97,40.21,8,30.89,1,0.0,1307,4.6,0.012,0.012,11,93.93,ISO9001,0,0
181,EMEA,2569.97,40.21,8,34.48,1,0.0,971,6.05,0.0,0.031,23,82.83,ISO9001+ISO14001,0,0
181,EMEA,2569.97,40.21,8,21.38,1,0.0,997,5.39,0.008,0.045,49,81.31,ISO9001,1,0
181,EMEA,2569.97,40.21,8,29.13,1,0.0,1257,4.48,0.028,0.02,17,61.84,ISO9001,1,0
181,EMEA,2569.97,40.21,8,27.8,1,0.0,1497,5.02,0.051,0.021,39,75.46,ISO9001,1,0
181,EMEA,2569.97,40.21,8,29.58,1,0.0,939,4.3,0.05,0.049,52,90.37,ISO9001,1,0
182,AMER,754.36,72.56,6,24.48,1,0.0,1008,4.78,0.043,0.036,37,80.55,ISO9001,1,0
182,AMER,754.36,72.56,6,14.95,1,0.0,1178,4.54,0.037,0.027,31,72.55,ISO9001+ISO14001,0,0
182,AMER,754.36,72.56,6,23.96,0,5.48,1607,4.84,0.048,0.022,34,83.84,ISO9001,1,0
182,AMER,754.36,72.56,6,17.77,1,0.0,984,5.24,0.057,0.016,18,87.81,ISO9001,1,0
182,AMER,754.36,72.56,6,18.9,1,0.0,1258,5.78,0.01,0.024,44,54.26,ISO9001,1,0
182,AMER,754.36,72.56,6,20.29,1,0.0,868,6.75,0.011,0.015,12,71.4,ISO9001,0,0
182,AMER,754.36,72.56,6,20.51,1,0.0,949,5.52,0.022,0.025,29,80.95,ISO9001,0,0
182,AMER,754.36,72.56,6,21.2,0,1.73,1189,4.52,0.034,0.015,19,71.04,ISO9001+ISO14001,0,0
182,AMER,754.36,72.56,6,21.73,1,0.0,951,5.26,0.019,0.013,14,62.26,ISO9001,0,0
182,AMER,754.36,72.56,6,18.23,0,4.21,968,5.65,0.018,0.028,24,68.44,ISO9001+ISO14001,1,0
182,AMER,754.36,72.56,6,22.9,1,0.0,1221,4.52,0.035,0.012,12,65.91,ISO9001+ISO14001,1,0
182,AMER,754.36,72.56,6,22.7,1,0.0,1523,4.34,0.056,0.023,32,72.08,ISO9001+ISO14001,0,0
182,AMER,754.36,72.56,6,25.51,1,0.0,841,5.55,0.028,0.016,12,72.92,ISO9001,0,0
182,AMER,754.36,72.56,6,18.89,1,0.0,1047,5.75,0.031,0.014,7,83.83,ISO9001,1,0
182,AMER,754.36,72.56,6,24.44,1,0.0,317,3.92,0.026,0.029,8,68.44,ISO9001+ISO14001,0,0
182,AMER,754.36,72.56,6,22.78,1,0.0,1335,5.12,0.058,0.017,20,62.91,None,0,0
183,APAC,4129.18,69.94,5,34.86,1,0.0,1224,4.47,0.037,0.012,17,83.93,ISO9001,1,0
183,APAC,4129.18,69.94,5,40.83,0,8.61,1032,5.19,0.03,0.013,10,95.18,ISO9001,1,0
183,APAC,4129.18,69.94,5,31.91,0,10.67,433,4.46,0.052,0.015,7,75.79,None,0,0
183,APAC,4129.18,69.94,5,34.12,1,0.0,911,5.07,0.028,0.018,16,94.87,None,0,0
183,APAC,4129.18,69.94,5,32.5,1,0.0,1333,5.22,0.006,0.013,12,74.89,ISO9001,1,0
183,APAC,4129.18,69.94,5,37.22,0,6.8,919,5.69,0.037,0.022,21,74.83,ISO9001+ISO14001,1,0
183,APAC,4129.18,69.94,5,36.96,1,0.0,987,5.62,0.061,0.02,17,83.69,None,0,0
183,APAC,4129.18,69.94,5,36.72,1,0.0,853,4.88,0.027,0.013,15,69.32,ISO9001,0,0
183,APAC,4129.18,69.94,5,33.26,1,0.0,1036,4.92,0.013,0.02,16,66.77,ISO9001+ISO14001,1,0
183,APAC,4129.18,69.94,5,31.29,0,4.51,1168,6.08,0.04,0.012,8,66.55,None,0,0
183,APAC,4129.18,69.94,5,33.82,1,0.0,1506,4.11,0.049,0.012,23,83.46,ISO9001,0,0
183,APAC,4129.18,69.94,5,36.37,1,0.0,527,5.6,0.048,0.008,6,80.6,ISO9001,0,0
183,APAC,4129.18,69.94,5,38.88,1,0.0,1065,5.01,0.031,0.003,1,43.01,ISO9001,1,0
183,APAC,4129.18,69.94,5,39.6,1,0.0,868,4.08,0.006,0.03,23,80.94,ISO9001,1,0
183,APAC,4129.18,69.94,5,33.46,0,9.33,877,5.21,0.025,0.026,24,78.06,ISO9001,1,0
183,APAC,4129.18,69.94,5,36.77,1,0.0,707,4.88,0.054,0.024,19,78.01,None,0,0
183,APAC,4129.18,69.94,5,31.23,1,0.0,919,4.88,0.044,0.015,14,88.96,ISO9001,0,0
183,APAC,4129.18,69.94,5,36.0,1,0.0,1047,5.59,0.032,0.013,11,65.24,ISO9001,1,0
183,APAC,4129.18,69.94,5,35.13,1,0.0,1065,5.27,0.063,0.042,45,85.89,ISO9001,1,0
183,APAC,4129.18,69.94,5,34.06,0,6.49,812,4.64,0.041,0.004,2,75.66,ISO9001+ISO14001,0,0
183,APAC,4129.18,69.94,5,34.04,0,6.46,985,5.43,0.042,0.028,31,83.05,ISO9001,1,0
183,APAC,4129.18,69.94,5,31.35,1,0.0,1102,5.1,0.029,0.002,7,75.53,ISO9001+ISO14001,1,0
183,APAC,4129.18,69.94,5,32.95,1,0.0,1139,5.12,0.053,0.007,10,75.27,None,0,0
183,APAC,4129.18,69.94,5,32.45,1,0.0,795,5.95,0.041,0.021,11,72.77,ISO9001,1,0
183,APAC,4129.18,69.94,5,38.72,1,0.0,919,5.66,0.024,0.0,0,94.53,ISO9001,0,0
183,APAC,4129.18,69.94,5,32.49,1,0.0,819,5.08,0.087,0.026,22,88.74,ISO9001,1,0
183,APAC,4129.18,69.94,5,32.34,1,0.0,770,5.55,0.038,0.008,10,73.4,ISO9001,1,0
183,APAC,4129.18,69.94,5,36.64,0,3.88,1381,4.78,0.046,0.0,0,73.19,ISO9001,1,0
183,APAC,4129.18,69.94,5,32.78,1,0.0,883,5.48,0.058,0.022,23,86.22,ISO9001+ISO14001,1,0
183,APAC,4129.18,69.94,5,38.46,1,0.0,1343,5.82,0.028,0.005,4,80.38,ISO9001+ISO14001,0,0
183,APAC,4129.18,69.94,5,31.15,0,8.84,980,5.47,0.037,0.0,0,60.73,ISO9001,0,0
183,APAC,4129.18,69.94,5,31.09,1,0.0,945,4.67,0.043,0.025,33,74.31,ISO9001,1,0
183,APAC,4129.18,69.94,5,34.75,0,9.23,749,4.82,0.042,0.029,20,78.99,None,0,0
183,APAC,4129.18,69.94,5,37.76,1,0.0,974,5.17,0.025,0.022,20,76.51,None,0,0
183,APAC,4129.18,69.94,5,33.04,1,0.0,863,5.4,0.03,0.022,17,87.42,None,0,0
183,APAC,4129.18,69.94,5,31.66,1,0.0,1622,4.7,0.044,0.016,22,70.07,ISO9001+ISO14001,0,0
183,APAC,4129.18,69.94,5,37.14,1,0.0,447,4.79,0.034,0.006,4,91.68,ISO9001,1,0
183,APAC,4129.18,69.94,5,35.97,1,0.0,1444,5.26,0.048,0.006,12,74.44,ISO9001,1,0
183,APAC,4129.18,69.94,5,42.01,1,0.0,920,5.52,0.013,0.015,18,89.89,None,1,0
183,APAC,4129.18,69.94,5,35.89,1,0.0,916,3.76,0.026,0.007,9,62.64,ISO9001,0,0
183,APAC,4129.18,69.94,5,36.01,0,6.43,1000,4.61,0.021,0.016,21,67.48,ISO9001,1,0
183,APAC,4129.18,69.94,5,32.88,1,0.0,784,5.54,0.012,0.013,8,96.18,ISO9001,0,0
183,APAC,4129.18,69.94,5,35.62,1,0.0,884,5.89,0.069,0.021,25,71.12,ISO9001,1,0
183,APAC,4129.18,69.94,5,33.34,1,0.0,915,4.46,0.03,0.017,16,66.12,None,0,0
183,APAC,4129.18,69.94,5,33.69,1,0.0,1309,4.23,0.04,0.021,24,100.0,ISO9001,1,0
183,APAC,4129.18,69.94,5,36.71,0,5.77,565,5.84,0.021,0.036,20,84.98,ISO9001,0,0
183,APAC,4129.18,69.94,5,35.41,1,0.0,919,4.99,0.033,0.017,11,75.4,ISO9001,1,0
183,APAC,4129.18,69.94,5,31.39,1,0.0,1242,5.5,0.0,0.006,7,78.51,ISO9001+ISO14001,1,0
183,APAC,4129.18,69.94,5,35.16,0,9.61,1364,4.15,0.02,0.011,21,76.17,ISO9001,0,0
183,APAC,4129.18,69.94,5,34.07,1,0.0,869,5.23,0.0,0.038,28,83.58,None,0,0
183,APAC,4129.18,69.94,5,31.4,0,7.6,1403,5.15,0.044,0.022,24,69.57,ISO9001,0,0
183,APAC,4129.18,69.94,5,37.04,1,0.0,811,5.08,0.008,0.021,20,81.43,ISO9001+ISO14001,1,0
183,APAC,4129.18,69.94,5,35.86,0,4.92,995,3.89,0.012,0.005,6,81.34,ISO9001,1,0
183,APAC,4129.18,69.94,5,37.61,1,0.0,916,4.42,0.031,0.027,26,85.05,ISO9001+ISO14001,1,0
183,APAC,4129.18,69.94,5,35.81,1,0.0,1005,4.96,0.019,0.014,12,74.83,ISO9001,0,0
183,APAC,4129.18,69.94,5,32.9,1,0.0,1367,5.78,0.042,0.023,29,72.16,ISO9001,1,0
183,APAC,4129.18,69.94,5,30.27,1,0.0,1496,5.08,0.002,0.025,39,71.05,None,0,0
183,APAC,4129.18,69.94,5,29.3,1,0.0,1107,5.15,0.043,0.014,17,75.05,ISO9001,1,0
184,APAC,4640.7,78.22,7,41.57,0,7.22,1173,5.02,0.063,0.03,32,68.58,ISO9001,1,0
184,APAC,4640.7,78.22,7,34.33,1,0.0,906,4.4,0.078,0.0,0,65.92,ISO9001,1,0
184,APAC,4640.7,78.22,7,32.03,1,0.0,1337,4.97,0.005,0.012,18,97.45,None,0,0
184,APAC,4640.7,78.22,7,40.69,1,0.0,964,3.6,0.056,0.021,19,72.66,ISO9001,1,0
184,APAC,4640.7,78.22,7,38.53,1,0.0,855,5.69,0.006,0.013,8,68.52,None,0,0
184,APAC,4640.7,78.22,7,38.91,0,5.82,517,4.7,0.05,0.008,2,64.38,ISO9001,0,0
184,APAC,4640.7,78.22,7,29.95,0,4.48,667,5.38,0.045,0.018,12,82.39,ISO9001,0,0
184,APAC,4640.7,78.22,7,37.89,1,0.0,480,5.49,0.056,0.027,22,68.6,ISO9001,1,0
184,APAC,4640.7,78.22,7,35.45,1,0.0,947,5.61,0.081,0.009,10,80.56,None,0,0
184,APAC,4640.7,78.22,7,33.35,1,0.0,868,4.69,0.059,0.008,2,60.33,ISO9001,1,0
184,APAC,4640.7,78.22,7,35.57,1,0.0,1377,6.05,0.011,0.015,22,99.99,ISO9001,1,0
184,APAC,4640.7,78.22,7,32.41,1,0.0,719,4.54,0.003,0.025,23,76.8,ISO9001,1,0
184,APAC,4640.7,78.22,7,35.37,1,0.0,1125,4.63,0.03,0.024,20,63.04,ISO9001,1,0
184,APAC,4640.7,78.22,7,36.25,1,0.0,913,4.53,0.078,0.0,0,84.38,ISO9001+ISO14001,0,0
184,APAC,4640.7,78.22,7,35.58,1,0.0,901,4.33,0.02,0.013,17,77.63,None,0,0
184,APAC,4640.7,78.22,7,38.12,1,0.0,696,4.96,0.02,0.004,5,100.0,ISO9001,1,0
184,APAC,4640.7,78.22,7,36.29,0,9.24,1001,6.07,0.055,0.014,15,78.9,ISO9001,1,0
184,APAC,4640.7,78.22,7,38.64,1,0.0,883,5.77,0.053,0.019,28,86.25,ISO9001,0,0
184,APAC,4640.7,78.22,7,41.48,0,8.15,1230,5.13,0.03,0.013,6,87.26,ISO9001,1,0
184,APAC,4640.7,78.22,7,38.63,1,0.0,976,4.34,0.092,0.014,13,84.38,ISO9001,0,0
184,APAC,4640.7,78.22,7,30.82,1,0.0,1264,5.54,0.06,0.025,26,80.29,ISO9001,0,0
184,APAC,4640.7,78.22,7,39.95,1,0.0,822,5.2,0.051,0.002,1,75.63,ISO9001,0,0
184,APAC,4640.7,78.22,7,38.15,1,0.0,985,4.94,0.031,0.012,10,87.16,ISO9001+ISO14001,1,0
184,APAC,4640.7,78.22,7,36.35,1,0.0,867,4.9,0.011,0.0,0,74.34,ISO9001,1,0
184,APAC,4640.7,78.22,7,35.9,1,0.0,1133,4.77,0.039,0.02,20,76.99,ISO9001+ISO14001,0,0
184,APAC,4640.7,78.22,7,41.05,1,0.0,1213,3.83,0.013,0.0,0,83.36,ISO9001,0,0
184,APAC,4640.7,78.22,7,35.99,1,0.0,1005,6.04,0.036,0.004,4,80.32,ISO9001+ISO14001,1,0
184,APAC,4640.7,78.22,7,39.93,1,0.0,1356,5.65,0.045,0.013,19,78.61,ISO9001,1,0
184,APAC,4640.7,78.22,7,33.79,1,0.0,763,5.81,0.053,0.016,16,72.27,ISO9001,0,0
184,APAC,4640.7,78.22,7,37.99,1,0.0,1216,5.69,0.03,0.02,35,67.52,None,0,0
184,APAC,4640.7,78.22,7,35.58,1,0.0,1351,3.94,0.063,0.0,0,74.17,ISO9001,1,0
184,APAC,4640.7,78.22,7,37.94,1,0.0,1441,4.21,0.04,0.025,35,85.13,None,1,0
184,APAC,4640.7,78.22,7,35.5,1,0.0,931,4.32,0.021,0.017,12,100.0,ISO9001,0,0
184,APAC,4640.7,78.22,7,30.36,1,0.0,886,5.71,0.029,0.003,7,75.3,ISO9001,1,0
184,APAC,4640.7,78.22,7,31.27,1,0.0,1079,4.48,0.023,0.021,25,85.97,ISO9001,1,0
184,APAC,4640.7,78.22,7,33.64,1,0.0,564,4.69,0.025,0.024,18,46.81,None,0,0
184,APAC,4640.7,78.22,7,37.88,1,0.0,548,4.57,0.028,0.007,4,80.88,ISO9001,1,0
184,APAC,4640.7,78.22,7,32.79,1,0.0,711,4.48,0.03,0.024,12,83.88,ISO9001,1,0
184,APAC,4640.7,78.22,7,34.86,1,0.0,826,4.49,0.046,0.026,26,69.29,ISO9001,1,0
184,APAC,4640.7,78.22,7,31.07,1,0.0,1384,4.9,0.035,0.016,28,84.83,None,0,0
184,APAC,4640.7,78.22,7,37.84,1,0.0,1371,5.78,0.043,0.008,12,73.49,ISO9001,1,0
184,APAC,4640.7,78.22,7,30.43,1,0.0,1242,4.37,0.017,0.023,36,76.98,ISO9001,1,0
184,APAC,4640.7,78.22,7,34.44,1,0.0,1023,5.5,0.05,0.036,46,92.52,ISO9001,1,0
184,APAC,4640.7,78.22,7,38.47,1,0.0,1171,5.43,0.068,0.012,8,78.19,ISO9001,1,0
184,APAC,4640.7,78.22,7,32.14,1,0.0,1019,5.06,0.07,0.019,16,56.97,ISO9001,0,0
184,APAC,4640.7,78.22,7,40.43,1,0.0,637,4.01,0.073,0.03,19,66.25,ISO9001,0,0
184,APAC,4640.7,78.22,7,41.53,1,0.0,1336,4.87,0.036,0.018,21,71.97,None,1,0
184,APAC,4640.7,78.22,7,37.04,1,0.0,1245,5.02,0.084,0.028,28,94.88,None,0,0
184,APAC,4640.7,78.22,7,37.97,1,0.0,519,5.96,0.04,0.017,8,65.05,ISO9001+ISO14001,0,0
184,APAC,4640.7,78.22,7,41.63,1,0.0,1189,4.98,0.049,0.025,29,80.42,ISO9001,1,0
184,APAC,4640.7,78.22,7,36.47,1,0.0,786,5.97,0.02,0.019,15,81.19,ISO9001,1,0
184,APAC,4640.7,78.22,7,37.76,1,0.0,772,4.99,0.033,0.017,19,81.52,ISO9001+ISO14001,0,0
184,APAC,4640.7,78.22,7,35.67,1,0.0,852,5.26,0.017,0.0,0,79.39,ISO9001+ISO14001,1,0
184,APAC,4640.7,78.22,7,38.55,1,0.0,1310,4.41,0.017,0.013,21,83.53,ISO9001,1,0
185,EMEA,1732.56,77.41,4,26.22,1,0.0,1313,5.55,0.043,0.025,38,71.86,ISO9001,1,0
185,EMEA,1732.56,77.41,4,26.7,1,0.0,1661,5.33,0.054,0.013,24,83.0,ISO9001+ISO14001,1,0
185,EMEA,1732.56,77.41,4,24.99,1,0.0,887,4.06,0.042,0.02,15,75.11,ISO9001+ISO14001,1,0
185,EMEA,1732.56,77.41,4,21.88,1,0.0,730,5.27,0.059,0.025,17,83.67,ISO9001+ISO14001,1,0
185,EMEA,1732.56,77.41,4,33.11,1,0.0,751,4.65,0.041,0.029,27,99.88,ISO9001,1,0
185,EMEA,1732.56,77.41,4,24.87,1,0.0,817,4.33,0.032,0.023,17,91.03,ISO9001,0,0
185,EMEA,1732.56,77.41,4,26.22,1,0.0,1188,5.75,0.072,0.01,14,63.82,ISO9001,0,0
185,EMEA,1732.56,77.41,4,23.21,1,0.0,606,4.33,0.008,0.021,16,67.93,ISO9001+ISO14001,1,0
185,EMEA,1732.56,77.41,4,28.2,1,0.0,967,5.29,0.047,0.014,21,77.45,None,1,0
185,EMEA,1732.56,77.41,4,22.23,1,0.0,835,5.03,0.041,0.007,4,76.45,ISO9001,1,0
185,EMEA,1732.56,77.41,4,21.99,1,0.0,707,4.91,0.048,0.034,22,82.46,ISO9001+ISO14001,0,0
185,EMEA,1732.56,77.41,4,26.6,0,5.25,697,4.03,0.034,0.022,19,63.16,ISO9001,1,0
185,EMEA,1732.56,77.41,4,30.3,0,6.22,1096,4.48,0.032,0.011,6,82.75,ISO9001,0,0
185,EMEA,1732.56,77.41,4,24.04,1,0.0,681,5.16,0.038,0.016,11,100.0,ISO9001+ISO14001,0,0
185,EMEA,1732.56,77.41,4,23.77,0,3.52,1263,5.21,0.022,0.033,51,76.91,ISO9001,0,0
185,EMEA,1732.56,77.41,4,25.55,1,0.0,1440,6.02,0.0,0.016,20,58.07,ISO9001,0,0
185,EMEA,1732.56,77.41,4,27.83,0,8.22,961,5.78,0.054,0.017,14,64.74,ISO9001,1,0
185,EMEA,1732.56,77.41,4,27.22,1,0.0,1166,5.61,0.044,0.024,37,76.16,ISO9001,1,0
185,EMEA,1732.56,77.41,4,28.36,0,9.86,1462,5.26,0.071,0.008,11,75.98,ISO9001,1,0
185,EMEA,1732.56,77.41,4,28.0,1,0.0,1192,5.58,0.063,0.024,26,81.2,None,0,0
185,EMEA,1732.56,77.41,4,24.5,1,0.0,832,5.72,0.011,0.004,6,70.39,ISO9001,1,0
185,EMEA,1732.56,77.41,4,21.24,1,0.0,741,5.16,0.03,0.012,8,74.26,ISO9001+ISO14001,1,0
185,EMEA,1732.56,77.41,4,25.04,0,5.68,734,4.65,0.028,0.014,10,89.74,None,1,0
185,EMEA,1732.56,77.41,4,23.58,1,0.0,1213,4.09,0.023,0.039,39,66.61,None,0,0
185,EMEA,1732.56,77.41,4,21.56,1,0.0,637,4.25,0.08,0.015,11,94.21,None,0,0
185,EMEA,1732.56,77.41,4,24.57,1,0.0,1066,5.49,0.053,0.012,25,65.63,ISO9001,0,0
185,EMEA,1732.56,77.41,4,29.58,1,0.0,1326,4.9,0.034,0.026,36,63.98,ISO9001+ISO14001,1,0
185,EMEA,1732.56,77.41,4,26.61,1,0.0,100,4.4,0.012,0.027,4,75.88,ISO9001,1,0
185,EMEA,1732.56,77.41,4,25.12,1,0.0,898,4.81,0.017,0.012,14,83.93,ISO9001+ISO14001,1,0
185,EMEA,1732.56,77.41,4,23.92,1,0.0,938,4.24,0.0,0.002,0,84.41,ISO9001+ISO14001,0,0
185,EMEA,1732.56,77.41,4,30.56,1,0.0,847,6.03,0.031,0.0,0,67.31,ISO9001,1,0
185,EMEA,1732.56,77.41,4,23.8,1,0.0,698,4.35,0.067,0.045,26,75.51,ISO9001,0,0
185,EMEA,1732.56,77.41,4,25.73,1,0.0,727,5.88,0.026,0.022,15,69.68,None,0,0
185,EMEA,1732.56,77.41,4,25.52,0,8.09,1287,4.72,0.0,0.0,0,70.1,ISO9001,1,0
185,EMEA,1732.56,77.41,4,33.78,1,0.0,1234,5.32,0.036,0.026,34,83.4,ISO9001+ISO14001,0,0
185,EMEA,1732.56,77.41,4,25.63,1,0.0,950,4.9,0.031,0.014,15,93.61,ISO9001,1,0
185,EMEA,1732.56,77.41,4,25.28,1,0.0,864,6.0,0.02,0.009,7,70.26,None,0,0
185,EMEA,1732.56,77.41,4,25.24,1,0.0,1118,5.09,0.057,0.021,19,68.02,ISO9001,0,0
185,EMEA,1732.56,77.41,4,26.16,1,0.0,997,5.02,0.052,0.015,10,55.23,ISO9001,0,0
185,EMEA,1732.56,77.41,4,28.14,0,5.66,822,5.18,0.04,0.037,29,87.83,ISO9001,1,0
186,APAC,3072.56,65.12,3,28.25,1,0.0,806,4.76,0.021,0.019,16,54.34,ISO9001,1,0
186,APAC,3072.56,65.12,3,31.83,1,0.0,1363,4.64,0.035,0.009,10,64.78,ISO9001,1,0
186,APAC,3072.56,65.12,3,25.81,1,0.0,1250,5.3,0.03,0.035,44,74.53,ISO9001,0,0
186,APAC,3072.56,65.12,3,28.55,1,0.0,1372,4.69,0.03,0.026,40,100.0,ISO9001+ISO14001,1,0
186,APAC,3072.56,65.12,3,29.1,1,0.0,898,5.4,0.055,0.024,13,91.98,ISO9001,1,0
186,APAC,3072.56,65.12,3,32.33,0,5.38,608,5.81,0.091,0.008,4,83.06,ISO9001,0,0
186,APAC,3072.56,65.12,3,30.49,1,0.0,1174,5.07,0.043,0.031,31,67.1,None,0,0
186,APAC,3072.56,65.12,3,34.87,1,0.0,808,4.26,0.019,0.026,23,81.55,ISO9001+ISO14001,1,0
186,APAC,3072.56,65.12,3,27.44,0,2.28,934,5.5,0.053,0.019,24,83.23,ISO9001,1,0
186,APAC,3072.56,65.12,3,33.02,1,0.0,628,4.97,0.052,0.028,19,85.38,ISO9001,0,0
186,APAC,3072.56,65.12,3,29.3,1,0.0,616,5.35,0.025,0.009,4,85.03,ISO9001,1,0
186,APAC,3072.56,65.12,3,26.97,1,0.0,796,5.39,0.036,0.018,19,71.22,ISO9001+ISO14001,1,0
186,APAC,3072.56,65.12,3,30.19,1,0.0,699,4.29,0.033,0.025,9,67.5,None,0,0
186,APAC,3072.56,65.12,3,37.27,1,0.0,749,4.03,0.064,0.025,23,86.73,None,0,0
186,APAC,3072.56,65.12,3,31.0,1,0.0,859,5.13,0.045,0.034,30,83.62,None,1,0
186,APAC,3072.56,65.12,3,28.88,1,0.0,949,4.21,0.028,0.008,5,92.3,None,0,0
186,APAC,3072.56,65.12,3,27.71,1,0.0,993,5.56,0.034,0.033,33,66.31,None,0,0
186,APAC,3072.56,65.12,3,33.62,1,0.0,1061,4.59,0.016,0.016,22,100.0,ISO9001,0,0
186,APAC,3072.56,65.12,3,29.32,1,0.0,970,5.15,0.032,0.043,37,74.63,None,0,0
186,APAC,3072.56,65.12,3,28.49,1,0.0,1426,4.85,0.044,0.035,42,79.77,ISO9001+ISO14001,0,0
186,APAC,3072.56,65.12,3,31.95,1,0.0,1028,5.56,0.023,0.02,27,88.14,ISO9001,1,0
186,APAC,3072.56,65.12,3,27.37,1,0.0,1083,4.59,0.075,0.036,44,76.95,ISO9001,0,0
186,APAC,3072.56,65.12,3,27.88,1,0.0,701,4.51,0.031,0.029,12,65.23,ISO9001,0,0
186,APAC,3072.56,65.12,3,29.59,1,0.0,1346,5.4,0.035,0.001,1,84.5,ISO9001,1,0
186,APAC,3072.56,65.12,3,29.96,1,0.0,1376,4.49,0.033,0.021,27,81.68,None,0,0
186,APAC,3072.56,65.12,3,31.22,1,0.0,1100,4.21,0.036,0.029,29,62.55,None,0,0
186,APAC,3072.56,65.12,3,29.61,1,0.0,924,5.54,0.029,0.02,25,63.78,None,0,0
186,APAC,3072.56,65.12,3,30.86,1,0.0,1107,4.81,0.056,0.008,8,86.69,ISO9001,1,0
186,APAC,3072.56,65.12,3,25.31,0,5.45,590,5.1,0.041,0.018,11,92.14,ISO9001,1,0
186,APAC,3072.56,65.12,3,31.09,0,7.29,887,4.49,0.01,0.033,35,78.52,ISO9001+ISO14001,1,0
186,APAC,3072.56,65.12,3,25.1,1,0.0,1193,4.94,0.019,0.015,15,62.62,ISO9001+ISO14001,1,0
186,APAC,3072.56,65.12,3,30.7,1,0.0,1270,5.0,0.037,0.015,21,82.97,ISO9001,1,0
186,APAC,3072.56,65.12,3,30.52,1,0.0,1169,5.8,0.03,0.011,14,65.52,ISO9001,1,0
186,APAC,3072.56,65.12,3,27.7,1,0.0,803,4.19,0.046,0.042,35,90.34,ISO9001,1,0
186,APAC,3072.56,65.12,3,29.01,1,0.0,709,5.04,0.025,0.023,21,77.71,ISO9001+ISO14001,0,0
186,APAC,3072.56,65.12,3,33.63,1,0.0,689,4.96,0.025,0.036,16,91.92,ISO9001,0,0
187,APAC,4037.03,58.97,9,32.47,1,0.0,1324,5.75,0.011,0.018,26,77.7,ISO9001,0,0
187,APAC,4037.03,58.97,9,40.31,1,0.0,864,5.06,0.023,0.048,41,93.13,ISO9001,1,0
187,APAC,4037.03,58.97,9,32.71,1,0.0,975,5.46,0.005,0.004,4,77.83,None,0,0
187,APAC,4037.03,58.97,9,32.52,1,0.0,942,4.38,0.034,0.034,28,72.79,ISO9001,1,0
187,APAC,4037.03,58.97,9,36.17,1,0.0,1138,5.5,0.027,0.029,36,87.12,ISO9001+ISO14001,1,0
187,APAC,4037.03,58.97,9,33.14,1,0.0,1272,5.65,0.044,0.048,52,66.46,None,0,0
187,APAC,4037.03,58.97,9,33.05,1,0.0,1092,4.57,0.024,0.017,23,77.81,ISO9001+ISO14001,1,0
187,APAC,4037.03,58.97,9,35.27,1,0.0,1069,6.19,0.06,0.016,23,76.93,None,0,0
187,APAC,4037.03,58.97,9,34.29,0,5.15,1452,5.2,0.064,0.022,32,58.2,ISO9001,1,1
187,APAC,4037.03,58.97,9,37.44,0,6.73,1118,5.69,0.019,0.017,17,68.42,None,0,0
187,APAC,4037.03,58.97,9,34.4,1,0.0,1285,4.55,0.038,0.019,31,77.26,None,0,0
187,APAC,4037.03,58.97,9,30.29,1,0.0,1366,5.42,0.051,0.014,14,76.0,ISO9001,1,0
187,APAC,4037.03,58.97,9,38.77,1,0.0,973,3.83,0.0,0.023,10,71.18,ISO9001+ISO14001,1,0
187,APAC,4037.03,58.97,9,34.72,1,0.0,891,5.51,0.07,0.008,11,72.28,ISO9001,1,0
187,APAC,4037.03,58.97,9,33.32,1,0.0,1085,6.22,0.047,0.017,22,85.2,ISO9001,1,0
187,APAC,4037.03,58.97,9,32.73,0,6.78,862,4.87,0.0,0.024,26,64.87,ISO9001,0,0
187,APAC,4037.03,58.97,9,32.94,1,0.0,1175,5.19,0.098,0.015,22,80.75,ISO9001,1,0
187,APAC,4037.03,58.97,9,37.45,1,0.0,823,5.19,0.036,0.036,32,68.59,ISO9001,1,0
187,APAC,4037.03,58.97,9,34.59,1,0.0,402,4.34,0.0,0.028,16,75.72,ISO9001+ISO14001,0,0
187,APAC,4037.03,58.97,9,34.27,1,0.0,1047,5.67,0.022,0.011,12,88.74,None,0,0
187,APAC,4037.03,58.97,9,36.22,1,0.0,1403,5.91,0.0,0.027,30,80.59,ISO9001,1,0
187,APAC,4037.03,58.97,9,33.8,1,0.0,1155,5.17,0.0,0.025,33,59.68,ISO9001,0,0
187,APAC,4037.03,58.97,9,33.64,1,0.0,760,6.38,0.04,0.025,19,88.4,ISO9001,0,0
187,APAC,4037.03,58.97,9,31.59,1,0.0,774,4.79,0.061,0.024,14,82.34,ISO9001,1,0
187,APAC,4037.03,58.97,9,39.13,1,0.0,1061,5.42,0.021,0.023,28,92.45,ISO9001,0,0
187,APAC,4037.03,58.97,9,33.48,1,0.0,1154,4.86,0.036,0.025,28,75.96,ISO9001,0,0
187,APAC,4037.03,58.97,9,37.08,1,0.0,810,5.6,0.063,0.021,21,79.61,ISO9001,1,0
187,APAC,4037.03,58.97,9,31.6,1,0.0,1079,4.36,0.072,0.029,36,90.41,ISO9001,1,0
187,APAC,4037.03,58.97,9,33.57,1,0.0,1019,3.78,0.063,0.027,30,70.69,ISO9001+ISO14001,0,0
187,APAC,4037.03,58.97,9,34.53,0,4.23,1323,4.6,0.038,0.034,40,70.14,ISO9001,1,0
187,APAC,4037.03,58.97,9,35.89,1,0.0,802,4.77,0.058,0.018,14,72.24,ISO9001+ISO14001,1,0
187,APAC,4037.03,58.97,9,36.43,1,0.0,1020,4.37,0.051,0.013,18,52.83,ISO9001,1,0
187,APAC,4037.03,58.97,9,32.66,1,0.0,1162,5.7,0.045,0.02,26,82.8,ISO9001,0,0
187,APAC,4037.03,58.97,9,35.32,1,0.0,856,5.4,0.051,0.02,20,65.63,None,0,0
187,APAC,4037.03,58.97,9,35.88,1,0.0,1056,5.5,0.035,0.014,9,83.84,ISO9001+ISO14001,0,0
187,APAC,4037.03,58.97,9,37.25,1,0.0,762,4.82,0.024,0.022,23,74.13,ISO9001,1,0
187,APAC,4037.03,58.97,9,35.31,1,0.0,652,5.81,0.034,0.039,25,98.59,ISO9001,1,0
187,APAC,4037.03,58.97,9,32.88,1,0.0,986,5.84,0.05,0.008,3,86.56,ISO9001,0,0
187,APAC,4037.03,58.97,9,33.14,0,4.34,814,5.72,0.065,0.013,8,68.44,None,0,0
187,APAC,4037.03,58.97,9,40.33,0,4.94,751,5.92,0.04,0.023,25,67.39,None,0,0
187,APAC,4037.03,58.97,9,33.69,1,0.0,789,5.19,0.065,0.032,28,74.52,ISO9001,1,0
187,APAC,4037.03,58.97,9,35.5,1,0.0,1268,5.5,0.053,0.043,59,95.76,ISO9001,0,0
187,APAC,4037.03,58.97,9,31.59,1,0.0,923,4.67,0.025,0.026,31,91.41,ISO9001,1,0
187,APAC,4037.03,58.97,9,36.91,1,0.0,588,5.09,0.025,0.025,15,67.63,ISO9001,0,0
187,APAC,4037.03,58.97,9,34.92,1,0.0,1382,5.12,0.002,0.032,33,72.59,ISO9001,0,0
187,APAC,4037.03,58.97,9,37.77,1,0.0,1030,3.89,0.014,0.023,26,76.03,ISO9001+ISO14001,0,0
187,APAC,4037.03,58.97,9,36.97,1,0.0,921,4.37,0.0,0.007,8,74.17,ISO9001+ISO14001,0,0
187,APAC,4037.03,58.97,9,31.27,1,0.0,825,4.69,0.034,0.015,12,68.31,None,0,0
187,APAC,4037.03,58.97,9,32.51,1,0.0,814,4.1,0.034,0.0,0,59.52,None,0,0
188,EMEA,2504.68,59.41,7,29.35,1,0.0,878,5.47,0.048,0.015,15,88.86,ISO9001,0,0
188,EMEA,2504.68,59.41,7,22.69,1,0.0,809,4.86,0.031,0.022,20,67.98,ISO9001,1,0
188,EMEA,2504.68,59.41,7,25.06,1,0.0,1304,4.58,0.0,0.01,18,62.54,ISO9001,1,0
188,EMEA,2504.68,59.41,7,22.98,1,0.0,940,5.0,0.043,0.02,30,69.75,None,0,0
188,EMEA,2504.68,59.41,7,30.53,1,0.0,1433,4.97,0.0,0.027,41,72.32,ISO9001,0,0
188,EMEA,2504.68,59.41,7,24.48,1,0.0,903,5.67,0.012,0.007,6,82.26,ISO9001+ISO14001,0,0
188,EMEA,2504.68,59.41,7,30.21,1,0.0,715,4.96,0.033,0.018,8,71.7,ISO9001,0,0
188,EMEA,2504.68,59.41,7,27.85,1,0.0,1528,4.87,0.034,0.024,34,71.74,ISO9001+ISO14001,1,0
188,EMEA,2504.68,59.41,7,24.67,1,0.0,1117,5.4,0.054,0.023,29,88.02,None,0,0
188,EMEA,2504.68,59.41,7,28.8,0,10.51,571,5.12,0.046,0.014,9,75.02,ISO9001,0,0
188,EMEA,2504.68,59.41,7,26.46,1,0.0,889,4.36,0.049,0.012,10,80.5,ISO9001,1,0
188,EMEA,2504.68,59.41,7,31.04,1,0.0,678,5.99,0.086,0.025,16,78.63,ISO9001,0,0
188,EMEA,2504.68,59.41,7,30.26,1,0.0,1005,4.4,0.067,0.015,21,82.72,None,0,0
188,EMEA,2504.68,59.41,7,29.26,1,0.0,1073,5.87,0.042,0.015,15,83.7,ISO9001,1,0
188,EMEA,2504.68,59.41,7,25.23,1,0.0,1170,4.31,0.007,0.009,14,74.43,ISO9001+ISO14001,1,0
188,EMEA,2504.68,59.41,7,33.92,0,7.01,1424,5.59,0.016,0.036,35,71.22,ISO9001,1,0
188,EMEA,2504.68,59.41,7,25.26,1,0.0,1167,4.52,0.032,0.033,32,65.62,ISO9001,1,0
188,EMEA,2504.68,59.41,7,31.49,0,7.04,709,5.89,0.048,0.048,35,74.43,ISO9001+ISO14001,1,0
188,EMEA,2504.68,59.41,7,29.01,1,0.0,845,4.31,0.035,0.022,23,83.24,None,0,0
188,EMEA,2504.68,59.41,7,29.28,1,0.0,1225,5.15,0.002,0.015,17,75.27,ISO9001,1,0
188,EMEA,2504.68,59.41,7,26.1,1,0.0,1033,5.98,0.036,0.032,35,68.55,ISO9001+ISO14001,1,0
188,EMEA,2504.68,59.41,7,25.84,1,0.0,911,5.04,0.006,0.018,22,69.45,ISO9001+ISO14001,1,0
188,EMEA,2504.68,59.41,7,27.72,1,0.0,1071,4.35,0.022,0.028,30,83.3,ISO9001,1,0
188,EMEA,2504.68,59.41,7,27.27,1,0.0,1458,4.9,0.065,0.02,34,61.07,None,0,0
188,EMEA,2504.68,59.41,7,24.24,1,0.0,529,4.97,0.032,0.033,15,72.43,ISO9001,1,0
188,EMEA,2504.68,59.41,7,24.59,1,0.0,505,5.54,0.008,0.018,12,67.28,ISO9001,1,0
188,EMEA,2504.68,59.41,7,25.47,0,6.0,894,4.92,0.044,0.038,36,69.38,ISO9001,0,0
188,EMEA,2504.68,59.41,7,28.15,1,0.0,689,4.11,0.053,0.019,18,78.96,None,0,0
188,EMEA,2504.68,59.41,7,17.05,1,0.0,1050,6.34,0.033,0.043,50,82.42,ISO9001+ISO14001,1,0
188,EMEA,2504.68,59.41,7,25.03,1,0.0,1174,4.9,0.054,0.016,22,74.09,ISO9001,1,0
188,EMEA,2504.68,59.41,7,27.22,1,0.0,1087,4.59,0.022,0.032,30,71.63,ISO9001+ISO14001,1,0
188,EMEA,2504.68,59.41,7,29.84,1,0.0,947,4.35,0.033,0.038,38,70.61,ISO9001,1,0
188,EMEA,2504.68,59.41,7,30.42,1,0.0,855,5.76,0.039,0.015,10,78.23,ISO9001,1,0
188,EMEA,2504.68,59.41,7,29.74,1,0.0,983,4.35,0.059,0.02,23,85.91,ISO9001,0,0
188,EMEA,2504.68,59.41,7,29.8,1,0.0,1096,5.61,0.022,0.013,14,63.58,ISO9001+ISO14001,1,0
188,EMEA,2504.68,59.41,7,27.48,1,0.0,1593,5.3,0.016,0.027,34,61.72,ISO9001,1,0
188,EMEA,2504.68,59.41,7,21.42,1,0.0,787,4.83,0.052,0.008,5,97.98,ISO9001,1,0
188,EMEA,2504.68,59.41,7,31.94,1,0.0,885,5.27,0.037,0.023,20,81.58,ISO9001+ISO14001,0,0
188,EMEA,2504.68,59.41,7,28.79,1,0.0,1537,4.95,0.046,0.001,1,66.48,ISO9001,1,0
189,APAC,4078.48,68.22,1,35.64,1,0.0,738,4.81,0.073,0.028,23,48.06,None,0,0
189,APAC,4078.48,68.22,1,30.69,1,0.0,1311,4.84,0.077,0.036,44,78.35,ISO9001+ISO14001,0,0
189,APAC,4078.48,68.22,1,29.05,1,0.0,1126,4.93,0.06,0.038,49,75.93,ISO9001,1,0
189,APAC,4078.48,68.22,1,31.28,1,0.0,839,5.65,0.073,0.042,35,46.91,ISO9001,1,0
189,APAC,4078.48,68.22,1,32.01,0,6.74,822,4.95,0.021,0.041,26,71.98,None,0,0
189,APAC,4078.48,68.22,1,33.66,0,6.33,772,5.05,0.0,0.031,25,52.1,ISO9001,0,0
189,APAC,4078.48,68.22,1,34.08,1,0.0,1246,5.3,0.04,0.046,62,88.98,ISO9001,0,0
189,APAC,4078.48,68.22,1,34.15,1,0.0,860,6.28,0.092,0.044,37,78.08,ISO9001,1,0
189,APAC,4078.48,68.22,1,35.31,1,0.0,958,4.69,0.037,0.021,27,76.41,ISO9001,1,0
189,APAC,4078.48,68.22,1,35.02,0,6.82,1169,5.62,0.07,0.053,61,80.67,None,0,0
189,APAC,4078.48,68.22,1,37.31,1,0.0,1373,4.35,0.02,0.033,43,64.74,ISO9001,0,0
189,APAC,4078.48,68.22,1,36.93,1,0.0,1156,4.43,0.073,0.038,38,73.25,None,0,0
189,APAC,4078.48,68.22,1,34.63,1,0.0,1133,4.37,0.022,0.041,50,78.14,None,0,0
189,APAC,4078.48,68.22,1,34.95,0,10.62,826,5.32,0.044,0.03,24,55.22,ISO9001+ISO14001,1,0
189,APAC,4078.48,68.22,1,36.57,1,0.0,476,5.12,0.062,0.038,12,75.22,ISO9001+ISO14001,0,0
189,APAC,4078.48,68.22,1,34.73,1,0.0,873,4.37,0.039,0.033,24,74.25,None,1,0
189,APAC,4078.48,68.22,1,35.03,0,8.19,1047,4.88,0.027,0.047,38,64.25,None,0,0
189,APAC,4078.48,68.22,1,35.42,1,0.0,1018,5.3,0.056,0.031,32,73.04,ISO9001+ISO14001,1,0
189,APAC,4078.48,68.22,1,39.6,0,9.71,650,6.34,0.065,0.024,15,51.04,ISO9001,1,1
189,APAC,4078.48,68.22,1,35.05,1,0.0,828,5.03,0.053,0.05,35,67.46,ISO9001,0,0
189,APAC,4078.48,68.22,1,33.36,0,9.7,740,4.36,0.055,0.031,25,79.48,ISO9001,1,0
189,APAC,4078.48,68.22,1,35.08,1,0.0,414,5.64,0.047,0.049,19,77.19,ISO9001,1,0
189,APAC,4078.48,68.22,1,38.43,1,0.0,1012,4.75,0.08,0.039,34,57.22,ISO9001,1,0
189,APAC,4078.48,68.22,1,33.99,1,0.0,1137,4.67,0.03,0.029,36,72.83,ISO9001,0,0
189,APAC,4078.48,68.22,1,35.29,0,5.4,1328,6.22,0.04,0.035,57,76.67,ISO9001,0,0
189,APAC,4078.48,68.22,1,33.94,1,0.0,1316,4.92,0.083,0.024,36,56.13,ISO9001,0,0
189,APAC,4078.48,68.22,1,31.8,1,0.0,624,6.07,0.042,0.029,15,92.28,None,0,0
189,APAC,4078.48,68.22,1,30.42,1,0.0,999,4.25,0.037,0.033,33,57.94,ISO9001,1,0
189,APAC,4078.48,68.22,1,23.99,1,0.0,1127,5.5,0.062,0.028,31,69.62,ISO9001+ISO14001,0,0
189,APAC,4078.48,68.22,1,32.62,1,0.0,415,5.08,0.064,0.04,17,86.84,ISO9001,1,0
189,APAC,4078.48,68.22,1,38.4,1,0.0,984,5.03,0.078,0.034,42,63.07,ISO9001,0,0
189,APAC,4078.48,68.22,1,26.46,1,0.0,1065,4.49,0.039,0.041,46,76.52,ISO9001+ISO14001,0,0
189,APAC,4078.48,68.22,1,35.98,1,0.0,1255,3.58,0.018,0.028,32,81.73,None,1,0
189,APAC,4078.48,68.22,1,33.73,1,0.0,143,4.88,0.062,0.041,10,59.41,ISO9001+ISO14001,1,0
189,APAC,4078.48,68.22,1,32.84,1,0.0,1040,4.75,0.04,0.044,42,89.49,ISO9001+ISO14001,1,0
189,APAC,4078.48,68.22,1,36.69,1,0.0,606,5.85,0.046,0.048,34,60.08,None,0,0
190,EMEA,2233.57,95.23,6,24.7,1,0.0,1117,5.88,0.042,0.006,2,93.06,ISO9001,1,0
190,EMEA,2233.57,95.23,6,28.61,1,0.0,803,4.94,0.037,0.017,19,91.16,ISO9001+ISO14001,1,0
190,EMEA,2233.57,95.23,6,31.65,0,8.54,1341,5.54,0.057,0.005,5,89.7,ISO9001,0,0
190,EMEA,2233.57,95.23,6,25.08,0,6.49,1214,5.56,0.022,0.002,3,80.23,ISO9001,1,0
190,EMEA,2233.57,95.23,6,25.48,1,0.0,674,4.97,0.053,0.007,4,81.69,None,0,0
190,EMEA,2233.57,95.23,6,29.05,1,0.0,718,6.03,0.041,0.006,5,100.0,None,0,0
190,EMEA,2233.57,95.23,6,27.23,1,0.0,635,4.83,0.038,0.01,8,85.61,ISO9001,0,0
190,EMEA,2233.57,95.23,6,25.76,1,0.0,1191,4.43,0.069,0.027,33,75.0,ISO9001+ISO14001,0,0
190,EMEA,2233.57,95.23,6,29.45,1,0.0,978,4.84,0.045,0.04,34,90.07,ISO9001,1,0
190,EMEA,2233.57,95.23,6,30.97,1,0.0,1079,6.12,0.023,0.0,0,84.65,None,0,0
190,EMEA,2233.57,95.23,6,26.74,0,5.56,997,5.04,0.009,0.028,22,94.5,None,0,0
190,EMEA,2233.57,95.23,6,31.22,1,0.0,1114,4.69,0.021,0.013,13,92.03,ISO9001+ISO14001,0,0
190,EMEA,2233.57,95.23,6,27.57,1,0.0,1027,4.98,0.031,0.026,41,96.79,ISO9001,1,0
190,EMEA,2233.57,95.23,6,23.65,1,0.0,690,6.0,0.006,0.017,13,70.36,ISO9001,0,0
190,EMEA,2233.57,95.23,6,32.24,1,0.0,954,4.9,0.015,0.005,6,91.32,ISO9001+ISO14001,1,0
190,EMEA,2233.57,95.23,6,27.27,1,0.0,702,4.95,0.0,0.019,11,82.79,ISO9001,0,0
190,EMEA,2233.57,95.23,6,23.96,1,0.0,924,4.73,0.0,0.016,13,88.36,ISO9001,1,0
190,EMEA,2233.57,95.23,6,28.16,1,0.0,1007,4.55,0.045,0.021,16,75.07,ISO9001+ISO14001,1,0
190,EMEA,2233.57,95.23,6,26.95,0,7.12,1033,5.48,0.015,0.0,0,83.53,ISO9001,1,0
190,EMEA,2233.57,95.23,6,32.74,1,0.0,1369,5.41,0.018,0.025,37,87.01,ISO9001,0,0
190,EMEA,2233.57,95.23,6,27.63,1,0.0,247,5.04,0.042,0.002,0,76.37,None,0,0
190,EMEA,2233.57,95.23,6,20.59,1,0.0,1297,5.13,0.031,0.002,3,70.09,ISO9001,1,0
190,EMEA,2233.57,95.23,6,27.09,1,0.0,1427,4.87,0.006,0.034,36,74.64,None,0,0
190,EMEA,2233.57,95.23,6,31.02,1,0.0,1038,4.79,0.028,0.005,7,76.73,ISO9001+ISO14001,1,0
190,EMEA,2233.57,95.23,6,26.1,1,0.0,1234,4.95,0.064,0.002,1,81.32,ISO9001,1,0
190,EMEA,2233.57,95.23,6,24.1,1,0.0,1495,5.82,0.061,0.002,2,88.23,ISO9001,0,0
190,EMEA,2233.57,95.23,6,25.0,1,0.0,1141,4.26,0.024,0.024,23,60.9,None,0,0
190,EMEA,2233.57,95.23,6,26.76,0,2.73,1124,4.27,0.046,0.011,13,83.35,None,0,0
190,EMEA,2233.57,95.23,6,21.68,0,5.08,993,5.09,0.028,0.004,4,75.69,ISO9001,1,0
191,APAC,4175.04,60.98,4,41.45,1,0.0,1167,6.36,0.04,0.027,25,76.97,None,0,0
191,APAC,4175.04,60.98,4,30.49,1,0.0,1103,5.41,0.075,0.021,26,65.2,ISO9001+ISO14001,1,0
191,APAC,4175.04,60.98,4,32.4,1,0.0,1207,5.32,0.053,0.028,40,80.74,ISO9001,0,0
191,APAC,4175.04,60.98,4,33.49,1,0.0,1002,5.04,0.037,0.029,25,65.86,ISO9001,0,0
191,APAC,4175.04,60.98,4,32.16,1,0.0,629,4.81,0.013,0.029,21,73.75,ISO9001,0,0
191,APAC,4175.04,60.98,4,34.71,1,0.0,901,5.43,0.027,0.041,50,83.07,ISO9001,0,0
191,APAC,4175.04,60.98,4,39.95,0,6.1,885,4.6,0.064,0.019,10,76.07,ISO9001,0,0
191,APAC,4175.04,60.98,4,31.17,1,0.0,1031,5.8,0.057,0.038,41,77.81,None,0,0
191,APAC,4175.04,60.98,4,38.38,1,0.0,810,5.43,0.024,0.057,50,48.66,ISO9001,1,0
191,APAC,4175.04,60.98,4,31.8,1,0.0,1377,4.87,0.079,0.029,37,51.91,None,0,0
191,APAC,4175.04,60.98,4,33.38,1,0.0,531,4.56,0.024,0.026,22,60.95,None,0,0
191,APAC,4175.04,60.98,4,36.52,1,0.0,1389,5.07,0.091,0.034,44,70.07,ISO9001,1,0
191,APAC,4175.04,60.98,4,38.73,1,0.0,735,5.19,0.025,0.039,23,60.98,ISO9001,0,0
191,APAC,4175.04,60.98,4,29.89,1,0.0,1434,5.15,0.043,0.036,58,66.93,None,0,0
191,APAC,4175.04,60.98,4,29.26,1,0.0,759,4.98,0.027,0.025,14,57.73,ISO9001+ISO14001,0,0
191,APAC,4175.04,60.98,4,26.23,1,0.0,1481,4.28,0.016,0.035,57,81.45,ISO9001+ISO14001,0,0
191,APAC,4175.04,60.98,4,40.14,1,0.0,1270,4.93,0.093,0.033,33,61.24,ISO9001,1,0
191,APAC,4175.04,60.98,4,32.0,0,7.59,998,3.91,0.018,0.034,31,68.33,None,0,0
191,APAC,4175.04,60.98,4,31.95,0,8.79,1069,4.61,0.055,0.031,41,91.01,ISO9001+ISO14001,0,0
191,APAC,4175.04,60.98,4,35.54,1,0.0,727,5.6,0.046,0.026,27,92.47,ISO9001,0,0
191,APAC,4175.04,60.98,4,35.36,0,3.5,871,5.23,0.085,0.021,23,59.31,ISO9001,0,1
191,APAC,4175.04,60.98,4,34.74,0,7.64,1134,4.24,0.041,0.039,37,81.03,ISO9001+ISO14001,1,0
191,APAC,4175.04,60.98,4,31.12,1,0.0,1185,5.61,0.06,0.029,24,75.3,ISO9001+ISO14001,1,0
191,APAC,4175.04,60.98,4,31.51,1,0.0,1322,4.99,0.031,0.024,37,86.91,ISO9001+ISO14001,1,0
191,APAC,4175.04,60.98,4,35.25,1,0.0,884,5.38,0.06,0.026,24,77.31,None,0,0
191,APAC,4175.04,60.98,4,40.11,1,0.0,1024,4.73,0.079,0.05,33,91.79,ISO9001+ISO14001,0,0
191,APAC,4175.04,60.98,4,37.06,1,0.0,824,4.88,0.031,0.039,30,79.35,None,1,0
191,APAC,4175.04,60.98,4,31.44,1,0.0,922,5.28,0.07,0.025,17,81.12,ISO9001,1,0
191,APAC,4175.04,60.98,4,39.43,0,7.39,749,5.46,0.036,0.04,26,74.7,None,0,0
191,APAC,4175.04,60.98,4,35.45,0,6.98,1456,5.41,0.026,0.034,44,83.24,ISO9001,0,0
191,APAC,4175.04,60.98,4,34.84,1,0.0,739,6.23,0.038,0.032,18,75.47,ISO9001,1,0
191,APAC,4175.04,60.98,4,39.17,1,0.0,1343,4.5,0.063,0.033,43,73.62,ISO9001,0,0
191,APAC,4175.04,60.98,4,36.1,1,0.0,871,5.17,0.043,0.042,32,91.79,ISO9001,1,0
191,APAC,4175.04,60.98,4,32.74,1,0.0,1293,5.4,0.044,0.034,34,85.63,ISO9001,0,0
191,APAC,4175.04,60.98,4,31.37,1,0.0,905,4.78,0.032,0.039,35,54.63,ISO9001,1,0
192,APAC,4037.42,100.0,3,33.62,1,0.0,907,5.38,0.058,0.021,27,67.52,None,1,0
192,APAC,4037.42,100.0,3,32.21,1,0.0,1045,6.06,0.018,0.032,31,79.8,ISO9001,1,0
192,APAC,4037.42,100.0,3,32.04,1,0.0,1057,4.31,0.062,0.026,27,81.72,None,1,0
192,APAC,4037.42,100.0,3,37.4,1,0.0,862,4.45,0.017,0.013,8,77.12,ISO9001,0,0
192,APAC,4037.42,100.0,3,35.04,1,0.0,754,4.48,0.047,0.019,18,83.72,ISO9001,1,0
192,APAC,4037.42,100.0,3,33.28,1,0.0,1005,5.27,0.007,0.028,28,80.55,ISO9001,0,0
192,APAC,4037.42,100.0,3,31.74,0,6.47,791,5.0,0.072,0.027,23,63.07,ISO9001,1,0
192,APAC,4037.42,100.0,3,36.93,1,0.0,1535,5.16,0.023,0.014,21,61.85,ISO9001+ISO14001,0,0
192,APAC,4037.42,100.0,3,38.1,1,0.0,980,4.99,0.042,0.021,21,84.8,ISO9001,0,0
192,APAC,4037.42,100.0,3,32.21,1,0.0,672,4.95,0.008,0.027,14,82.81,ISO9001,1,0
192,APAC,4037.42,100.0,3,29.71,1,0.0,1091,5.07,0.001,0.01,7,77.57,ISO9001,1,0
192,APAC,4037.42,100.0,3,37.18,0,5.91,980,4.96,0.0,0.009,6,77.66,None,1,0
192,APAC,4037.42,100.0,3,28.88,1,0.0,754,5.77,0.073,0.03,25,58.88,ISO9001+ISO14001,1,0
192,APAC,4037.42,100.0,3,35.01,1,0.0,921,3.55,0.05,0.029,27,61.64,ISO9001,1,0
192,APAC,4037.42,100.0,3,30.75,1,0.0,887,5.72,0.041,0.019,20,72.6,ISO9001+ISO14001,1,0
192,APAC,4037.42,100.0,3,29.85,1,0.0,823,4.73,0.042,0.012,13,63.3,ISO9001+ISO14001,1,0
192,APAC,4037.42,100.0,3,34.26,1,0.0,880,4.23,0.0,0.037,33,80.47,ISO9001,1,0
192,APAC,4037.42,100.0,3,29.8,1,0.0,1190,5.46,0.039,0.012,16,90.32,ISO9001+ISO14001,1,0
192,APAC,4037.42,100.0,3,33.07,1,0.0,1117,5.76,0.066,0.018,18,83.09,ISO9001,0,0
192,APAC,4037.42,100.0,3,33.33,1,0.0,741,5.22,0.059,0.023,12,72.39,ISO9001,0,0
192,APAC,4037.42,100.0,3,34.94,1,0.0,1005,5.2,0.024,0.028,33,61.02,None,0,0
192,APAC,4037.42,100.0,3,33.93,1,0.0,1241,5.02,0.079,0.012,15,78.36,ISO9001,1,0
192,APAC,4037.42,100.0,3,36.64,1,0.0,802,5.49,0.021,0.029,29,71.16,None,0,0
192,APAC,4037.42,100.0,3,29.98,1,0.0,913,5.9,0.019,0.021,24,59.67,ISO9001+ISO14001,1,0
192,APAC,4037.42,100.0,3,33.7,0,6.14,811,4.54,0.05,0.032,19,76.01,None,0,0
192,APAC,4037.42,100.0,3,33.11,0,9.09,1045,5.48,0.038,0.008,7,69.42,None,0,0
192,APAC,4037.42,100.0,3,34.91,1,0.0,544,5.3,0.034,0.035,22,87.67,ISO9001+ISO14001,1,0
192,APAC,4037.42,100.0,3,40.67,1,0.0,1457,4.06,0.029,0.028,33,83.33,ISO9001+ISO14001,0,0
192,APAC,4037.42,100.0,3,38.61,1,0.0,835,4.76,0.039,0.022,15,67.16,None,0,0
192,APAC,4037.42,100.0,3,26.2,1,0.0,1131,5.39,0.068,0.021,36,83.06,None,1,0
192,APAC,4037.42,100.0,3,23.31,1,0.0,935,5.97,0.035,0.015,11,77.98,ISO9001,0,0
192,APAC,4037.42,100.0,3,36.04,1,0.0,927,4.53,0.04,0.017,16,91.05,ISO9001,1,0
192,APAC,4037.42,100.0,3,36.8,1,0.0,1280,4.54,0.035,0.013,22,68.15,None,0,0
192,APAC,4037.42,100.0,3,30.9,1,0.0,1120,5.51,0.029,0.025,29,77.46,ISO9001,0,0
192,APAC,4037.42,100.0,3,32.84,1,0.0,1012,5.45,0.034,0.014,15,68.82,ISO9001+ISO14001,1,0
192,APAC,4037.42,100.0,3,34.77,1,0.0,1104,4.23,0.028,0.019,27,77.18,ISO9001+ISO14001,0,0
192,APAC,4037.42,100.0,3,37.4,0,10.15,777,5.92,0.046,0.015,8,65.46,ISO9001,1,0
192,APAC,4037.42,100.0,3,31.99,0,6.57,1329,4.39,0.019,0.011,18,66.22,ISO9001,0,0
192,APAC,4037.42,100.0,3,32.1,1,0.0,976,5.33,0.037,0.025,25,70.28,ISO9001,1,0
192,APAC,4037.42,100.0,3,38.8,1,0.0,698,6.05,0.024,0.021,13,72.15,ISO9001,0,0
192,APAC,4037.42,100.0,3,31.9,1,0.0,1232,4.52,0.074,0.022,24,70.99,ISO9001,1,0
192,APAC,4037.42,100.0,3,34.07,1,0.0,906,5.43,0.0,0.023,29,71.17,ISO9001,0,0
192,APAC,4037.42,100.0,3,36.92,1,0.0,1016,5.14,0.053,0.018,18,75.47,ISO9001,1,0
192,APAC,4037.42,100.0,3,31.58,1,0.0,1147,5.02,0.049,0.023,19,66.73,ISO9001,1,0
192,APAC,4037.42,100.0,3,28.78,1,0.0,1359,4.69,0.024,0.028,28,73.32,ISO9001,1,0
192,APAC,4037.42,100.0,3,27.32,1,0.0,956,6.26,0.081,0.019,13,65.89,ISO9001,0,0
192,APAC,4037.42,100.0,3,39.95,0,9.21,1099,5.49,0.017,0.03,33,76.64,ISO9001,1,0
192,APAC,4037.42,100.0,3,29.76,1,0.0,1014,4.69,0.015,0.017,17,69.38,ISO9001,0,0
193,APAC,3772.28,62.61,3,36.08,1,0.0,626,4.14,0.054,0.027,18,84.29,ISO9001,0,0
193,APAC,3772.28,62.61,3,29.87,1,0.0,941,6.77,0.042,0.028,22,78.33,ISO9001,1,0
193,APAC,3772.28,62.61,3,33.59,1,0.0,883,4.32,0.031,0.042,35,72.42,ISO9001,1,0
193,APAC,3772.28,62.61,3,34.72,1,0.0,545,5.37,0.051,0.027,14,79.54,ISO9001,1,0
193,APAC,3772.28,62.61,3,31.51,1,0.0,666,5.03,0.0,0.032,23,69.41,ISO9001,1,0
193,APAC,3772.28,62.61,3,33.16,1,0.0,489,5.21,0.034,0.011,8,74.24,ISO9001,1,0
193,APAC,3772.28,62.61,3,33.55,0,4.26,1527,4.79,0.019,0.025,29,70.76,ISO9001,1,0
193,APAC,3772.28,62.61,3,30.68,1,0.0,1006,5.21,0.0,0.007,8,79.91,ISO9001,0,0
193,APAC,3772.28,62.61,3,36.24,1,0.0,707,5.79,0.049,0.025,20,60.95,ISO9001,1,0
193,APAC,3772.28,62.61,3,30.48,0,1.24,804,5.46,0.056,0.003,3,83.22,None,0,0
193,APAC,3772.28,62.61,3,31.78,1,0.0,541,5.53,0.056,0.034,18,64.03,ISO9001+ISO14001,0,0
193,APAC,3772.28,62.61,3,33.26,1,0.0,781,4.85,0.03,0.017,9,77.06,ISO9001,0,0
193,APAC,3772.28,62.61,3,32.8,1,0.0,1111,4.65,0.038,0.037,46,81.68,ISO9001,0,0
193,APAC,3772.28,62.61,3,33.51,1,0.0,1080,6.33,0.043,0.018,12,80.43,ISO9001,0,0
193,APAC,3772.28,62.61,3,34.03,1,0.0,692,4.87,0.044,0.022,12,80.29,ISO9001+ISO14001,0,0
193,APAC,3772.28,62.61,3,31.23,1,0.0,500,3.96,0.016,0.013,10,75.72,ISO9001,1,0
193,APAC,3772.28,62.61,3,34.4,1,0.0,997,5.29,0.04,0.022,18,71.82,ISO9001,1,0
194,APAC,3293.49,59.4,6,23.87,1,0.0,1098,4.84,0.05,0.014,12,79.61,ISO9001,0,0
194,APAC,3293.49,59.4,6,31.28,1,0.0,1069,4.49,0.014,0.019,15,77.82,None,0,0
194,APAC,3293.49,59.4,6,35.86,1,0.0,857,5.44,0.013,0.006,10,65.84,ISO9001+ISO14001,0,0
194,APAC,3293.49,59.4,6,26.32,1,0.0,1061,5.82,0.041,0.025,21,90.75,ISO9001,0,0
194,APAC,3293.49,59.4,6,30.94,1,0.0,547,3.13,0.053,0.005,4,91.77,None,0,0
194,APAC,3293.49,59.4,6,28.62,0,7.74,1070,4.71,0.038,0.036,39,77.4,None,1,0
194,APAC,3293.49,59.4,6,34.75,1,0.0,1224,5.65,0.037,0.021,29,68.65,ISO9001,1,0
194,APAC,3293.49,59.4,6,36.15,1,0.0,1027,4.93,0.029,0.026,14,76.25,ISO9001,1,0
194,APAC,3293.49,59.4,6,31.13,1,0.0,1107,4.95,0.056,0.034,35,64.93,ISO9001+ISO14001,1,0
194,APAC,3293.49,59.4,6,29.82,1,0.0,1184,4.04,0.018,0.031,32,78.07,ISO9001,1,0
194,APAC,3293.49,59.4,6,34.14,1,0.0,1313,5.45,0.007,0.024,31,67.63,ISO9001,0,0
194,APAC,3293.49,59.4,6,27.54,1,0.0,707,3.74,0.047,0.009,7,81.02,ISO9001,1,0
194,APAC,3293.49,59.4,6,31.9,0,4.38,640,4.7,0.035,0.022,10,60.75,ISO9001,1,0
194,APAC,3293.49,59.4,6,31.69,1,0.0,1421,4.79,0.067,0.04,59,67.8,ISO9001+ISO14001,1,0
194,APAC,3293.49,59.4,6,24.46,1,0.0,746,4.66,0.029,0.033,29,80.34,ISO9001,0,0
194,APAC,3293.49,59.4,6,31.5,1,0.0,956,5.65,0.029,0.029,31,81.34,ISO9001,0,0
195,APAC,3963.96,58.54,7,32.78,1,0.0,858,5.15,0.045,0.021,14,77.28,ISO9001,1,0
195,APAC,3963.96,58.54,7,36.96,1,0.0,1167,3.41,0.065,0.012,10,76.05,ISO9001,0,0
195,APAC,3963.96,58.54,7,34.58,0,7.06,1002,5.51,0.037,0.0,0,90.11,None,1,0
195,APAC,3963.96,58.54,7,36.66,1,0.0,695,4.77,0.017,0.041,29,73.74,ISO9001+ISO14001,1,0
195,APAC,3963.96,58.54,7,35.17,0,7.64,1192,4.87,0.023,0.023,30,59.54,ISO9001+ISO14001,0,0
195,APAC,3963.96,58.54,7,31.93,1,0.0,1516,5.21,0.033,0.004,6,81.44,None,0,0
195,APAC,3963.96,58.54,7,28.13,1,0.0,722,6.24,0.012,0.013,8,81.91,ISO9001,1,0
195,APAC,3963.96,58.54,7,33.27,1,0.0,622,4.84,0.038,0.02,8,71.58,None,1,0
195,APAC,3963.96,58.54,7,33.41,1,0.0,518,5.85,0.0,0.022,12,56.87,ISO9001,1,0
195,APAC,3963.96,58.54,7,35.68,1,0.0,541,4.66,0.021,0.018,11,60.09,ISO9001,0,0
195,APAC,3963.96,58.54,7,35.77,1,0.0,657,5.34,0.074,0.001,0,88.38,ISO9001+ISO14001,1,0
195,APAC,3963.96,58.54,7,33.33,1,0.0,984,4.59,0.034,0.03,28,63.28,ISO9001,1,0
195,APAC,3963.96,58.54,7,33.93,1,0.0,1282,4.78,0.017,0.029,33,89.97,ISO9001+ISO14001,1,0
195,APAC,3963.96,58.54,7,27.92,1,0.0,887,3.93,0.038,0.035,36,62.0,ISO9001,0,0
195,APAC,3963.96,58.54,7,30.31,1,0.0,1068,4.61,0.024,0.0,0,77.49,None,0,0
195,APAC,3963.96,58.54,7,33.85,1,0.0,1343,4.92,0.033,0.034,48,71.77,ISO9001,1,0
195,APAC,3963.96,58.54,7,33.86,1,0.0,1316,5.1,0.056,0.017,22,67.51,None,0,0
195,APAC,3963.96,58.54,7,32.98,1,0.0,1489,4.78,0.019,0.03,44,67.7,ISO9001,0,0
195,APAC,3963.96,58.54,7,33.53,1,0.0,1382,5.0,0.027,0.023,24,66.91,None,0,0
195,APAC,3963.96,58.54,7,41.02,0,9.29,996,5.78,0.039,0.012,14,79.83,None,0,0
195,APAC,3963.96,58.54,7,28.05,1,0.0,1003,5.47,0.067,0.013,14,83.89,ISO9001,0,0
195,APAC,3963.96,58.54,7,38.25,1,0.0,1004,4.88,0.045,0.015,21,85.15,ISO9001+ISO14001,1,0
195,APAC,3963.96,58.54,7,30.08,1,0.0,958,5.12,0.023,0.029,24,93.64,ISO9001,0,0
195,APAC,3963.96,58.54,7,29.56,0,5.93,938,5.37,0.028,0.01,12,98.48,None,0,0
195,APAC,3963.96,58.54,7,32.37,1,0.0,813,4.4,0.013,0.038,46,93.25,ISO9001+ISO14001,1,0
195,APAC,3963.96,58.54,7,34.48,1,0.0,1136,4.48,0.051,0.037,38,88.08,None,0,0
195,APAC,3963.96,58.54,7,32.16,1,0.0,1432,4.8,0.043,0.028,40,82.36,None,0,0
195,APAC,3963.96,58.54,7,34.42,1,0.0,902,4.9,0.037,0.025,29,70.56,ISO9001,0,0
195,APAC,3963.96,58.54,7,37.02,1,0.0,1216,5.28,0.0,0.03,43,74.51,None,0,0
195,APAC,3963.96,58.54,7,33.85,1,0.0,1006,3.29,0.014,0.019,18,91.83,ISO9001,1,0
195,APAC,3963.96,58.54,7,34.37,1,0.0,1005,5.29,0.0,0.024,23,80.29,None,0,0
195,APAC,3963.96,58.54,7,28.31,1,0.0,1105,5.41,0.009,0.019,16,80.01,ISO9001,0,0
195,APAC,3963.96,58.54,7,38.18,1,0.0,971,4.98,0.085,0.028,33,76.45,ISO9001,1,0
195,APAC,3963.96,58.54,7,35.94,1,0.0,780,5.5,0.055,0.016,18,66.87,ISO9001,1,0
195,APAC,3963.96,58.54,7,35.62,1,0.0,824,5.43,0.047,0.027,19,91.02,None,0,0
195,APAC,3963.96,58.54,7,37.38,1,0.0,932,4.11,0.024,0.006,9,69.7,ISO9001,0,0
195,APAC,3963.96,58.54,7,32.89,1,0.0,1322,6.05,0.001,0.034,34,61.25,None,0,0
195,APAC,3963.96,58.54,7,34.95,1,0.0,824,5.14,0.008,0.0,0,77.83,None,0,0
195,APAC,3963.96,58.54,7,33.06,1,0.0,340,5.8,0.05,0.0,0,88.19,ISO9001,0,0
195,APAC,3963.96,58.54,7,38.5,1,0.0,865,4.12,0.041,0.02,21,73.49,ISO9001+ISO14001,1,0
195,APAC,3963.96,58.54,7,36.1,1,0.0,522,4.92,0.0,0.028,9,62.07,None,1,0
195,APAC,3963.96,58.54,7,34.11,1,0.0,851,4.27,0.043,0.036,29,83.58,ISO9001,1,0
195,APAC,3963.96,58.54,7,33.41,1,0.0,1013,4.88,0.042,0.021,25,81.52,None,0,0
195,APAC,3963.96,58.54,7,34.67,1,0.0,496,5.23,0.009,0.0,0,85.84,None,0,0
195,APAC,3963.96,58.54,7,28.67,1,0.0,1051,4.25,0.041,0.047,52,66.86,None,0,0
195,APAC,3963.96,58.54,7,31.94,0,8.74,1145,5.3,0.056,0.02,17,74.3,ISO9001,0,0
195,APAC,3963.96,58.54,7,34.4,0,7.66,1190,5.72,0.004,0.023,34,75.04,None,1,0
196,AMER,407.45,80.52,3,16.97,1,0.0,424,4.8,0.044,0.025,3,73.32,None,0,0
196,AMER,407.45,80.52,3,17.04,1,0.0,612,5.23,0.057,0.03,27,80.41,ISO9001,1,0
196,AMER,407.45,80.52,3,20.41,0,5.01,1086,5.48,0.035,0.028,31,62.66,ISO9001,0,0
196,AMER,407.45,80.52,3,24.62,1,0.0,1012,3.93,0.013,0.016,16,67.26,ISO9001,1,0
196,AMER,407.45,80.52,3,19.29,1,0.0,1425,5.3,0.057,0.026,34,88.13,ISO9001,0,0
196,AMER,407.45,80.52,3,19.9,1,0.0,921,4.96,0.045,0.0,0,90.24,ISO9001+ISO14001,1,0
196,AMER,407.45,80.52,3,23.5,1,0.0,643,5.04,0.01,0.024,14,78.61,ISO9001,0,0
196,AMER,407.45,80.52,3,23.72,1,0.0,1312,4.99,0.044,0.013,17,69.37,ISO9001,1,0
196,AMER,407.45,80.52,3,19.25,1,0.0,883,4.35,0.042,0.015,21,72.71,None,0,0
196,AMER,407.45,80.52,3,18.36,1,0.0,972,5.02,0.03,0.015,11,81.11,None,0,0
196,AMER,407.45,80.52,3,14.28,1,0.0,566,5.67,0.044,0.02,7,74.75,ISO9001,1,0
196,AMER,407.45,80.52,3,20.26,1,0.0,848,4.86,0.024,0.015,14,77.65,ISO9001+ISO14001,0,0
196,AMER,407.45,80.52,3,16.91,1,0.0,1198,5.12,0.051,0.01,6,81.91,ISO9001,1,0
196,AMER,407.45,80.52,3,21.78,1,0.0,824,4.26,0.048,0.008,6,69.99,None,0,0
196,AMER,407.45,80.52,3,21.93,1,0.0,934,4.9,0.052,0.023,25,72.34,ISO9001,1,0
196,AMER,407.45,80.52,3,20.63,1,0.0,885,5.18,0.0,0.002,1,82.83,ISO9001,1,0
196,AMER,407.45,80.52,3,16.05,1,0.0,1221,5.68,0.018,0.017,26,83.06,ISO9001+ISO14001,0,0
196,AMER,407.45,80.52,3,18.8,1,0.0,1142,4.62,0.045,0.019,25,77.64,ISO9001,0,0
196,AMER,407.45,80.52,3,19.19,1,0.0,603,4.2,0.058,0.037,19,82.12,ISO9001,0,0
196,AMER,407.45,80.52,3,13.56,1,0.0,779,5.09,0.064,0.023,20,80.92,None,0,0
196,AMER,407.45,80.52,3,18.03,1,0.0,938,5.96,0.054,0.011,10,68.69,None,0,0
196,AMER,407.45,80.52,3,19.21,1,0.0,876,4.29,0.03,0.0,0,81.7,ISO9001,0,0
196,AMER,407.45,80.52,3,17.27,1,0.0,1184,4.6,0.018,0.011,12,73.12,ISO9001,1,0
196,AMER,407.45,80.52,3,19.21,1,0.0,961,4.84,0.019,0.007,4,89.73,ISO9001+ISO14001,0,0
196,AMER,407.45,80.52,3,18.45,1,0.0,666,5.12,0.028,0.028,20,86.04,ISO9001,0,0
196,AMER,407.45,80.52,3,15.66,1,0.0,829,4.79,0.013,0.022,17,80.25,ISO9001+ISO14001,1,0
196,AMER,407.45,80.52,3,16.58,1,0.0,740,6.3,0.044,0.017,9,71.21,ISO9001,0,0
196,AMER,407.45,80.52,3,23.87,1,0.0,913,4.64,0.008,0.019,21,43.37,ISO9001,1,0
196,AMER,407.45,80.52,3,19.72,1,0.0,1669,4.84,0.043,0.031,53,75.75,ISO9001+ISO14001,1,0
196,AMER,407.45,80.52,3,14.69,1,0.0,623,4.83,0.05,0.019,8,57.76,ISO9001,0,0
196,AMER,407.45,80.52,3,14.98,1,0.0,1555,5.18,0.058,0.02,36,80.0,ISO9001+ISO14001,1,0
197,APAC,3975.28,79.0,5,39.97,0,7.45,1268,4.58,0.054,0.024,37,68.19,ISO9001+ISO14001,1,0
197,APAC,3975.28,79.0,5,38.24,1,0.0,966,5.37,0.052,0.025,26,82.74,None,1,0
197,APAC,3975.28,79.0,5,34.83,1,0.0,1239,5.26,0.009,0.013,20,69.11,ISO9001,1,0
197,APAC,3975.28,79.0,5,37.23,1,0.0,1292,5.33,0.056,0.019,24,83.57,ISO9001,1,0
197,APAC,3975.28,79.0,5,30.36,1,0.0,951,4.71,0.029,0.028,31,75.52,ISO9001+ISO14001,1,0
197,APAC,3975.28,79.0,5,37.95,1,0.0,1182,5.61,0.0,0.011,13,58.48,ISO9001,0,0
197,APAC,3975.28,79.0,5,36.38,1,0.0,1048,3.93,0.042,0.02,31,80.42,ISO9001,1,0
197,APAC,3975.28,79.0,5,30.86,1,0.0,765,5.56,0.078,0.01,6,78.21,ISO9001,1,0
197,APAC,3975.28,79.0,5,33.61,0,8.29,1270,5.07,0.023,0.01,19,64.55,None,0,0
197,APAC,3975.28,79.0,5,27.59,1,0.0,1072,4.64,0.013,0.024,22,73.62,ISO9001,0,0
197,APAC,3975.28,79.0,5,32.02,0,7.55,961,5.54,0.073,0.004,2,74.71,None,0,0
197,APAC,3975.28,79.0,5,37.51,1,0.0,1112,5.24,0.035,0.027,33,68.5,ISO9001,0,0
197,APAC,3975.28,79.0,5,36.09,1,0.0,917,4.81,0.023,0.014,11,71.52,None,0,0
197,APAC,3975.28,79.0,5,33.55,0,10.48,1015,5.29,0.047,0.004,4,67.1,ISO9001,1,0
197,APAC,3975.28,79.0,5,41.4,1,0.0,1079,5.47,0.052,0.009,6,63.76,ISO9001,1,0
197,APAC,3975.28,79.0,5,33.88,0,5.03,750,4.9,0.006,0.017,16,69.13,ISO9001,0,0
197,APAC,3975.28,79.0,5,33.21,1,0.0,872,4.47,0.052,0.008,10,58.48,ISO9001,1,0
197,APAC,3975.28,79.0,5,32.13,1,0.0,1309,5.48,0.038,0.022,28,87.34,ISO9001,0,0
197,APAC,3975.28,79.0,5,32.86,0,6.24,1238,4.7,0.03,0.014,16,72.31,ISO9001,1,0
197,APAC,3975.28,79.0,5,29.84,0,4.0,1019,4.87,0.042,0.025,24,73.32,ISO9001+ISO14001,1,0
197,APAC,3975.28,79.0,5,35.43,1,0.0,1221,5.26,0.053,0.012,17,82.96,None,0,0
197,APAC,3975.28,79.0,5,39.38,1,0.0,995,4.68,0.053,0.02,19,70.95,ISO9001,1,0
197,APAC,3975.28,79.0,5,31.37,1,0.0,1274,4.25,0.031,0.024,38,73.35,ISO9001,1,0
197,APAC,3975.28,79.0,5,31.85,1,0.0,1110,5.71,0.003,0.039,48,84.59,ISO9001,0,0
197,APAC,3975.28,79.0,5,30.91,1,0.0,1050,4.0,0.007,0.0,0,76.53,ISO9001,0,0
197,APAC,3975.28,79.0,5,35.6,1,0.0,1073,5.34,0.047,0.018,18,81.33,ISO9001,1,0
197,APAC,3975.28,79.0,5,34.38,1,0.0,895,4.04,0.037,0.022,15,75.48,ISO9001,0,0
197,APAC,3975.28,79.0,5,32.29,1,0.0,1579,4.91,0.056,0.019,23,91.2,ISO9001+ISO14001,1,0
197,APAC,3975.28,79.0,5,35.64,1,0.0,871,4.83,0.018,0.019,13,78.01,None,0,0
197,APAC,3975.28,79.0,5,34.86,1,0.0,993,4.75,0.005,0.02,20,70.5,ISO9001+ISO14001,0,0
197,APAC,3975.28,79.0,5,33.38,1,0.0,1260,4.9,0.044,0.028,27,66.39,ISO9001,1,0
197,APAC,3975.28,79.0,5,34.22,1,0.0,1311,3.93,0.04,0.021,25,86.11,ISO9001+ISO14001,0,0
197,APAC,3975.28,79.0,5,33.64,1,0.0,897,5.29,0.056,0.015,13,82.81,ISO9001,1,0
197,APAC,3975.28,79.0,5,28.63,1,0.0,1378,4.54,0.046,0.012,15,72.82,ISO9001,1,0
197,APAC,3975.28,79.0,5,33.17,1,0.0,766,4.32,0.0,0.025,22,78.23,ISO9001,0,0
197,APAC,3975.28,79.0,5,31.88,1,0.0,1144,4.22,0.029,0.021,15,92.08,ISO9001,1,0
197,APAC,3975.28,79.0,5,28.92,1,0.0,1024,4.85,0.055,0.0,0,75.33,None,0,0
197,APAC,3975.28,79.0,5,38.83,1,0.0,988,5.21,0.027,0.03,34,54.87,ISO9001+ISO14001,0,0
197,APAC,3975.28,79.0,5,31.88,1,0.0,1096,3.85,0.075,0.018,15,100.0,ISO9001,1,0
197,APAC,3975.28,79.0,5,32.82,1,0.0,1111,6.09,0.031,0.003,4,58.15,ISO9001,1,0
197,APAC,3975.28,79.0,5,37.9,0,5.7,770,4.8,0.028,0.025,20,89.73,ISO9001,1,0
197,APAC,3975.28,79.0,5,32.24,1,0.0,1190,4.98,0.028,0.013,23,73.01,None,0,0
197,APAC,3975.28,79.0,5,33.1,1,0.0,1133,4.43,0.032,0.012,17,90.35,ISO9001+ISO14001,0,0
197,APAC,3975.28,79.0,5,36.01,1,0.0,884,4.67,0.003,0.021,20,76.49,ISO9001,0,0
197,APAC,3975.28,79.0,5,36.23,1,0.0,1547,4.95,0.018,0.028,45,100.0,ISO9001,1,0
197,APAC,3975.28,79.0,5,31.99,1,0.0,778,5.78,0.042,0.026,22,95.45,ISO9001,1,0
197,APAC,3975.28,79.0,5,32.34,1,0.0,980,6.09,0.043,0.017,17,72.93,ISO9001,0,0
197,APAC,3975.28,79.0,5,35.86,1,0.0,1055,5.73,0.04,0.008,8,89.06,ISO9001,0,0
197,APAC,3975.28,79.0,5,32.37,1,0.0,582,4.97,0.038,0.012,6,85.98,ISO9001+ISO14001,0,0
197,APAC,3975.28,79.0,5,34.41,1,0.0,907,5.68,0.035,0.024,19,77.38,ISO9001,1,0
197,APAC,3975.28,79.0,5,31.38,0,4.38,1328,4.19,0.045,0.026,41,72.93,ISO9001,0,0
198,APAC,3828.47,55.33,5,32.74,1,0.0,1356,4.89,0.058,0.027,27,73.7,ISO9001,0,0
198,APAC,3828.47,55.33,5,30.04,0,4.8,1269,5.43,0.039,0.019,23,86.35,ISO9001,1,0
198,APAC,3828.47,55.33,5,31.26,1,0.0,935,4.52,0.024,0.036,39,69.32,None,0,0
198,APAC,3828.47,55.33,5,35.63,1,0.0,1419,5.38,0.034,0.012,14,67.62,ISO9001+ISO14001,1,0
198,APAC,3828.47,55.33,5,29.48,1,0.0,1418,5.07,0.031,0.026,29,56.38,None,0,0
198,APAC,3828.47,55.33,5,33.79,1,0.0,1279,5.78,0.054,0.027,35,75.73,ISO9001,0,0
198,APAC,3828.47,55.33,5,27.09,1,0.0,772,5.04,0.013,0.019,17,70.36,None,0,0
198,APAC,3828.47,55.33,5,34.65,1,0.0,1082,5.13,0.024,0.02,17,99.17,None,0,0
198,APAC,3828.47,55.33,5,34.44,1,0.0,860,4.8,0.03,0.025,31,100.0,ISO9001,1,0
198,APAC,3828.47,55.33,5,38.07,1,0.0,1099,3.38,0.053,0.029,34,83.72,ISO9001,1,0
198,APAC,3828.47,55.33,5,40.42,1,0.0,967,4.69,0.054,0.027,34,75.45,None,0,0
198,APAC,3828.47,55.33,5,33.06,0,2.22,1062,5.15,0.045,0.036,33,78.08,None,0,0
198,APAC,3828.47,55.33,5,29.64,1,0.0,1592,4.85,0.043,0.045,68,72.79,None,0,0
198,APAC,3828.47,55.33,5,30.54,1,0.0,692,4.84,0.034,0.04,27,69.49,ISO9001,1,0
198,APAC,3828.47,55.33,5,37.11,0,7.37,1231,5.08,0.026,0.019,22,76.41,None,0,0
198,APAC,3828.47,55.33,5,34.88,1,0.0,1179,5.36,0.024,0.015,13,64.13,ISO9001,0,0
199,APAC,3658.54,60.28,4,29.96,0,5.92,394,3.8,0.026,0.03,8,96.43,ISO9001+ISO14001,1,0
199,APAC,3658.54,60.28,4,34.23,1,0.0,1211,4.77,0.046,0.025,27,73.57,ISO9001+ISO14001,1,0
199,APAC,3658.54,60.28,4,31.26,1,0.0,1387,4.69,0.046,0.031,51,77.44,None,0,0
199,APAC,3658.54,60.28,4,31.42,1,0.0,704,4.47,0.052,0.006,8,63.0,ISO9001+ISO14001,1,0
199,APAC,3658.54,60.28,4,35.03,1,0.0,1142,4.45,0.021,0.016,22,75.97,ISO9001+ISO14001,1,0
199,APAC,3658.54,60.28,4,33.77,1,0.0,1247,5.66,0.017,0.008,14,81.05,ISO9001+ISO14001,1,0
199,APAC,3658.54,60.28,4,35.82,1,0.0,1189,4.73,0.054,0.019,31,77.93,ISO9001,0,0
199,APAC,3658.54,60.28,4,34.09,1,0.0,1194,5.48,0.028,0.034,47,73.38,ISO9001,1,0
199,APAC,3658.54,60.28,4,34.56,1,0.0,876,4.98,0.056,0.014,14,91.58,None,0,0
199,APAC,3658.54,60.28,4,29.84,1,0.0,1250,5.55,0.037,0.015,19,63.41,None,0,0
199,APAC,3658.54,60.28,4,40.53,0,8.76,546,5.45,0.05,0.018,6,84.16,ISO9001,0,0
199,APAC,3658.54,60.28,4,29.2,0,6.27,907,5.36,0.043,0.015,16,78.85,ISO9001,0,0
199,APAC,3658.54,60.28,4,36.43,1,0.0,966,4.72,0.031,0.016,17,73.88,ISO9001,0,0
199,APAC,3658.54,60.28,4,29.6,1,0.0,995,3.78,0.077,0.01,8,80.65,ISO9001,1,0
199,APAC,3658.54,60.28,4,33.24,1,0.0,1079,4.48,0.068,0.019,18,83.03,ISO9001,1,0
199,APAC,3658.54,60.28,4,35.11,0,7.67,890,5.99,0.061,0.03,26,80.32,ISO9001,1,0
199,APAC,3658.54,60.28,4,31.26,1,0.0,1336,5.01,0.044,0.018,22,66.05,ISO9001,1,0
199,APAC,3658.54,60.28,4,35.6,0,5.5,612,5.01,0.013,0.004,1,75.17,ISO9001,0,0
199,APAC,3658.54,60.28,4,34.68,1,0.0,1142,4.52,0.051,0.029,26,58.26,ISO9001,1,0
199,APAC,3658.54,60.28,4,34.74,1,0.0,1156,4.96,0.055,0.012,14,79.74,ISO9001,1,0
199,APAC,3658.54,60.28,4,30.71,1,0.0,780,4.49,0.03,0.037,22,82.95,ISO9001,1,0
199,APAC,3658.54,60.28,4,29.16,1,0.0,1217,4.83,0.057,0.022,26,83.23,ISO9001,1,0
199,APAC,3658.54,60.28,4,36.54,1,0.0,1037,4.05,0.003,0.015,15,87.66,None,0,0
199,APAC,3658.54,60.28,4,29.36,1,0.0,569,5.01,0.045,0.037,24,100.0,ISO9001,1,0
199,APAC,3658.54,60.28,4,32.17,1,0.0,959,5.06,0.015,0.019,20,85.29,None,0,0
199,APAC,3658.54,60.28,4,32.2,1,0.0,883,4.02,0.05,0.037,26,84.96,ISO9001,1,0
199,APAC,3658.54,60.28,4,34.37,1,0.0,955,4.73,0.04,0.021,21,65.54,ISO9001,1,0
199,APAC,3658.54,60.28,4,35.16,1,0.0,862,4.7,0.051,0.026,17,61.47,ISO9001,0,0
199,APAC,3658.54,60.28,4,33.64,1,0.0,833,5.01,0.003,0.017,21,54.81,ISO9001,0,0
199,APAC,3658.54,60.28,4,39.39,1,0.0,1030,5.04,0.024,0.035,39,79.54,ISO9001+ISO14001,0,0
199,APAC,3658.54,60.28,4,32.36,1,0.0,1239,4.71,0.05,0.013,20,51.25,ISO9001+ISO14001,1,0
199,APAC,3658.54,60.28,4,36.7,1,0.0,1290,4.84,0.03,0.024,26,81.62,None,0,0
199,APAC,3658.54,60.28,4,34.88,1,0.0,1482,4.73,0.037,0.02,28,74.2,ISO9001+ISO14001,0,0
199,APAC,3658.54,60.28,4,33.79,0,10.92,946,4.94,0.035,0.022,22,64.57,ISO9001+ISO14001,1,0
199,APAC,3658.54,60.28,4,32.62,1,0.0,767,4.56,0.031,0.018,13,55.71,ISO9001,1,0
199,APAC,3658.54,60.28,4,34.16,1,0.0,1219,5.04,0.037,0.02,19,72.16,ISO9001,0,0
199,APAC,3658.54,60.28,4,30.14,1,0.0,1045,4.94,0.048,0.028,37,77.5,None,0,0
199,APAC,3658.54,60.28,4,29.66,1,0.0,1167,5.77,0.049,0.027,26,65.44,None,0,0
199,APAC,3658.54,60.28,4,34.08,1,0.0,1268,4.43,0.033,0.024,21,62.23,ISO9001,0,0
199,APAC,3658.54,60.28,4,28.98,1,0.0,565,4.61,0.051,0.021,15,83.01,ISO9001,0,0
199,APAC,3658.54,60.28,4,26.62,0,7.27,1233,5.19,0.038,0.022,30,61.09,None,0,0
199,APAC,3658.54,60.28,4,33.25,1,0.0,1083,6.54,0.058,0.023,20,66.49,None,0,0
199,APAC,3658.54,60.28,4,37.01,1,0.0,1114,3.88,0.035,0.021,21,78.9,ISO9001,1,0
199,APAC,3658.54,60.28,4,34.45,1,0.0,1081,5.38,0.062,0.015,19,70.15,ISO9001,1,0
199,APAC,3658.54,60.28,4,27.62,1,0.0,833,4.3,0.05,0.021,14,57.61,ISO9001,1,0
199,APAC,3658.54,60.28,4,31.85,1,0.0,544,5.17,0.061,0.041,25,73.71,ISO9001,0,0
199,APAC,3658.54,60.28,4,33.85,1,0.0,934,5.77,0.017,0.019,18,74.36,ISO9001+ISO14001,0,0
199,APAC,3658.54,60.28,4,34.4,1,0.0,974,5.19,0.007,0.005,7,77.28,ISO9001,0,0
199,APAC,3658.54,60.28,4,34.05,1,0.0,545,5.8,0.052,0.044,30,82.36,ISO9001,0,0
199,APAC,3658.54,60.28,4,31.22,0,4.51,1105,5.44,0.039,0.017,21,87.43,ISO9001+ISO14001,1,0
199,APAC,3658.54,60.28,4,33.69,1,0.0,1256,3.95,0.042,0.018,27,81.58,None,0,0
199,APAC,3658.54,60.28,4,34.03,1,0.0,1037,4.5,0.011,0.033,36,75.65,ISO9001,0,0
199,APAC,3658.54,60.28,4,34.46,1,0.0,1176,4.87,0.042,0.013,17,76.04,None,0,0
199,APAC,3658.54,60.28,4,32.74,0,6.22,1099,5.23,0.045,0.026,23,80.36,ISO9001+ISO14001,0,0
199,APAC,3658.54,60.28,4,34.6,0,7.64,758,5.24,0.065,0.033,29,83.3,ISO9001,1,0
200,APAC,2923.09,76.89,3,33.17,1,0.0,968,5.77,0.038,0.018,27,67.16,ISO9001,0,0
200,APAC,2923.09,76.89,3,26.68,1,0.0,1156,5.64,0.043,0.035,31,63.08,ISO9001+ISO14001,1,0
200,APAC,2923.09,76.89,3,25.77,1,0.0,860,4.45,0.048,0.021,24,64.29,ISO9001+ISO14001,1,0
200,APAC,2923.09,76.89,3,27.89,1,0.0,1056,5.55,0.027,0.001,1,99.02,None,0,0
200,APAC,2923.09,76.89,3,31.38,0,1.16,917,4.61,0.045,0.041,40,78.62,ISO9001,1,0
200,APAC,2923.09,76.89,3,21.24,1,0.0,1029,5.12,0.06,0.041,43,73.83,ISO9001,1,0
200,APAC,2923.09,76.89,3,30.49,1,0.0,1155,4.73,0.043,0.023,19,74.53,ISO9001,0,0
200,APAC,2923.09,76.89,3,32.4,1,0.0,615,4.23,0.059,0.03,16,76.95,ISO9001+ISO14001,0,0
200,APAC,2923.09,76.89,3,27.75,1,0.0,1039,4.74,0.032,0.018,27,75.83,ISO9001,1,0
200,APAC,2923.09,76.89,3,33.69,1,0.0,685,5.91,0.065,0.046,32,74.75,None,0,0
200,APAC,2923.09,76.89,3,26.33,1,0.0,1011,4.16,0.036,0.024,28,81.25,ISO9001,0,0
200,APAC,2923.09,76.89,3,25.9,1,0.0,1062,5.69,0.042,0.05,49,85.75,ISO9001+ISO14001,1,0
200,APAC,2923.09,76.89,3,26.24,0,5.49,863,4.68,0.054,0.024,15,70.96,ISO9001,0,0
200,APAC,2923.09,76.89,3,34.46,1,0.0,1116,4.83,0.045,0.022,25,72.98,ISO9001+ISO14001,1,0
200,APAC,2923.09,76.89,3,29.93,1,0.0,717,3.69,0.067,0.043,38,86.47,ISO9001+ISO14001,1,0
200,APAC,2923.09,76.89,3,28.67,1,0.0,911,4.47,0.0,0.019,25,99.66,None,0,0
200,APAC,2923.09,76.89,3,32.12,1,0.0,1339,4.19,0.007,0.039,47,82.15,ISO9001,1,0
200,APAC,2923.09,76.89,3,33.42,1,0.0,1365,4.76,0.052,0.033,47,65.64,ISO9001,1,0
200,APAC,2923.09,76.89,3,36.19,1,0.0,1196,3.85,0.055,0.027,35,69.82,ISO9001,1,0
200,APAC,2923.09,76.89,3,22.47,1,0.0,929,4.97,0.079,0.027,24,66.68,ISO9001+ISO14001,1,0
201,EMEA,1961.92,57.92,1,30.38,1,0.0,1106,4.54,0.048,0.011,20,64.02,ISO9001+ISO14001,1,0
201,EMEA,1961.92,57.92,1,24.54,0,1.84,1602,5.56,0.049,0.02,36,68.33,ISO9001,1,0
201,EMEA,1961.92,57.92,1,27.37,1,0.0,959,4.85,0.042,0.038,31,64.45,ISO9001,1,0
201,EMEA,1961.92,57.92,1,28.29,1,0.0,898,4.49,0.061,0.044,37,72.7,ISO9001,1,0
201,EMEA,1961.92,57.92,1,28.2,1,0.0,1035,5.81,0.05,0.022,20,76.72,None,0,0
201,EMEA,1961.92,57.92,1,24.57,1,0.0,705,6.33,0.006,0.016,9,66.79,ISO9001,1,0
201,EMEA,1961.92,57.92,1,23.5,1,0.0,1031,3.43,0.044,0.036,41,90.63,None,1,0
201,EMEA,1961.92,57.92,1,22.11,1,0.0,929,4.48,0.057,0.033,31,62.53,ISO9001+ISO14001,0,0
201,EMEA,1961.92,57.92,1,32.94,1,0.0,795,5.44,0.028,0.028,21,89.37,ISO9001,1,0
201,EMEA,1961.92,57.92,1,27.78,1,0.0,1012,5.48,0.015,0.032,32,79.11,ISO9001,1,0
201,EMEA,1961.92,57.92,1,28.17,1,0.0,1133,5.25,0.001,0.026,30,59.15,ISO9001,1,0
201,EMEA,1961.92,57.92,1,28.79,1,0.0,776,5.41,0.021,0.033,31,97.01,None,0,0
201,EMEA,1961.92,57.92,1,27.3,1,0.0,954,5.88,0.012,0.019,13,59.03,None,0,0
201,EMEA,1961.92,57.92,1,21.75,1,0.0,816,6.11,0.0,0.044,37,70.32,ISO9001+ISO14001,0,0
201,EMEA,1961.92,57.92,1,28.45,1,0.0,771,4.66,0.021,0.02,16,62.34,ISO9001,0,0
201,EMEA,1961.92,57.92,1,22.11,1,0.0,937,4.71,0.017,0.012,7,79.39,ISO9001,1,0
201,EMEA,1961.92,57.92,1,30.64,0,8.11,1279,5.62,0.024,0.011,18,84.49,ISO9001,1,0
201,EMEA,1961.92,57.92,1,26.96,1,0.0,1181,6.24,0.026,0.036,42,65.63,ISO9001,1,0
201,EMEA,1961.92,57.92,1,30.61,1,0.0,1215,4.42,0.101,0.019,27,74.81,ISO9001,1,0
201,EMEA,1961.92,57.92,1,24.99,1,0.0,703,3.5,0.05,0.021,13,75.4,ISO9001,1,0
201,EMEA,1961.92,57.92,1,24.39,1,0.0,1452,5.11,0.025,0.012,13,63.08,ISO9001+ISO14001,1,0
201,EMEA,1961.92,57.92,1,21.33,1,0.0,1171,5.1,0.024,0.029,43,76.23,None,1,0
201,EMEA,1961.92,57.92,1,22.69,0,5.54,1302,4.82,0.03,0.037,52,71.33,ISO9001,1,0
201,EMEA,1961.92,57.92,1,22.45,1,0.0,1272,5.98,0.026,0.036,47,72.84,ISO9001,1,0
201,EMEA,1961.92,57.92,1,27.29,1,0.0,1533,5.49,0.051,0.004,5,91.33,ISO9001,0,0
201,EMEA,1961.92,57.92,1,20.79,1,0.0,1089,5.69,0.046,0.006,7,77.53,ISO9001,1,0
201,EMEA,1961.92,57.92,1,29.62,0,6.9,732,5.06,0.068,0.035,24,74.4,ISO9001+ISO14001,1,0
201,EMEA,1961.92,57.92,1,31.55,1,0.0,866,4.27,0.042,0.026,24,62.41,None,0,0
201,EMEA,1961.92,57.92,1,26.17,1,0.0,748,5.06,0.07,0.041,23,72.56,ISO9001,0,0
201,EMEA,1961.92,57.92,1,22.51,1,0.0,1051,4.39,0.067,0.025,29,64.18,ISO9001,0,0
201,EMEA,1961.92,57.92,1,24.24,0,3.91,578,5.21,0.037,0.021,11,65.57,ISO9001,0,0
201,EMEA,1961.92,57.92,1,22.11,1,0.0,1040,5.3,0.09,0.024,20,73.8,ISO9001,1,0
201,EMEA,1961.92,57.92,1,31.97,1,0.0,849,4.59,0.062,0.03,24,53.93,None,0,0
202,AMER,1437.62,87.95,7,22.2,1,0.0,1290,5.23,0.037,0.002,2,87.61,ISO9001,0,0
202,AMER,1437.62,87.95,7,21.19,1,0.0,782,4.79,0.044,0.014,7,100.0,ISO9001+ISO14001,1,0
202,AMER,1437.62,87.95,7,20.73,1,0.0,771,5.77,0.044,0.012,8,84.72,ISO9001,1,0
202,AMER,1437.62,87.95,7,23.47,1,0.0,1080,5.39,0.0,0.012,15,74.88,ISO9001,1,0
202,AMER,1437.62,87.95,7,24.7,1,0.0,938,4.62,0.03,0.007,9,82.4,ISO9001,1,0
202,AMER,1437.62,87.95,7,27.04,1,0.0,1270,5.13,0.046,0.011,16,87.96,ISO9001+ISO14001,1,0
202,AMER,1437.62,87.95,7,24.07,1,0.0,850,5.33,0.058,0.037,34,84.22,ISO9001+ISO14001,0,0
202,AMER,1437.62,87.95,7,18.34,1,0.0,996,4.64,0.049,0.0,0,91.9,ISO9001,0,0
202,AMER,1437.62,87.95,7,22.6,1,0.0,1139,5.53,0.019,0.01,17,94.9,None,0,0
202,AMER,1437.62,87.95,7,22.43,1,0.0,1069,5.81,0.053,0.012,14,73.66,ISO9001,1,0
202,AMER,1437.62,87.95,7,24.2,1,0.0,1059,4.22,0.003,0.004,6,82.89,ISO9001,1,0
202,AMER,1437.62,87.95,7,27.47,1,0.0,1633,4.91,0.062,0.013,22,75.11,None,1,0
202,AMER,1437.62,87.95,7,19.24,1,0.0,1116,3.61,0.0,0.032,46,75.09,None,0,0
202,AMER,1437.62,87.95,7,23.36,1,0.0,859,5.12,0.011,0.004,5,63.65,ISO9001,0,0
202,AMER,1437.62,87.95,7,18.67,1,0.0,1695,5.14,0.044,0.02,34,88.07,None,0,0
202,AMER,1437.62,87.95,7,26.76,1,0.0,759,4.65,0.057,0.02,14,76.06,ISO9001+ISO14001,1,0
202,AMER,1437.62,87.95,7,20.96,1,0.0,933,5.17,0.013,0.02,21,83.03,ISO9001+ISO14001,1,0
202,AMER,1437.62,87.95,7,24.22,1,0.0,1369,4.82,0.05,0.008,7,77.87,ISO9001+ISO14001,0,0
202,AMER,1437.62,87.95,7,22.63,1,0.0,978,5.58,0.041,0.007,7,96.76,ISO9001,1,0
202,AMER,1437.62,87.95,7,22.46,1,0.0,911,4.06,0.041,0.012,9,100.0,None,1,0
202,AMER,1437.62,87.95,7,27.47,1,0.0,1314,5.18,0.011,0.018,27,65.69,ISO9001,1,0
202,AMER,1437.62,87.95,7,24.92,1,0.0,986,4.77,0.021,0.0,0,78.61,ISO9001,0,0
202,AMER,1437.62,87.95,7,27.41,1,0.0,1167,4.65,0.01,0.0,0,89.93,ISO9001,1,0
202,AMER,1437.62,87.95,7,30.3,1,0.0,1156,4.85,0.031,0.029,42,91.83,ISO9001,1,0
202,AMER,1437.62,87.95,7,22.26,1,0.0,1250,5.11,0.016,0.001,0,82.85,ISO9001,0,0
202,AMER,1437.62,87.95,7,24.3,1,0.0,725,5.8,0.027,0.0,0,97.46,ISO9001,1,0
202,AMER,1437.62,87.95,7,24.64,0,3.38,917,5.48,0.034,0.004,3,70.26,ISO9001,1,0
202,AMER,1437.62,87.95,7,20.85,1,0.0,1145,4.81,0.0,0.027,32,89.02,ISO9001,1,0
202,AMER,1437.62,87.95,7,26.22,1,0.0,896,5.45,0.013,0.0,0,80.19,ISO9001+ISO14001,1,0
202,AMER,1437.62,87.95,7,23.86,0,3.07,725,6.1,0.048,0.018,14,66.79,None,0,0
202,AMER,1437.62,87.95,7,22.39,1,0.0,1146,4.86,0.042,0.016,16,74.82,None,0,0
202,AMER,1437.62,87.95,7,23.15,1,0.0,852,5.94,0.014,0.023,14,83.25,ISO9001,1,0
202,AMER,1437.62,87.95,7,28.44,1,0.0,956,5.65,0.03,0.0,0,79.06,ISO9001+ISO14001,1,0
202,AMER,1437.62,87.95,7,27.46,1,0.0,1262,5.06,0.028,0.007,6,67.78,ISO9001+ISO14001,1,0
202,AMER,1437.62,87.95,7,24.32,1,0.0,1006,4.82,0.0,0.006,5,82.11,ISO9001,1,0
202,AMER,1437.62,87.95,7,22.7,1,0.0,1091,4.71,0.022,0.003,1,77.51,ISO9001,1,0
202,AMER,1437.62,87.95,7,28.82,1,0.0,492,4.83,0.029,0.02,4,98.38,None,0,0
202,AMER,1437.62,87.95,7,22.83,1,0.0,1127,5.48,0.031,0.009,10,76.16,None,1,0
202,AMER,1437.62,87.95,7,23.43,1,0.0,1138,5.1,0.037,0.02,28,85.8,ISO9001+ISO14001,0,0
202,AMER,1437.62,87.95,7,21.38,1,0.0,982,4.71,0.037,0.003,2,92.01,ISO9001,1,0
202,AMER,1437.62,87.95,7,22.63,1,0.0,763,5.23,0.044,0.0,0,77.77,None,0,0
202,AMER,1437.62,87.95,7,19.27,1,0.0,773,5.04,0.088,0.023,15,81.93,ISO9001,1,0
202,AMER,1437.62,87.95,7,21.02,1,0.0,976,4.99,0.039,0.004,4,71.31,None,0,0
202,AMER,1437.62,87.95,7,29.58,1,0.0,653,5.63,0.032,0.0,0,75.26,ISO9001,0,0
202,AMER,1437.62,87.95,7,28.15,1,0.0,1281,5.64,0.025,0.004,8,66.7,ISO9001,1,0
202,AMER,1437.62,87.95,7,24.19,1,0.0,1289,5.9,0.0,0.006,4,68.7,ISO9001,1,0
202,AMER,1437.62,87.95,7,27.09,1,0.0,807,4.47,0.035,0.017,16,77.35,ISO9001,1,0
202,AMER,1437.62,87.95,7,18.33,1,0.0,1610,5.21,0.038,0.004,5,78.75,ISO9001,1,0
202,AMER,1437.62,87.95,7,28.51,1,0.0,758,4.13,0.016,0.0,0,67.58,None,0,0
202,AMER,1437.62,87.95,7,27.57,1,0.0,876,5.36,0.0,0.009,6,68.2,None,0,0
202,AMER,1437.62,87.95,7,21.9,1,0.0,861,5.76,0.034,0.038,34,74.27,ISO9001+ISO14001,1,0
202,AMER,1437.62,87.95,7,20.58,1,0.0,1038,5.11,0.032,0.007,6,78.06,ISO9001+ISO14001,0,0
202,AMER,1437.62,87.95,7,28.25,1,0.0,611,4.61,0.021,0.014,5,77.56,ISO9001,1,0
202,AMER,1437.62,87.95,7,18.25,1,0.0,910,5.43,0.01,0.01,9,58.97,ISO9001+ISO14001,1,0
202,AMER,1437.62,87.95,7,25.33,1,0.0,984,5.29,0.0,0.0,0,66.38,ISO9001,0,0
202,AMER,1437.62,87.95,7,20.65,1,0.0,808,5.2,0.03,0.01,4,81.89,ISO9001+ISO14001,0,0
202,AMER,1437.62,87.95,7,22.99,1,0.0,1015,6.47,0.042,0.024,29,79.8,ISO9001,1,0
202,AMER,1437.62,87.95,7,23.66,1,0.0,1067,5.45,0.0,0.04,40,83.73,None,0,0
203,APAC,4372.32,52.79,4,35.56,1,0.0,1424,5.33,0.041,0.028,39,82.07,ISO9001,0,0
203,APAC,4372.32,52.79,4,38.15,0,8.43,987,4.83,0.08,0.011,7,69.69,ISO9001,1,1
203,APAC,4372.32,52.79,4,31.51,1,0.0,918,5.62,0.015,0.048,38,91.4,ISO9001,0,0
203,APAC,4372.32,52.79,4,36.59,1,0.0,935,5.23,0.067,0.019,16,79.57,ISO9001+ISO14001,1,0
203,APAC,4372.32,52.79,4,36.62,0,6.95,1009,5.06,0.081,0.027,29,66.56,ISO9001+ISO14001,1,1
203,APAC,4372.32,52.79,4,32.9,0,7.17,701,4.55,0.043,0.032,25,72.61,ISO9001,1,0
203,APAC,4372.32,52.79,4,35.96,1,0.0,1351,5.06,0.037,0.03,46,63.37,None,0,0
203,APAC,4372.32,52.79,4,33.2,1,0.0,1251,4.98,0.031,0.036,45,66.66,ISO9001,1,0
203,APAC,4372.32,52.79,4,35.61,1,0.0,1157,4.29,0.055,0.033,46,61.37,ISO9001,1,0
203,APAC,4372.32,52.79,4,33.99,1,0.0,563,5.0,0.058,0.032,21,80.21,None,0,0
203,APAC,4372.32,52.79,4,40.57,0,8.8,503,5.43,0.059,0.052,27,73.66,ISO9001,1,1
203,APAC,4372.32,52.79,4,37.52,1,0.0,920,5.24,0.049,0.021,24,82.15,ISO9001,0,0
203,APAC,4372.32,52.79,4,34.26,0,7.08,662,4.9,0.074,0.047,34,72.38,None,0,1
203,APAC,4372.32,52.79,4,37.17,1,0.0,1329,4.64,0.069,0.041,48,85.33,ISO9001,0,0
203,APAC,4372.32,52.79,4,35.14,1,0.0,955,4.91,0.058,0.032,30,63.01,ISO9001,1,0
203,APAC,4372.32,52.79,4,36.33,0,7.2,991,5.11,0.072,0.031,27,70.26,ISO9001,1,1
203,APAC,4372.32,52.79,4,37.1,1,0.0,508,4.43,0.048,0.02,9,79.81,ISO9001,1,0
203,APAC,4372.32,52.79,4,35.76,1,0.0,1236,6.32,0.01,0.02,28,67.93,ISO9001,1,0
203,APAC,4372.32,52.79,4,32.24,1,0.0,1524,5.3,0.022,0.02,24,81.48,ISO9001,1,0
204,EMEA,2149.57,77.14,6,27.72,1,0.0,1161,3.95,0.072,0.025,31,79.57,ISO9001+ISO14001,1,0
204,EMEA,2149.57,77.14,6,29.03,1,0.0,844,6.08,0.026,0.014,11,74.03,None,0,0
204,EMEA,2149.57,77.14,6,23.67,0,3.51,862,5.35,0.045,0.026,13,82.94,None,0,0
204,EMEA,2149.57,77.14,6,27.55,1,0.0,580,5.68,0.026,0.008,3,95.14,None,0,0
204,EMEA,2149.57,77.14,6,23.67,1,0.0,1030,5.28,0.007,0.009,7,85.03,ISO9001,0,0
204,EMEA,2149.57,77.14,6,26.94,1,0.0,485,4.42,0.047,0.017,8,80.31,ISO9001,1,0
204,EMEA,2149.57,77.14,6,27.61,1,0.0,1467,3.79,0.034,0.006,13,73.77,ISO9001,0,0
204,EMEA,2149.57,77.14,6,25.53,1,0.0,676,6.0,0.052,0.021,13,73.03,None,0,0
204,EMEA,2149.57,77.14,6,21.3,1,0.0,644,5.35,0.034,0.017,10,85.2,ISO9001+ISO14001,1,0
204,EMEA,2149.57,77.14,6,24.21,1,0.0,608,5.94,0.061,0.013,10,87.78,ISO9001+ISO14001,0,0
204,EMEA,2149.57,77.14,6,28.76,1,0.0,964,6.18,0.038,0.02,22,78.29,ISO9001,1,0
204,EMEA,2149.57,77.14,6,24.94,0,6.5,1183,4.81,0.035,0.034,46,60.48,ISO9001,1,0
204,EMEA,2149.57,77.14,6,27.22,1,0.0,1172,4.88,0.0,0.005,7,77.95,ISO9001+ISO14001,0,0
204,EMEA,2149.57,77.14,6,26.76,1,0.0,1258,5.31,0.019,0.003,5,99.87,ISO9001,1,0
204,EMEA,2149.57,77.14,6,29.73,1,0.0,913,5.15,0.064,0.0,0,72.85,ISO9001,1,0
204,EMEA,2149.57,77.14,6,20.29,1,0.0,1117,4.88,0.021,0.009,15,81.49,ISO9001,0,0
204,EMEA,2149.57,77.14,6,29.56,1,0.0,1026,3.86,0.028,0.026,31,74.34,ISO9001,0,0
204,EMEA,2149.57,77.14,6,24.28,1,0.0,1219,5.1,0.016,0.013,15,76.81,ISO9001,0,0
204,EMEA,2149.57,77.14,6,26.12,1,0.0,472,4.22,0.046,0.023,18,84.03,None,0,0
204,EMEA,2149.57,77.14,6,24.67,1,0.0,1026,4.16,0.031,0.011,8,84.17,ISO9001,0,0
204,EMEA,2149.57,77.14,6,21.98,1,0.0,831,5.27,0.027,0.025,18,72.9,ISO9001,1,0
204,EMEA,2149.57,77.14,6,25.5,1,0.0,701,4.81,0.042,0.002,3,89.62,ISO9001,1,0
204,EMEA,2149.57,77.14,6,25.32,1,0.0,1364,5.55,0.018,0.013,16,88.08,ISO9001+ISO14001,0,0
204,EMEA,2149.57,77.14,6,30.67,1,0.0,921,5.19,0.005,0.003,2,79.83,None,0,0
204,EMEA,2149.57,77.14,6,23.19,0,5.68,969,5.29,0.0,0.009,6,71.8,ISO9001,1,0
204,EMEA,2149.57,77.14,6,30.16,1,0.0,637,4.99,0.014,0.026,17,97.31,ISO9001,1,0
204,EMEA,2149.57,77.14,6,29.64,1,0.0,1120,4.94,0.0,0.014,12,94.96,ISO9001,0,0
204,EMEA,2149.57,77.14,6,21.0,1,0.0,1027,4.79,0.056,0.03,31,72.49,ISO9001,0,0
204,EMEA,2149.57,77.14,6,24.64,1,0.0,1023,5.37,0.037,0.031,32,75.09,ISO9001,0,0
204,EMEA,2149.57,77.14,6,23.43,1,0.0,1013,4.26,0.014,0.003,2,72.44,None,0,0
204,EMEA,2149.57,77.14,6,28.53,1,0.0,1222,4.69,0.042,0.015,18,100.0,ISO9001,1,0
204,EMEA,2149.57,77.14,6,27.83,1,0.0,1326,4.89,0.005,0.021,32,70.51,None,1,0
204,EMEA,2149.57,77.14,6,27.14,1,0.0,1064,5.95,0.048,0.004,2,82.29,ISO9001,1,0
204,EMEA,2149.57,77.14,6,25.03,1,0.0,945,4.92,0.04,0.01,11,77.9,ISO9001+ISO14001,1,0
204,EMEA,2149.57,77.14,6,24.84,1,0.0,756,6.44,0.048,0.004,5,76.75,ISO9001,1,0
204,EMEA,2149.57,77.14,6,24.1,0,4.06,1181,3.93,0.034,0.029,35,84.29,ISO9001,1,0
204,EMEA,2149.57,77.14,6,23.66,1,0.0,1129,5.29,0.066,0.002,1,97.51,ISO9001,1,0
204,EMEA,2149.57,77.14,6,28.49,0,3.74,1017,5.5,0.051,0.008,8,84.74,None,0,0
204,EMEA,2149.57,77.14,6,22.28,1,0.0,969,5.87,0.036,0.011,14,96.11,ISO9001,1,0
204,EMEA,2149.57,77.14,6,27.21,1,0.0,1261,4.21,0.04,0.018,22,55.36,ISO9001,1,0
204,EMEA,2149.57,77.14,6,26.19,1,0.0,823,5.34,0.051,0.013,8,70.41,None,0,0
204,EMEA,2149.57,77.14,6,25.85,1,0.0,1041,3.22,0.073,0.019,19,94.04,ISO9001,1,0
204,EMEA,2149.57,77.14,6,27.32,1,0.0,958,4.73,0.042,0.009,11,87.73,None,0,0
204,EMEA,2149.57,77.14,6,25.06,1,0.0,657,3.85,0.035,0.01,8,82.23,ISO9001,0,0
205,APAC,3891.42,88.3,4,27.96,1,0.0,901,5.2,0.022,0.011,7,88.13,None,0,0
205,APAC,3891.42,88.3,4,32.93,1,0.0,1040,5.75,0.032,0.002,1,76.74,ISO9001+ISO14001,0,0
205,APAC,3891.42,88.3,4,34.96,1,0.0,801,4.56,0.03,0.008,7,77.68,ISO9001,0,0
205,APAC,3891.42,88.3,4,28.1,1,0.0,780,6.25,0.058,0.025,15,72.41,ISO9001+ISO14001,1,0
205,APAC,3891.42,88.3,4,31.7,1,0.0,1235,4.77,0.033,0.011,8,76.56,ISO9001,1,0
205,APAC,3891.42,88.3,4,32.17,1,0.0,681,4.69,0.007,0.013,4,80.24,ISO9001,0,0
205,APAC,3891.42,88.3,4,32.85,1,0.0,1027,5.32,0.052,0.003,2,79.51,ISO9001,0,0
205,APAC,3891.42,88.3,4,30.4,1,0.0,772,5.12,0.03,0.02,21,84.52,ISO9001,1,0
205,APAC,3891.42,88.3,4,36.23,0,7.39,1540,4.3,0.029,0.022,32,62.64,ISO9001,0,0
205,APAC,3891.42,88.3,4,32.73,1,0.0,881,5.62,0.025,0.012,15,66.08,ISO9001,1,0
205,APAC,3891.42,88.3,4,33.7,1,0.0,1121,4.54,0.028,0.011,12,73.86,ISO9001,0,0
205,APAC,3891.42,88.3,4,33.08,1,0.0,650,4.24,0.013,0.0,0,72.64,ISO9001,1,0
205,APAC,3891.42,88.3,4,34.98,1,0.0,960,5.1,0.023,0.008,5,79.09,ISO9001,0,0
205,APAC,3891.42,88.3,4,30.51,1,0.0,706,5.51,0.029,0.0,0,78.46,ISO9001+ISO14001,1,0
205,APAC,3891.42,88.3,4,28.31,1,0.0,1270,4.93,0.034,0.0,0,68.15,None,1,0
205,APAC,3891.42,88.3,4,36.09,1,0.0,1057,4.18,0.034,0.007,6,79.77,ISO9001+ISO14001,1,0
205,APAC,3891.42,88.3,4,33.01,1,0.0,727,6.13,0.033,0.036,22,71.35,ISO9001,0,0
205,APAC,3891.42,88.3,4,36.26,1,0.0,1043,5.34,0.053,0.012,17,71.38,ISO9001,1,0
205,APAC,3891.42,88.3,4,34.73,1,0.0,760,3.89,0.038,0.009,11,88.01,ISO9001,0,0
205,APAC,3891.42,88.3,4,35.12,1,0.0,1174,5.16,0.03,0.014,17,82.9,ISO9001,1,0
205,APAC,3891.42,88.3,4,29.61,1,0.0,1041,4.09,0.013,0.0,0,67.12,None,0,0
205,APAC,3891.42,88.3,4,30.19,0,6.78,1210,5.08,0.027,0.016,13,89.35,ISO9001+ISO14001,1,0
205,APAC,3891.42,88.3,4,35.12,1,0.0,1106,5.08,0.022,0.0,0,82.45,ISO9001,1,0
205,APAC,3891.42,88.3,4,33.15,1,0.0,864,3.93,0.029,0.0,0,58.0,None,1,0
205,APAC,3891.42,88.3,4,34.88,1,0.0,837,6.54,0.038,0.019,17,61.87,None,1,0
205,APAC,3891.42,88.3,4,38.14,1,0.0,1315,3.97,0.075,0.019,26,77.52,ISO9001,1,0
205,APAC,3891.42,88.3,4,36.53,0,7.88,1034,5.27,0.041,0.022,15,98.79,ISO9001,1,0
205,APAC,3891.42,88.3,4,33.22,1,0.0,886,4.67,0.025,0.0,0,77.31,ISO9001,0,0
205,APAC,3891.42,88.3,4,35.09,1,0.0,1134,4.11,0.015,0.028,31,83.49,ISO9001,1,0
205,APAC,3891.42,88.3,4,34.01,1,0.0,1254,5.14,0.0,0.017,25,73.89,ISO9001+ISO14001,1,0
205,APAC,3891.42,88.3,4,32.8,1,0.0,799,5.51,0.05,0.022,24,66.46,ISO9001+ISO14001,0,0
205,APAC,3891.42,88.3,4,38.19,1,0.0,556,5.21,0.042,0.0,0,88.74,ISO9001,0,0
205,APAC,3891.42,88.3,4,28.96,1,0.0,781,4.22,0.026,0.035,18,66.91,ISO9001,0,0
205,APAC,3891.42,88.3,4,37.98,1,0.0,1094,5.74,0.055,0.017,17,67.7,ISO9001+ISO14001,1,0
205,APAC,3891.42,88.3,4,34.0,1,0.0,1211,5.26,0.037,0.007,8,74.07,ISO9001+ISO14001,0,0
205,APAC,3891.42,88.3,4,32.12,1,0.0,636,4.84,0.028,0.0,0,87.27,None,0,0
205,APAC,3891.42,88.3,4,31.53,0,5.49,392,5.25,0.012,0.013,9,70.82,ISO9001,0,0
205,APAC,3891.42,88.3,4,35.06,1,0.0,1055,4.56,0.03,0.0,0,80.94,ISO9001,0,0
205,APAC,3891.42,88.3,4,33.41,0,3.69,786,4.65,0.061,0.013,7,70.4,ISO9001+ISO14001,1,0
205,APAC,3891.42,88.3,4,36.38,1,0.0,907,5.48,0.02,0.009,5,95.31,ISO9001+ISO14001,1,0
205,APAC,3891.42,88.3,4,35.64,1,0.0,662,5.0,0.033,0.013,5,71.61,ISO9001,1,0
205,APAC,3891.42,88.3,4,38.6,1,0.0,1192,5.39,0.018,0.0,0,76.6,ISO9001,0,0
205,APAC,3891.42,88.3,4,35.92,1,0.0,950,4.75,0.033,0.013,11,66.08,ISO9001,0,0
205,APAC,3891.42,88.3,4,35.24,1,0.0,1229,4.47,0.0,0.0,0,89.48,ISO9001,0,0
205,APAC,3891.42,88.3,4,33.47,0,5.14,832,5.14,0.009,0.0,0,75.41,ISO9001+ISO14001,1,0
205,APAC,3891.42,88.3,4,34.6,1,0.0,975,4.76,0.032,0.005,10,71.91,ISO9001,0,0
205,APAC,3891.42,88.3,4,30.63,1,0.0,975,4.44,0.02,0.022,17,88.1,None,0,0
206,AMER,1365.65,76.1,2,23.05,0,3.09,916,5.24,0.019,0.024,21,64.92,ISO9001+ISO14001,1,0
206,AMER,1365.65,76.1,2,21.25,1,0.0,1489,4.2,0.043,0.031,44,79.95,ISO9001,1,0
206,AMER,1365.65,76.1,2,19.09,1,0.0,1159,5.63,0.069,0.01,12,94.11,None,0,0
206,AMER,1365.65,76.1,2,22.19,1,0.0,732,4.37,0.044,0.037,22,61.24,ISO9001,0,0
206,AMER,1365.65,76.1,2,21.51,1,0.0,843,4.98,0.02,0.021,23,84.16,ISO9001+ISO14001,0,0
206,AMER,1365.65,76.1,2,21.23,1,0.0,1496,5.97,0.025,0.02,29,77.57,None,0,0
206,AMER,1365.65,76.1,2,22.05,1,0.0,802,5.19,0.058,0.011,9,70.59,None,0,0
206,AMER,1365.65,76.1,2,29.25,1,0.0,1022,4.49,0.053,0.009,6,78.24,ISO9001,1,0
206,AMER,1365.65,76.1,2,23.72,1,0.0,908,5.23,0.073,0.03,20,93.75,ISO9001+ISO14001,0,0
206,AMER,1365.65,76.1,2,20.45,1,0.0,1431,4.41,0.005,0.01,17,84.67,ISO9001,0,0
206,AMER,1365.65,76.1,2,26.47,1,0.0,961,3.69,0.009,0.012,12,80.58,ISO9001,1,0
206,AMER,1365.65,76.1,2,22.98,1,0.0,778,4.62,0.038,0.005,3,78.34,ISO9001+ISO14001,0,0
206,AMER,1365.65,76.1,2,19.85,1,0.0,1042,5.1,0.089,0.012,14,70.11,ISO9001,1,0
206,AMER,1365.65,76.1,2,29.38,1,0.0,1174,6.51,0.067,0.014,16,83.65,None,0,0
206,AMER,1365.65,76.1,2,26.08,1,0.0,397,5.08,0.018,0.022,9,80.68,ISO9001,1,0
206,AMER,1365.65,76.1,2,21.05,1,0.0,847,5.15,0.064,0.034,42,54.4,None,0,0
206,AMER,1365.65,76.1,2,20.55,1,0.0,1079,4.78,0.033,0.019,25,59.96,ISO9001,0,0
206,AMER,1365.65,76.1,2,24.19,1,0.0,1375,4.85,0.059,0.025,33,67.73,None,0,0
206,AMER,1365.65,76.1,2,23.46,1,0.0,517,5.19,0.017,0.022,21,77.4,ISO9001,0,0
206,AMER,1365.65,76.1,2,22.27,0,5.69,908,5.03,0.046,0.002,2,76.0,ISO9001,1,0
206,AMER,1365.65,76.1,2,22.71,1,0.0,1014,4.49,0.04,0.005,2,74.14,ISO9001+ISO14001,1,0
206,AMER,1365.65,76.1,2,20.19,1,0.0,1338,3.96,0.062,0.016,23,67.75,None,0,0
206,AMER,1365.65,76.1,2,23.08,1,0.0,956,6.15,0.026,0.024,25,60.02,None,0,0
206,AMER,1365.65,76.1,2,18.44,1,0.0,987,4.89,0.014,0.025,30,67.94,None,1,0
206,AMER,1365.65,76.1,2,21.52,1,0.0,941,5.01,0.017,0.017,9,80.55,None,0,0
206,AMER,1365.65,76.1,2,20.81,1,0.0,831,4.52,0.069,0.016,12,83.39,ISO9001,1,0
206,AMER,1365.65,76.1,2,25.83,1,0.0,935,4.97,0.021,0.031,21,89.17,ISO9001,1,0
206,AMER,1365.65,76.1,2,25.38,1,0.0,682,5.61,0.0,0.012,8,74.03,ISO9001,0,0
206,AMER,1365.65,76.1,2,26.65,1,0.0,1144,5.55,0.042,0.044,58,81.05,None,0,0
206,AMER,1365.65,76.1,2,28.89,1,0.0,795,5.06,0.023,0.021,15,61.21,ISO9001,1,0
206,AMER,1365.65,76.1,2,28.93,1,0.0,848,4.51,0.066,0.039,25,82.11,ISO9001,1,0
206,AMER,1365.65,76.1,2,24.51,1,0.0,857,6.02,0.048,0.022,13,71.03,None,0,0
206,AMER,1365.65,76.1,2,28.03,1,0.0,1081,5.37,0.005,0.018,16,81.91,None,0,0
206,AMER,1365.65,76.1,2,24.26,1,0.0,391,5.02,0.025,0.03,15,73.82,ISO9001,0,0
207,APAC,3709.82,74.5,5,30.99,1,0.0,1215,4.81,0.013,0.023,34,82.45,ISO9001+ISO14001,1,0
207,APAC,3709.82,74.5,5,39.09,0,10.97,866,5.49,0.0,0.012,14,89.14,ISO9001+ISO14001,1,0
207,APAC,3709.82,74.5,5,36.19,1,0.0,880,4.52,0.048,0.012,8,57.36,ISO9001,1,0
207,APAC,3709.82,74.5,5,34.0,1,0.0,1425,4.53,0.002,0.022,33,79.99,ISO9001,0,0
207,APAC,3709.82,74.5,5,35.34,1,0.0,1571,5.04,0.039,0.017,40,67.86,ISO9001,1,0
207,APAC,3709.82,74.5,5,32.28,1,0.0,1085,5.08,0.048,0.013,16,77.59,None,0,0
207,APAC,3709.82,74.5,5,34.16,1,0.0,958,5.08,0.008,0.026,21,76.81,ISO9001+ISO14001,1,0
207,APAC,3709.82,74.5,5,27.73,1,0.0,1401,5.38,0.034,0.014,18,74.74,ISO9001+ISO14001,0,0
207,APAC,3709.82,74.5,5,32.96,1,0.0,785,4.86,0.052,0.031,16,68.69,ISO9001,0,0
207,APAC,3709.82,74.5,5,35.26,1,0.0,967,6.04,0.072,0.003,3,75.6,ISO9001+ISO14001,1,0
207,APAC,3709.82,74.5,5,29.11,1,0.0,996,5.56,0.057,0.021,22,100.0,ISO9001,1,0
207,APAC,3709.82,74.5,5,33.43,1,0.0,914,4.8,0.04,0.042,39,72.9,ISO9001,0,0
207,APAC,3709.82,74.5,5,32.32,1,0.0,1252,4.69,0.046,0.019,25,74.12,ISO9001,1,0
207,APAC,3709.82,74.5,5,32.37,1,0.0,647,5.58,0.011,0.014,8,87.27,ISO9001,1,0
207,APAC,3709.82,74.5,5,31.55,1,0.0,557,4.86,0.033,0.009,1,84.15,ISO9001,1,0
207,APAC,3709.82,74.5,5,27.01,0,2.83,618,6.31,0.017,0.021,19,94.78,ISO9001,0,0
207,APAC,3709.82,74.5,5,35.71,1,0.0,548,4.71,0.042,0.019,10,78.95,ISO9001,0,0
207,APAC,3709.82,74.5,5,32.74,1,0.0,765,4.96,0.022,0.017,14,68.04,ISO9001,1,0
208,APAC,3420.23,75.44,7,31.81,1,0.0,1671,5.48,0.022,0.016,31,73.77,ISO9001+ISO14001,1,0
208,APAC,3420.23,75.44,7,31.15,1,0.0,1439,4.7,0.006,0.023,25,92.01,ISO9001,1,0
208,APAC,3420.23,75.44,7,30.96,1,0.0,872,4.78,0.008,0.023,23,81.21,ISO9001,1,0
208,APAC,3420.23,75.44,7,33.29,1,0.0,714,5.67,0.05,0.039,37,96.45,None,1,0
208,APAC,3420.23,75.44,7,35.91,1,0.0,1395,4.51,0.033,0.02,28,58.95,ISO9001+ISO14001,1,0
208,APAC,3420.23,75.44,7,35.7,1,0.0,1255,5.3,0.058,0.038,47,79.68,ISO9001+ISO14001,0,0
208,APAC,3420.23,75.44,7,29.24,1,0.0,842,4.9,0.025,0.026,20,73.34,ISO9001,1,0
208,APAC,3420.23,75.44,7,36.02,1,0.0,953,5.2,0.047,0.013,15,80.72,None,1,0
208,APAC,3420.23,75.44,7,25.5,1,0.0,807,4.47,0.03,0.022,21,56.6,None,0,0
208,APAC,3420.23,75.44,7,33.54,1,0.0,1355,6.32,0.041,0.019,31,71.66,None,0,0
208,APAC,3420.23,75.44,7,38.26,1,0.0,852,4.99,0.022,0.039,37,73.23,ISO9001+ISO14001,1,0
208,APAC,3420.23,75.44,7,29.09,1,0.0,533,4.57,0.044,0.027,15,55.6,ISO9001+ISO14001,0,0
208,APAC,3420.23,75.44,7,30.46,1,0.0,1036,5.57,0.004,0.017,20,74.09,ISO9001,1,0
208,APAC,3420.23,75.44,7,31.66,1,0.0,1091,5.51,0.041,0.003,8,58.16,ISO9001,1,0
208,APAC,3420.23,75.44,7,38.2,0,6.24,1219,5.53,0.05,0.019,18,60.4,ISO9001+ISO14001,1,0
208,APAC,3420.23,75.44,7,37.99,1,0.0,375,4.94,0.045,0.02,9,61.27,ISO9001+ISO14001,1,0
208,APAC,3420.23,75.44,7,32.3,1,0.0,810,5.4,0.032,0.024,21,79.87,ISO9001,1,0
208,APAC,3420.23,75.44,7,32.88,1,0.0,718,4.62,0.036,0.041,32,80.04,ISO9001,1,0
208,APAC,3420.23,75.44,7,33.8,1,0.0,715,6.09,0.037,0.028,24,54.1,ISO9001+ISO14001,1,0
208,APAC,3420.23,75.44,7,32.52,1,0.0,1213,4.08,0.028,0.008,15,83.36,None,0,0
208,APAC,3420.23,75.44,7,34.42,1,0.0,788,6.01,0.023,0.019,15,69.44,ISO9001+ISO14001,1,0
208,APAC,3420.23,75.44,7,31.62,1,0.0,1331,4.69,0.042,0.0,0,83.76,ISO9001,1,0
208,APAC,3420.23,75.44,7,27.94,1,0.0,758,4.55,0.02,0.04,25,67.02,None,0,0
208,APAC,3420.23,75.44,7,33.42,0,6.08,1563,4.05,0.02,0.032,58,73.18,ISO9001+ISO14001,1,0
208,APAC,3420.23,75.44,7,27.45,1,0.0,607,4.04,0.046,0.024,14,62.74,ISO9001,1,0
208,APAC,3420.23,75.44,7,31.59,1,0.0,778,5.18,0.043,0.015,8,51.54,ISO9001,1,0
208,APAC,3420.23,75.44,7,32.84,1,0.0,908,5.7,0.026,0.019,19,76.39,ISO9001,1,0
208,APAC,3420.23,75.44,7,24.73,1,0.0,866,4.45,0.041,0.013,10,75.05,ISO9001,0,0
208,APAC,3420.23,75.44,7,31.03,1,0.0,952,5.22,0.072,0.018,15,73.49,ISO9001,1,0
208,APAC,3420.23,75.44,7,31.27,1,0.0,1293,4.61,0.04,0.019,21,98.43,ISO9001,1,0
208,APAC,3420.23,75.44,7,30.8,1,0.0,961,5.36,0.073,0.027,22,97.36,ISO9001,0,0
208,APAC,3420.23,75.44,7,31.17,1,0.0,462,5.4,0.031,0.013,7,88.43,ISO9001,0,0
208,APAC,3420.23,75.44,7,36.49,1,0.0,1002,5.37,0.053,0.031,23,75.84,ISO9001,0,0
208,APAC,3420.23,75.44,7,29.0,1,0.0,700,5.78,0.051,0.026,21,54.95,None,0,0
208,APAC,3420.23,75.44,7,32.32,1,0.0,924,5.88,0.028,0.017,14,77.82,ISO9001+ISO14001,0,0
208,APAC,3420.23,75.44,7,39.8,1,0.0,763,3.98,0.0,0.0,0,100.0,ISO9001,1,0
208,APAC,3420.23,75.44,7,34.04,1,0.0,1042,5.33,0.0,0.051,57,95.25,ISO9001,0,0
208,APAC,3420.23,75.44,7,28.39,0,4.89,1123,6.07,0.064,0.017,16,73.51,None,0,0
209,AMER,1438.13,54.5,7,24.0,1,0.0,868,4.4,0.064,0.006,2,86.71,ISO9001,1,0
209,AMER,1438.13,54.5,7,22.2,1,0.0,621,3.85,0.028,0.009,2,75.93,None,0,0
209,AMER,1438.13,54.5,7,25.4,1,0.0,827,4.59,0.023,0.03,25,86.77,ISO9001,0,0
209,AMER,1438.13,54.5,7,22.0,0,6.84,1041,4.35,0.027,0.027,26,83.69,ISO9001+ISO14001,0,0
209,AMER,1438.13,54.5,7,23.76,1,0.0,750,5.59,0.046,0.006,1,78.37,ISO9001,1,0
209,AMER,1438.13,54.5,7,20.09,1,0.0,816,5.1,0.053,0.014,8,74.97,ISO9001,1,0
209,AMER,1438.13,54.5,7,20.3,1,0.0,760,5.49,0.034,0.019,9,78.25,ISO9001+ISO14001,0,0
209,AMER,1438.13,54.5,7,22.34,1,0.0,1583,5.27,0.019,0.013,17,67.47,None,0,0
209,AMER,1438.13,54.5,7,23.62,1,0.0,838,5.09,0.035,0.013,8,70.86,ISO9001,0,0
209,AMER,1438.13,54.5,7,22.79,1,0.0,1092,4.68,0.03,0.026,30,78.08,ISO9001+ISO14001,1,0
209,AMER,1438.13,54.5,7,20.92,0,2.29,1210,4.79,0.038,0.017,21,77.36,ISO9001,1,0
209,AMER,1438.13,54.5,7,24.38,1,0.0,914,6.61,0.016,0.024,26,83.15,ISO9001,1,0
209,AMER,1438.13,54.5,7,19.2,1,0.0,1420,3.69,0.037,0.007,12,85.26,ISO9001+ISO14001,1,0
209,AMER,1438.13,54.5,7,24.8,1,0.0,1086,6.43,0.038,0.001,1,84.42,None,0,0
209,AMER,1438.13,54.5,7,21.06,1,0.0,1340,5.63,0.032,0.013,27,78.33,ISO9001,0,0
209,AMER,1438.13,54.5,7,25.39,1,0.0,899,4.42,0.034,0.004,1,80.75,ISO9001,1,0
209,AMER,1438.13,54.5,7,17.95,1,0.0,1277,5.5,0.024,0.014,25,53.58,None,0,0
209,AMER,1438.13,54.5,7,22.84,1,0.0,1108,5.32,0.0,0.025,36,88.4,ISO9001+ISO14001,0,0
209,AMER,1438.13,54.5,7,24.82,1,0.0,1173,5.12,0.001,0.022,16,92.6,ISO9001+ISO14001,1,0
209,AMER,1438.13,54.5,7,24.09,1,0.0,1085,4.42,0.002,0.014,14,74.52,ISO9001,1,0
209,AMER,1438.13,54.5,7,24.63,1,0.0,789,4.32,0.07,0.022,12,55.11,ISO9001,1,0
209,AMER,1438.13,54.5,7,29.38,0,6.01,1339,5.26,0.006,0.006,12,72.12,ISO9001,0,0
209,AMER,1438.13,54.5,7,24.86,1,0.0,814,4.83,0.026,0.028,21,62.02,ISO9001,1,0
209,AMER,1438.13,54.5,7,24.32,1,0.0,1020,4.53,0.057,0.0,0,70.59,None,1,0
209,AMER,1438.13,54.5,7,21.8,1,0.0,1270,3.34,0.038,0.019,18,81.12,None,0,0
209,AMER,1438.13,54.5,7,25.03,1,0.0,1080,4.15,0.026,0.019,23,78.75,None,0,0
209,AMER,1438.13,54.5,7,18.7,1,0.0,1195,4.83,0.056,0.019,22,66.39,ISO9001,1,0
209,AMER,1438.13,54.5,7,29.69,1,0.0,801,4.2,0.062,0.03,21,78.51,ISO9001+ISO14001,0,0
209,AMER,1438.13,54.5,7,25.17,0,6.2,1203,5.57,0.034,0.012,15,81.18,ISO9001,1,0
209,AMER,1438.13,54.5,7,25.08,1,0.0,975,4.27,0.066,0.011,10,81.58,ISO9001,0,0
209,AMER,1438.13,54.5,7,23.43,1,0.0,1094,4.71,0.034,0.019,30,92.26,ISO9001,1,0
209,AMER,1438.13,54.5,7,19.59,1,0.0,566,5.51,0.048,0.029,17,78.24,None,0,0
209,AMER,1438.13,54.5,7,19.65,1,0.0,1305,5.03,0.019,0.02,28,63.77,None,1,0
209,AMER,1438.13,54.5,7,23.0,0,5.54,1172,4.7,0.033,0.039,38,82.66,None,0,0
210,APAC,3806.82,68.33,1,34.72,1,0.0,985,6.6,0.051,0.043,47,75.15,ISO9001+ISO14001,0,0
210,APAC,3806.82,68.33,1,33.44,1,0.0,1413,4.63,0.04,0.014,23,77.44,ISO9001,0,0
210,APAC,3806.82,68.33,1,36.46,0,9.82,1220,4.04,0.06,0.018,16,66.11,ISO9001,0,0
210,APAC,3806.82,68.33,1,38.67,0,7.57,902,4.78,0.05,0.03,26,70.54,ISO9001+ISO14001,1,0
210,APAC,3806.82,68.33,1,28.21,1,0.0,981,3.95,0.036,0.027,29,79.51,ISO9001,1,0
210,APAC,3806.82,68.33,1,36.04,1,0.0,538,4.97,0.04,0.007,2,77.58,ISO9001+ISO14001,1,0
210,APAC,3806.82,68.33,1,26.82,1,0.0,989,3.77,0.016,0.02,20,85.26,ISO9001+ISO14001,1,0
210,APAC,3806.82,68.33,1,26.74,1,0.0,1114,5.22,0.023,0.032,44,79.85,ISO9001+ISO14001,1,0
210,APAC,3806.82,68.33,1,32.99,1,0.0,928,4.05,0.021,0.036,32,96.1,ISO9001,1,0
210,APAC,3806.82,68.33,1,33.18,0,6.85,1036,5.68,0.038,0.021,30,77.21,ISO9001,1,0
210,APAC,3806.82,68.33,1,37.75,1,0.0,713,5.02,0.007,0.027,22,82.13,None,1,0
210,APAC,3806.82,68.33,1,32.53,1,0.0,1027,4.82,0.023,0.022,17,66.71,ISO9001,1,0
210,APAC,3806.82,68.33,1,29.63,1,0.0,1002,4.89,0.054,0.038,31,61.28,ISO9001,1,0
210,APAC,3806.82,68.33,1,29.53,1,0.0,1139,4.88,0.078,0.039,49,85.05,ISO9001+ISO14001,0,0
210,APAC,3806.82,68.33,1,39.63,1,0.0,817,5.64,0.008,0.023,18,91.76,None,0,0
210,APAC,3806.82,68.33,1,30.28,1,0.0,472,5.9,0.064,0.031,13,69.13,None,0,0
210,APAC,3806.82,68.33,1,30.02,0,5.7,589,5.37,0.018,0.018,8,72.76,ISO9001+ISO14001,1,0
210,APAC,3806.82,68.33,1,39.92,1,0.0,1056,5.95,0.047,0.026,29,60.57,ISO9001+ISO14001,0,0
210,APAC,3806.82,68.33,1,33.14,1,0.0,1007,5.65,0.032,0.035,36,90.5,ISO9001,0,0
210,APAC,3806.82,68.33,1,33.53,1,0.0,961,5.12,0.013,0.037,40,60.36,ISO9001,0,0
210,APAC,3806.82,68.33,1,33.27,1,0.0,527,4.93,0.056,0.014,7,88.38,ISO9001+ISO14001,1,0
210,APAC,3806.82,68.33,1,35.37,1,0.0,1344,5.65,0.046,0.023,28,68.91,ISO9001+ISO14001,1,0
210,APAC,3806.82,68.33,1,31.02,0,6.72,1313,4.38,0.032,0.016,9,90.98,ISO9001,0,0
210,APAC,3806.82,68.33,1,33.74,1,0.0,1265,5.59,0.043,0.025,26,69.32,None,0,0
210,APAC,3806.82,68.33,1,31.5,0,5.03,1339,4.76,0.028,0.025,43,68.3,ISO9001,1,0
210,APAC,3806.82,68.33,1,35.38,1,0.0,1113,5.4,0.034,0.003,5,73.27,None,0,0
210,APAC,3806.82,68.33,1,33.88,0,5.18,1158,4.25,0.047,0.027,22,85.5,None,0,0
210,APAC,3806.82,68.33,1,30.23,1,0.0,889,5.05,0.024,0.025,20,72.63,None,0,0
210,APAC,3806.82,68.33,1,30.51,0,3.56,1075,5.63,0.038,0.017,18,90.17,ISO9001+ISO14001,1,0
210,APAC,3806.82,68.33,1,31.99,1,0.0,931,5.7,0.05,0.018,12,62.24,ISO9001+ISO14001,0,0
210,APAC,3806.82,68.33,1,32.08,1,0.0,1106,4.97,0.041,0.038,41,73.77,ISO9001+ISO14001,0,0
210,APAC,3806.82,68.33,1,35.26,0,7.15,1602,4.75,0.055,0.03,51,73.57,None,0,0
210,APAC,3806.82,68.33,1,34.21,0,8.69,1326,5.02,0.052,0.034,53,92.5,ISO9001,1,0
210,APAC,3806.82,68.33,1,34.64,1,0.0,891,5.84,0.011,0.013,4,81.2,ISO9001,0,0
210,APAC,3806.82,68.33,1,36.6,1,0.0,1064,5.84,0.024,0.037,48,69.99,ISO9001,1,0
210,APAC,3806.82,68.33,1,38.66,1,0.0,1080,4.8,0.023,0.027,18,68.76,None,0,0
210,APAC,3806.82,68.33,1,34.35,1,0.0,554,4.31,0.02,0.021,9,75.79,ISO9001,1,0
210,APAC,3806.82,68.33,1,29.97,1,0.0,672,3.65,0.059,0.031,22,92.68,ISO9001,0,0
210,APAC,3806.82,68.33,1,35.95,0,8.89,1380,3.57,0.052,0.025,29,91.35,ISO9001,0,0
210,APAC,3806.82,68.33,1,29.19,1,0.0,1123,4.98,0.031,0.001,3,73.19,ISO9001,1,0
210,APAC,3806.82,68.33,1,31.38,1,0.0,1055,5.28,0.045,0.018,17,80.3,ISO9001,1,0
210,APAC,3806.82,68.33,1,33.71,1,0.0,836,5.17,0.055,0.004,4,75.9,None,1,0
210,APAC,3806.82,68.33,1,36.63,1,0.0,768,4.78,0.04,0.014,13,73.89,None,0,0
210,APAC,3806.82,68.33,1,35.04,1,0.0,745,5.01,0.064,0.01,10,81.32,ISO9001,1,0
210,APAC,3806.82,68.33,1,24.92,1,0.0,1176,6.02,0.061,0.015,16,79.79,None,0,0
210,APAC,3806.82,68.33,1,34.87,1,0.0,1544,4.25,0.079,0.003,9,73.86,ISO9001,1,0
210,APAC,3806.82,68.33,1,33.09,1,0.0,692,5.23,0.028,0.026,17,72.75,ISO9001+ISO14001,0,0
210,APAC,3806.82,68.33,1,28.77,0,6.58,825,5.32,0.032,0.041,32,65.54,None,0,0
210,APAC,3806.82,68.33,1,37.47,1,0.0,997,4.04,0.024,0.027,35,77.04,ISO9001,1,0
210,APAC,3806.82,68.33,1,36.86,1,0.0,1232,5.53,0.058,0.026,28,68.27,ISO9001,0,0
210,APAC,3806.82,68.33,1,32.02,1,0.0,575,5.48,0.062,0.042,29,69.01,ISO9001,1,0
210,APAC,3806.82,68.33,1,34.86,1,0.0,715,5.86,0.05,0.018,14,71.07,ISO9001,0,0
210,APAC,3806.82,68.33,1,36.26,1,0.0,818,4.78,0.058,0.04,26,65.97,None,0,0
210,APAC,3806.82,68.33,1,35.66,1,0.0,1056,3.84,0.03,0.027,31,78.24,ISO9001,0,0
211,APAC,4069.96,72.4,6,35.64,0,6.73,1498,5.04,0.061,0.014,23,79.3,ISO9001+ISO14001,0,0
211,APAC,4069.96,72.4,6,37.0,1,0.0,1019,4.72,0.025,0.016,16,100.0,ISO9001+ISO14001,1,0
211,APAC,4069.96,72.4,6,35.23,1,0.0,1041,5.58,0.02,0.007,11,71.91,None,0,0
211,APAC,4069.96,72.4,6,35.4,1,0.0,963,4.58,0.019,0.017,25,67.39,ISO9001,0,0
211,APAC,4069.96,72.4,6,31.69,1,0.0,1133,6.54,0.044,0.01,15,73.51,None,0,0
211,APAC,4069.96,72.4,6,35.13,1,0.0,736,5.62,0.021,0.022,18,76.81,ISO9001,1,0
211,APAC,4069.96,72.4,6,35.16,1,0.0,858,5.02,0.029,0.006,9,58.25,ISO9001,1,0
211,APAC,4069.96,72.4,6,34.43,1,0.0,583,5.33,0.082,0.01,10,83.64,ISO9001,1,0
211,APAC,4069.96,72.4,6,38.17,1,0.0,924,5.03,0.059,0.0,0,98.09,ISO9001,1,0
211,APAC,4069.96,72.4,6,35.33,1,0.0,778,4.49,0.06,0.0,0,85.7,ISO9001,1,0
211,APAC,4069.96,72.4,6,37.35,1,0.0,669,4.52,0.0,0.005,4,72.85,ISO9001+ISO14001,1,0
211,APAC,4069.96,72.4,6,34.52,1,0.0,637,4.33,0.01,0.015,9,86.18,ISO9001+ISO14001,1,0
211,APAC,4069.96,72.4,6,31.62,1,0.0,1354,5.12,0.067,0.0,0,88.62,None,0,0
211,APAC,4069.96,72.4,6,32.28,1,0.0,939,5.11,0.014,0.013,12,95.66,None,0,0
211,APAC,4069.96,72.4,6,36.25,1,0.0,1448,4.68,0.016,0.014,20,85.13,ISO9001,1,0
211,APAC,4069.96,72.4,6,32.84,1,0.0,1153,5.81,0.016,0.018,14,73.23,ISO9001,1,0
211,APAC,4069.96,72.4,6,31.65,1,0.0,704,5.22,0.042,0.016,13,70.38,None,0,0
211,APAC,4069.96,72.4,6,29.43,0,9.13,824,4.24,0.02,0.015,13,75.57,ISO9001+ISO14001,1,0
211,APAC,4069.96,72.4,6,34.56,1,0.0,1077,5.57,0.047,0.017,21,84.63,None,0,0
211,APAC,4069.96,72.4,6,34.28,1,0.0,1085,5.03,0.057,0.012,12,64.0,ISO9001,1,0
211,APAC,4069.96,72.4,6,38.89,1,0.0,1096,5.92,0.038,0.009,13,77.44,ISO9001,0,0
211,APAC,4069.96,72.4,6,32.39,1,0.0,894,3.32,0.039,0.004,2,80.21,ISO9001,0,0
211,APAC,4069.96,72.4,6,39.36,1,0.0,1057,4.89,0.04,0.011,14,86.29,ISO9001,1,0
211,APAC,4069.96,72.4,6,36.95,1,0.0,641,5.11,0.014,0.01,6,100.0,ISO9001,1,0
211,APAC,4069.96,72.4,6,36.02,1,0.0,1177,4.1,0.035,0.009,8,72.03,ISO9001,1,0
211,APAC,4069.96,72.4,6,34.11,1,0.0,635,5.16,0.0,0.019,13,78.45,ISO9001+ISO14001,1,0
211,APAC,4069.96,72.4,6,31.76,1,0.0,795,5.4,0.042,0.001,1,94.78,ISO9001,1,0
211,APAC,4069.96,72.4,6,33.7,1,0.0,1188,4.33,0.031,0.012,17,88.69,None,0,0
211,APAC,4069.96,72.4,6,30.64,1,0.0,950,5.11,0.028,0.017,16,69.63,None,0,0
211,APAC,4069.96,72.4,6,38.2,1,0.0,487,5.61,0.044,0.002,0,94.23,None,0,0
211,APAC,4069.96,72.4,6,32.01,0,7.31,1393,5.26,0.054,0.017,29,95.65,ISO9001+ISO14001,1,0
211,APAC,4069.96,72.4,6,37.82,1,0.0,967,4.58,0.036,0.012,12,87.38,ISO9001,1,0
211,APAC,4069.96,72.4,6,35.99,1,0.0,1106,4.6,0.052,0.023,29,76.55,ISO9001+ISO14001,0,0
211,APAC,4069.96,72.4,6,32.45,1,0.0,1418,5.1,0.021,0.0,0,75.07,ISO9001,1,0
211,APAC,4069.96,72.4,6,34.72,1,0.0,894,4.25,0.015,0.014,15,73.4,None,0,0
211,APAC,4069.96,72.4,6,34.88,1,0.0,725,5.1,0.039,0.0,0,68.14,ISO9001,1,0
211,APAC,4069.96,72.4,6,33.33,0,3.74,983,5.15,0.025,0.0,0,88.07,ISO9001+ISO14001,1,0
211,APAC,4069.96,72.4,6,33.31,1,0.0,1095,4.35,0.047,0.008,9,76.27,ISO9001+ISO14001,1,0
211,APAC,4069.96,72.4,6,36.77,1,0.0,357,6.27,0.033,0.01,1,84.91,ISO9001,0,0
211,APAC,4069.96,72.4,6,37.43,1,0.0,835,5.66,0.048,0.004,7,83.13,None,1,0
211,APAC,4069.96,72.4,6,34.79,1,0.0,798,5.47,0.036,0.014,7,81.73,ISO9001,1,0
211,APAC,4069.96,72.4,6,29.83,1,0.0,1165,5.38,0.036,0.013,13,100.0,ISO9001,0,0
211,APAC,4069.96,72.4,6,33.22,1,0.0,1288,4.03,0.024,0.034,44,85.71,None,0,0
211,APAC,4069.96,72.4,6,33.55,1,0.0,1452,5.59,0.046,0.001,2,79.45,None,0,0
211,APAC,4069.96,72.4,6,36.7,1,0.0,815,4.21,0.051,0.008,3,93.52,ISO9001+ISO14001,1,0
212,AMER,1947.83,49.65,6,25.54,1,0.0,1118,4.83,0.041,0.031,39,81.17,ISO9001,1,0
212,AMER,1947.83,49.65,6,22.47,1,0.0,818,5.48,0.032,0.03,27,73.35,ISO9001,1,0
212,AMER,1947.83,49.65,6,21.5,1,0.0,533,5.38,0.02,0.015,5,76.29,None,0,0
212,AMER,1947.83,49.65,6,20.73,1,0.0,1221,4.57,0.022,0.038,40,71.04,ISO9001,0,0
212,AMER,1947.83,49.65,6,26.09,1,0.0,1141,4.71,0.05,0.016,16,72.61,ISO9001+ISO14001,1,0
212,AMER,1947.83,49.65,6,25.33,1,0.0,1241,5.07,0.035,0.032,41,78.12,None,0,0
212,AMER,1947.83,49.65,6,29.32,1,0.0,1048,5.57,0.021,0.017,17,81.0,ISO9001,0,0
212,AMER,1947.83,49.65,6,24.56,0,2.23,1551,4.44,0.023,0.031,56,65.07,ISO9001,0,1
212,AMER,1947.83,49.65,6,24.6,1,0.0,980,5.16,0.042,0.039,46,77.55,ISO9001,1,0
212,AMER,1947.83,49.65,6,20.17,1,0.0,1106,5.11,0.041,0.009,4,77.83,ISO9001,1,0
212,AMER,1947.83,49.65,6,29.87,1,0.0,702,5.92,0.023,0.023,14,64.22,ISO9001+ISO14001,1,0
212,AMER,1947.83,49.65,6,26.46,1,0.0,742,5.51,0.061,0.032,29,72.45,ISO9001,1,0
212,AMER,1947.83,49.65,6,24.44,1,0.0,964,5.04,0.048,0.006,13,79.36,None,0,0
212,AMER,1947.83,49.65,6,24.57,1,0.0,1101,5.08,0.028,0.018,11,80.08,ISO9001,0,0
212,AMER,1947.83,49.65,6,24.1,1,0.0,1389,5.66,0.041,0.046,71,89.22,ISO9001,1,0
212,AMER,1947.83,49.65,6,29.69,1,0.0,754,4.16,0.035,0.042,30,77.03,ISO9001,1,0
212,AMER,1947.83,49.65,6,24.47,1,0.0,843,4.49,0.062,0.017,15,76.99,ISO9001,1,0
212,AMER,1947.83,49.65,6,23.49,1,0.0,1154,4.29,0.029,0.028,34,58.58,ISO9001,1,0
212,AMER,1947.83,49.65,6,26.89,1,0.0,1292,5.82,0.053,0.026,41,82.28,ISO9001,1,0
212,AMER,1947.83,49.65,6,25.61,0,1.93,1126,4.33,0.05,0.024,28,74.05,None,0,1
212,AMER,1947.83,49.65,6,21.63,1,0.0,1197,4.82,0.032,0.016,11,78.78,None,0,0
212,AMER,1947.83,49.65,6,23.42,1,0.0,1217,3.99,0.054,0.046,51,81.98,None,0,0
212,AMER,1947.83,49.65,6,31.81,1,0.0,428,4.61,0.022,0.018,6,61.73,ISO9001,1,0
212,AMER,1947.83,49.65,6,29.68,1,0.0,781,5.03,0.063,0.033,23,68.11,None,0,0
212,AMER,1947.83,49.65,6,24.35,1,0.0,1647,5.09,0.013,0.029,51,53.45,ISO9001,1,0
212,AMER,1947.83,49.65,6,24.51,1,0.0,859,5.21,0.046,0.029,24,74.85,ISO9001,1,0
212,AMER,1947.83,49.65,6,29.35,1,0.0,809,5.98,0.054,0.009,6,79.91,ISO9001,0,0
212,AMER,1947.83,49.65,6,29.52,1,0.0,1006,5.27,0.035,0.022,17,88.35,ISO9001,0,0
212,AMER,1947.83,49.65,6,24.75,1,0.0,922,5.38,0.003,0.05,43,66.72,ISO9001,0,0
212,AMER,1947.83,49.65,6,23.42,1,0.0,1176,5.37,0.001,0.035,37,67.88,ISO9001+ISO14001,1,0
213,APAC,3906.82,87.38,5,33.48,1,0.0,1009,4.64,0.023,0.013,11,77.77,ISO9001,0,0
213,APAC,3906.82,87.38,5,37.5,1,0.0,879,5.57,0.046,0.02,17,85.54,None,0,0
213,APAC,3906.82,87.38,5,33.17,1,0.0,292,5.11,0.031,0.0,0,71.0,ISO9001,0,0
213,APAC,3906.82,87.38,5,39.24,1,0.0,676,5.65,0.009,0.021,15,78.6,None,0,0
213,APAC,3906.82,87.38,5,33.59,1,0.0,734,4.95,0.007,0.025,19,76.76,None,1,0
213,APAC,3906.82,87.38,5,37.08,1,0.0,881,4.26,0.047,0.015,17,87.14,ISO9001,0,0
213,APAC,3906.82,87.38,5,36.65,1,0.0,571,5.38,0.011,0.038,23,73.7,ISO9001+ISO14001,0,0
213,APAC,3906.82,87.38,5,29.03,1,0.0,1051,5.29,0.038,0.003,5,76.79,ISO9001,0,0
213,APAC,3906.82,87.38,5,33.18,1,0.0,874,4.89,0.038,0.01,12,77.8,ISO9001,0,0
213,APAC,3906.82,87.38,5,31.43,1,0.0,1196,5.15,0.046,0.015,15,84.78,ISO9001,0,0
213,APAC,3906.82,87.38,5,32.28,1,0.0,962,4.48,0.059,0.03,24,84.49,ISO9001,0,0
213,APAC,3906.82,87.38,5,38.5,1,0.0,721,4.96,0.04,0.0,0,75.64,ISO9001+ISO14001,1,0
213,APAC,3906.82,87.38,5,32.16,0,6.2,812,5.74,0.087,0.0,0,73.1,ISO9001,0,0
213,APAC,3906.82,87.38,5,32.06,1,0.0,1326,4.54,0.016,0.009,13,71.52,ISO9001,0,0
213,APAC,3906.82,87.38,5,31.71,1,0.0,1230,5.29,0.013,0.016,16,79.39,ISO9001,1,0
213,APAC,3906.82,87.38,5,35.11,1,0.0,769,4.95,0.0,0.015,11,77.62,ISO9001,1,0
213,APAC,3906.82,87.38,5,37.73,1,0.0,720,4.98,0.013,0.038,32,86.99,ISO9001,0,0
214,EMEA,1501.12,57.39,9,29.31,0,2.21,1192,4.79,0.037,0.012,17,92.93,ISO9001,1,0
214,EMEA,1501.12,57.39,9,18.87,0,4.1,902,5.58,0.04,0.01,11,71.54,None,0,0
214,EMEA,1501.12,57.39,9,26.45,1,0.0,1332,4.33,0.015,0.019,19,88.77,ISO9001+ISO14001,0,0
214,EMEA,1501.12,57.39,9,20.96,1,0.0,865,5.34,0.031,0.006,5,78.12,None,0,0
214,EMEA,1501.12,57.39,9,25.1,1,0.0,1201,5.03,0.024,0.017,29,100.0,ISO9001,0,0
214,EMEA,1501.12,57.39,9,25.03,1,0.0,728,4.67,0.073,0.01,6,76.32,ISO9001,0,0
214,EMEA,1501.12,57.39,9,22.05,1,0.0,978,4.26,0.072,0.006,7,95.3,None,0,0
214,EMEA,1501.12,57.39,9,20.33,1,0.0,845,4.72,0.031,0.011,10,72.46,ISO9001,1,0
214,EMEA,1501.12,57.39,9,20.6,1,0.0,1169,5.14,0.015,0.008,9,81.2,ISO9001,1,0
214,EMEA,1501.12,57.39,9,27.35,1,0.0,745,4.94,0.019,0.0,0,90.67,ISO9001,1,0
214,EMEA,1501.12,57.39,9,29.56,1,0.0,1014,5.85,0.055,0.031,27,76.61,ISO9001,1,0
214,EMEA,1501.12,57.39,9,19.56,1,0.0,979,4.48,0.034,0.01,14,65.26,ISO9001+ISO14001,1,0
214,EMEA,1501.12,57.39,9,22.02,1,0.0,1058,6.28,0.015,0.023,17,57.25,ISO9001+ISO14001,0,0
214,EMEA,1501.12,57.39,9,28.09,1,0.0,1283,5.55,0.011,0.011,15,76.33,ISO9001,1,0
214,EMEA,1501.12,57.39,9,28.58,1,0.0,956,5.79,0.054,0.02,21,85.31,ISO9001+ISO14001,0,0
214,EMEA,1501.12,57.39,9,24.78,1,0.0,1585,4.56,0.021,0.006,13,100.0,ISO9001,1,0
214,EMEA,1501.12,57.39,9,22.45,0,2.07,1072,5.13,0.037,0.024,18,80.41,ISO9001,0,0
214,EMEA,1501.12,57.39,9,25.51,1,0.0,535,5.81,0.038,0.028,13,76.51,None,0,0
214,EMEA,1501.12,57.39,9,30.63,1,0.0,946,3.88,0.034,0.026,22,74.17,ISO9001,1,0
214,EMEA,1501.12,57.39,9,23.94,1,0.0,713,5.0,0.012,0.027,20,57.18,ISO9001,1,0
214,EMEA,1501.12,57.39,9,27.48,0,1.0,927,5.15,0.03,0.024,26,71.45,ISO9001,0,0
214,EMEA,1501.12,57.39,9,27.65,0,6.3,1202,4.3,0.047,0.028,33,70.02,ISO9001,1,0
214,EMEA,1501.12,57.39,9,25.92,1,0.0,918,4.8,0.031,0.029,25,61.0,ISO9001,0,0
214,EMEA,1501.12,57.39,9,27.42,1,0.0,915,5.15,0.035,0.034,42,81.16,ISO9001,0,0
214,EMEA,1501.12,57.39,9,22.18,1,0.0,908,3.91,0.036,0.017,14,64.19,None,1,0
214,EMEA,1501.12,57.39,9,24.21,1,0.0,1702,5.35,0.019,0.014,29,78.97,ISO9001,0,0
214,EMEA,1501.12,57.39,9,25.31,1,0.0,1340,5.71,0.043,0.016,18,75.81,ISO9001+ISO14001,0,0
214,EMEA,1501.12,57.39,9,22.89,1,0.0,728,4.96,0.064,0.008,8,65.59,ISO9001,0,0
214,EMEA,1501.12,57.39,9,21.48,1,0.0,1765,4.78,0.013,0.023,35,86.61,ISO9001,1,0
214,EMEA,1501.12,57.39,9,21.29,1,0.0,1142,4.28,0.01,0.014,14,73.98,ISO9001+ISO14001,1,0
214,EMEA,1501.12,57.39,9,19.35,1,0.0,1251,5.17,0.074,0.009,14,79.2,ISO9001+ISO14001,1,0
214,EMEA,1501.12,57.39,9,20.08,1,0.0,914,4.83,0.028,0.028,27,66.52,None,0,0
214,EMEA,1501.12,57.39,9,28.42,0,4.14,959,4.22,0.027,0.028,29,89.65,None,0,0
214,EMEA,1501.12,57.39,9,24.88,1,0.0,1008,4.77,0.035,0.009,6,76.0,ISO9001,0,0
214,EMEA,1501.12,57.39,9,25.52,1,0.0,1124,5.06,0.041,0.031,27,67.5,None,0,0
214,EMEA,1501.12,57.39,9,29.26,0,5.5,1237,4.88,0.013,0.003,7,91.03,None,0,0
214,EMEA,1501.12,57.39,9,29.02,1,0.0,1176,4.93,0.021,0.015,16,86.58,None,0,0
214,EMEA,1501.12,57.39,9,28.02,1,0.0,806,5.2,0.018,0.024,14,80.66,ISO9001+ISO14001,0,0
214,EMEA,1501.12,57.39,9,18.56,0,5.54,1061,3.73,0.0,0.001,0,97.36,ISO9001+ISO14001,0,0
214,EMEA,1501.12,57.39,9,26.53,1,0.0,1328,5.64,0.048,0.022,33,77.36,ISO9001,1,0
214,EMEA,1501.12,57.39,9,23.78,1,0.0,1072,4.06,0.025,0.014,12,68.47,ISO9001+ISO14001,1,0
215,AMER,908.87,38.97,8,24.04,0,1.0,996,4.64,0.007,0.03,22,78.26,ISO9001+ISO14001,0,0
215,AMER,908.87,38.97,8,19.35,0,3.43,537,4.28,0.04,0.026,19,89.79,ISO9001,0,0
215,AMER,908.87,38.97,8,20.81,1,0.0,917,3.97,0.0,0.008,11,79.6,None,0,0
215,AMER,908.87,38.97,8,21.92,1,0.0,786,4.7,0.003,0.018,17,81.78,ISO9001,0,0
215,AMER,908.87,38.97,8,20.06,1,0.0,963,5.2,0.042,0.026,17,90.22,ISO9001+ISO14001,1,0
215,AMER,908.87,38.97,8,24.15,0,1.0,1036,4.53,0.032,0.019,24,74.11,None,0,1
215,AMER,908.87,38.97,8,16.66,1,0.0,957,5.0,0.02,0.013,13,54.64,ISO9001,0,0
215,AMER,908.87,38.97,8,22.93,1,0.0,647,5.0,0.057,0.033,28,95.99,ISO9001,0,0
215,AMER,908.87,38.97,8,20.22,1,0.0,1194,5.47,0.024,0.01,8,82.67,ISO9001,0,0
215,AMER,908.87,38.97,8,27.69,1,0.0,1203,4.43,0.034,0.007,5,73.78,ISO9001,1,0
215,AMER,908.87,38.97,8,21.92,1,0.0,835,4.87,0.034,0.018,12,90.55,ISO9001+ISO14001,1,0
215,AMER,908.87,38.97,8,20.67,1,0.0,1311,5.96,0.038,0.017,28,63.32,ISO9001,1,0
215,AMER,908.87,38.97,8,21.36,1,0.0,1283,4.79,0.031,0.008,7,76.13,ISO9001+ISO14001,1,0
215,AMER,908.87,38.97,8,21.76,1,0.0,1563,5.07,0.067,0.027,51,85.54,ISO9001,0,0
215,AMER,908.87,38.97,8,17.61,1,0.0,1485,6.08,0.024,0.0,0,80.31,ISO9001,1,0
215,AMER,908.87,38.97,8,19.78,0,3.3,1230,5.32,0.048,0.032,44,57.53,ISO9001,1,1
215,AMER,908.87,38.97,8,22.59,1,0.0,521,4.39,0.001,0.035,14,71.5,ISO9001+ISO14001,0,0
215,AMER,908.87,38.97,8,26.59,1,0.0,1006,4.72,0.044,0.016,19,99.25,ISO9001,0,0
215,AMER,908.87,38.97,8,19.9,1,0.0,943,4.74,0.048,0.023,18,71.21,ISO9001,0,0
215,AMER,908.87,38.97,8,24.98,0,4.07,1110,5.47,0.011,0.028,36,60.63,ISO9001,0,1
215,AMER,908.87,38.97,8,23.72,1,0.0,1289,5.49,0.033,0.027,34,76.21,ISO9001,0,0
215,AMER,908.87,38.97,8,22.23,1,0.0,871,6.49,0.02,0.031,32,66.01,ISO9001,0,0
215,AMER,908.87,38.97,8,20.46,1,0.0,1126,3.78,0.037,0.013,21,83.84,None,0,0
215,AMER,908.87,38.97,8,25.34,1,0.0,1169,5.03,0.038,0.032,34,87.48,None,0,0
215,AMER,908.87,38.97,8,18.16,1,0.0,846,3.72,0.032,0.0,0,64.62,ISO9001,1,0
215,AMER,908.87,38.97,8,24.06,1,0.0,1072,5.66,0.059,0.008,5,66.67,ISO9001,0,0
215,AMER,908.87,38.97,8,18.97,0,3.17,1119,4.59,0.033,0.012,10,71.12,ISO9001,0,1
216,APAC,3579.45,59.27,8,30.87,1,0.0,861,4.15,0.018,0.018,14,65.75,ISO9001,1,0
216,APAC,3579.45,59.27,8,26.74,1,0.0,1040,4.58,0.023,0.039,46,77.71,ISO9001,1,0
216,APAC,3579.45,59.27,8,31.63,1,0.0,727,5.51,0.001,0.022,13,75.6,None,0,0
216,APAC,3579.45,59.27,8,37.01,1,0.0,927,5.6,0.035,0.042,35,72.38,ISO9001,1,0
216,APAC,3579.45,59.27,8,28.18,1,0.0,1008,5.63,0.053,0.027,24,84.69,ISO9001+ISO14001,0,0
216,APAC,3579.45,59.27,8,29.54,1,0.0,1020,4.97,0.003,0.016,22,53.58,ISO9001,1,0
216,APAC,3579.45,59.27,8,29.19,1,0.0,556,5.01,0.048,0.022,16,80.71,ISO9001,0,0
216,APAC,3579.45,59.27,8,34.07,1,0.0,1279,5.96,0.03,0.004,6,81.4,ISO9001,0,0
216,APAC,3579.45,59.27,8,32.81,1,0.0,948,5.95,0.021,0.021,12,71.88,ISO9001,1,0
216,APAC,3579.45,59.27,8,29.81,0,6.94,992,4.85,0.057,0.014,11,80.61,ISO9001,1,0
216,APAC,3579.45,59.27,8,30.28,0,2.67,389,4.49,0.047,0.025,10,65.46,ISO9001,1,0
216,APAC,3579.45,59.27,8,34.42,0,5.67,816,5.32,0.064,0.019,18,79.12,ISO9001,1,0
216,APAC,3579.45,59.27,8,27.46,1,0.0,1090,4.47,0.065,0.029,28,73.53,ISO9001,1,0
216,APAC,3579.45,59.27,8,41.78,1,0.0,1206,3.97,0.054,0.028,32,87.13,ISO9001,0,0
216,APAC,3579.45,59.27,8,30.55,1,0.0,962,4.79,0.027,0.029,30,75.54,None,1,0
216,APAC,3579.45,59.27,8,32.28,1,0.0,646,5.65,0.029,0.029,21,67.43,ISO9001,1,0
216,APAC,3579.45,59.27,8,31.26,1,0.0,1179,5.51,0.037,0.019,16,68.85,ISO9001,1,0
216,APAC,3579.45,59.27,8,29.5,1,0.0,692,6.25,0.056,0.041,27,85.14,ISO9001,1,0
216,APAC,3579.45,59.27,8,26.16,1,0.0,1299,3.33,0.05,0.009,9,87.79,None,0,0
216,APAC,3579.45,59.27,8,30.24,1,0.0,1125,3.94,0.063,0.013,14,75.55,ISO9001+ISO14001,0,0
216,APAC,3579.45,59.27,8,40.32,1,0.0,915,4.81,0.05,0.0,0,80.68,None,0,0
216,APAC,3579.45,59.27,8,36.16,0,5.09,892,5.44,0.025,0.022,22,70.6,None,1,0
216,APAC,3579.45,59.27,8,28.9,1,0.0,1176,4.9,0.041,0.015,18,82.58,ISO9001,0,0
216,APAC,3579.45,59.27,8,26.18,1,0.0,1060,6.14,0.057,0.033,29,77.29,ISO9001,0,0
216,APAC,3579.45,59.27,8,30.83,1,0.0,919,3.47,0.047,0.008,10,88.59,ISO9001,0,0
216,APAC,3579.45,59.27,8,30.7,1,0.0,1433,5.0,0.04,0.008,14,73.81,ISO9001,0,0
216,APAC,3579.45,59.27,8,31.17,1,0.0,1137,6.48,0.027,0.035,40,50.39,ISO9001,1,0
216,APAC,3579.45,59.27,8,32.78,1,0.0,1045,4.56,0.046,0.013,20,76.24,ISO9001,0,0
216,APAC,3579.45,59.27,8,35.24,1,0.0,764,3.35,0.052,0.013,14,73.36,ISO9001,1,0
216,APAC,3579.45,59.27,8,36.8,1,0.0,1252,5.86,0.068,0.023,38,77.48,ISO9001,1,0
216,APAC,3579.45,59.27,8,30.71,1,0.0,642,3.63,0.063,0.038,25,88.56,None,0,0
216,APAC,3579.45,59.27,8,31.06,1,0.0,412,4.88,0.017,0.013,2,64.0,ISO9001,0,0
216,APAC,3579.45,59.27,8,34.75,0,7.65,1036,4.31,0.016,0.012,18,80.64,None,0,0
216,APAC,3579.45,59.27,8,31.75,1,0.0,654,4.6,0.042,0.023,18,64.99,ISO9001+ISO14001,1,0
216,APAC,3579.45,59.27,8,33.74,0,6.04,1533,4.67,0.059,0.013,18,76.31,ISO9001,0,0
216,APAC,3579.45,59.27,8,33.32,1,0.0,506,4.37,0.014,0.026,18,63.43,None,1,0
216,APAC,3579.45,59.27,8,30.44,1,0.0,1135,5.42,0.039,0.018,21,78.32,ISO9001,1,0
216,APAC,3579.45,59.27,8,31.6,0,4.0,1126,6.34,0.041,0.0,0,80.18,ISO9001,0,0
216,APAC,3579.45,59.27,8,35.97,1,0.0,1368,5.19,0.04,0.014,21,74.76,ISO9001+ISO14001,1,0
216,APAC,3579.45,59.27,8,38.5,1,0.0,971,3.84,0.004,0.032,43,65.89,None,1,0
216,APAC,3579.45,59.27,8,34.31,1,0.0,983,5.93,0.033,0.031,30,72.68,None,0,0
216,APAC,3579.45,59.27,8,32.43,1,0.0,892,4.49,0.035,0.024,17,86.86,ISO9001,1,0
216,APAC,3579.45,59.27,8,31.5,1,0.0,787,5.68,0.018,0.021,14,85.6,None,0,0
216,APAC,3579.45,59.27,8,29.1,1,0.0,1064,4.91,0.087,0.016,15,92.55,ISO9001,0,0
216,APAC,3579.45,59.27,8,33.69,0,7.66,1630,4.47,0.058,0.015,22,74.74,ISO9001+ISO14001,1,0
217,AMER,1249.09,77.32,8,23.64,1,0.0,700,4.85,0.033,0.01,3,74.33,None,0,0
217,AMER,1249.09,77.32,8,23.47,0,6.33,1465,5.08,0.019,0.015,26,70.62,None,0,0
217,AMER,1249.09,77.32,8,28.03,1,0.0,1042,5.28,0.056,0.017,16,74.65,ISO9001,1,0
217,AMER,1249.09,77.32,8,20.77,0,2.63,985,5.88,0.028,0.014,11,84.37,ISO9001,1,0
217,AMER,1249.09,77.32,8,18.06,1,0.0,1105,6.13,0.056,0.023,23,82.74,ISO9001,1,0
217,AMER,1249.09,77.32,8,27.03,1,0.0,1296,5.78,0.022,0.024,28,92.64,ISO9001,0,0
217,AMER,1249.09,77.32,8,18.0,1,0.0,1051,5.23,0.035,0.015,12,72.81,None,0,0
217,AMER,1249.09,77.32,8,29.72,1,0.0,1085,5.02,0.038,0.025,28,67.74,ISO9001+ISO14001,1,0
217,AMER,1249.09,77.32,8,19.32,1,0.0,795,6.01,0.031,0.0,0,66.92,None,0,0
217,AMER,1249.09,77.32,8,19.48,1,0.0,1331,3.75,0.005,0.023,38,85.17,ISO9001+ISO14001,1,0
217,AMER,1249.09,77.32,8,19.8,1,0.0,673,5.35,0.0,0.015,8,72.48,None,0,0
217,AMER,1249.09,77.32,8,19.79,1,0.0,899,4.85,0.041,0.0,0,61.33,ISO9001,1,0
217,AMER,1249.09,77.32,8,22.19,1,0.0,1068,5.25,0.0,0.004,6,88.75,None,0,0
217,AMER,1249.09,77.32,8,23.79,1,0.0,1403,5.25,0.009,0.011,15,87.32,None,0,0
217,AMER,1249.09,77.32,8,22.93,1,0.0,1047,4.96,0.055,0.014,9,68.61,ISO9001,1,0
217,AMER,1249.09,77.32,8,25.46,1,0.0,866,4.47,0.035,0.014,7,84.94,None,1,0
217,AMER,1249.09,77.32,8,25.43,1,0.0,1291,5.44,0.047,0.004,2,76.51,ISO9001,0,0
217,AMER,1249.09,77.32,8,26.34,1,0.0,767,4.34,0.023,0.03,24,78.82,None,0,0
217,AMER,1249.09,77.32,8,27.4,1,0.0,1458,5.15,0.041,0.005,5,81.39,ISO9001,1,0
217,AMER,1249.09,77.32,8,21.76,1,0.0,850,4.48,0.035,0.015,9,94.7,None,0,0
217,AMER,1249.09,77.32,8,23.64,1,0.0,744,5.14,0.02,0.0,0,91.47,ISO9001+ISO14001,0,0
217,AMER,1249.09,77.32,8,25.36,1,0.0,841,4.73,0.056,0.0,0,79.65,None,0,0
217,AMER,1249.09,77.32,8,27.96,1,0.0,1070,6.31,0.059,0.022,25,86.58,None,0,0
217,AMER,1249.09,77.32,8,20.11,1,0.0,1655,5.14,0.041,0.011,18,62.18,ISO9001,1,0
217,AMER,1249.09,77.32,8,20.4,1,0.0,647,5.44,0.084,0.012,8,100.0,ISO9001+ISO14001,1,0
217,AMER,1249.09,77.32,8,25.72,1,0.0,1326,4.93,0.013,0.014,26,74.72,ISO9001,1,0
217,AMER,1249.09,77.32,8,23.7,1,0.0,878,4.82,0.038,0.028,34,68.95,ISO9001+ISO14001,1,0
217,AMER,1249.09,77.32,8,27.24,1,0.0,970,5.47,0.06,0.012,10,87.69,ISO9001,0,0
217,AMER,1249.09,77.32,8,18.08,1,0.0,1086,5.2,0.026,0.013,15,81.74,None,0,0
217,AMER,1249.09,77.32,8,21.8,1,0.0,1043,5.53,0.038,0.011,10,79.03,ISO9001+ISO14001,0,0
217,AMER,1249.09,77.32,8,23.01,1,0.0,875,5.15,0.041,0.017,14,83.03,None,0,0
217,AMER,1249.09,77.32,8,21.31,1,0.0,854,5.91,0.039,0.012,16,57.35,ISO9001+ISO14001,1,0
217,AMER,1249.09,77.32,8,17.06,1,0.0,573,5.71,0.059,0.006,3,82.26,None,0,0
217,AMER,1249.09,77.32,8,25.63,1,0.0,1078,5.79,0.015,0.011,9,66.69,ISO9001+ISO14001,1,0
217,AMER,1249.09,77.32,8,25.16,1,0.0,1084,5.39,0.026,0.006,5,80.97,ISO9001,1,0
217,AMER,1249.09,77.32,8,22.36,1,0.0,1197,4.85,0.014,0.01,11,77.42,ISO9001+ISO14001,0,0
217,AMER,1249.09,77.32,8,22.85,1,0.0,1109,4.79,0.052,0.008,6,73.78,ISO9001,1,0
217,AMER,1249.09,77.32,8,27.1,1,0.0,720,4.0,0.011,0.011,7,86.39,ISO9001+ISO14001,0,0
217,AMER,1249.09,77.32,8,23.4,1,0.0,1033,4.96,0.052,0.012,11,100.0,ISO9001,0,0
217,AMER,1249.09,77.32,8,24.2,1,0.0,1540,4.56,0.016,0.0,0,68.5,None,1,0
217,AMER,1249.09,77.32,8,21.41,1,0.0,1002,4.92,0.014,0.017,20,79.0,None,0,0
217,AMER,1249.09,77.32,8,23.77,1,0.0,1104,4.83,0.048,0.014,16,79.85,ISO9001+ISO14001,1,0
217,AMER,1249.09,77.32,8,21.31,1,0.0,974,3.76,0.0,0.011,10,86.1,ISO9001,0,0
217,AMER,1249.09,77.32,8,20.52,1,0.0,1471,4.67,0.05,0.018,25,72.39,None,1,0
217,AMER,1249.09,77.32,8,23.47,1,0.0,1103,5.46,0.027,0.014,14,82.15,ISO9001,1,0
217,AMER,1249.09,77.32,8,24.26,1,0.0,1317,4.69,0.049,0.0,0,89.21,ISO9001,1,0
217,AMER,1249.09,77.32,8,23.95,0,5.13,1315,5.61,0.004,0.01,18,65.63,ISO9001,1,0
217,AMER,1249.09,77.32,8,25.6,1,0.0,822,6.79,0.019,0.002,1,59.43,ISO9001+ISO14001,1,0
217,AMER,1249.09,77.32,8,25.56,1,0.0,662,5.37,0.016,0.0,0,82.74,ISO9001,1,0
217,AMER,1249.09,77.32,8,21.93,1,0.0,793,5.75,0.006,0.026,21,82.63,ISO9001+ISO14001,0,0
217,AMER,1249.09,77.32,8,28.92,1,0.0,1093,5.38,0.012,0.013,10,67.27,ISO9001,1,0
217,AMER,1249.09,77.32,8,17.62,1,0.0,939,6.48,0.029,0.021,19,81.0,ISO9001,1,0
217,AMER,1249.09,77.32,8,23.24,1,0.0,669,3.73,0.008,0.002,2,91.66,None,0,0
218,AMER,1048.45,63.02,10,22.54,1,0.0,1232,5.68,0.041,0.006,6,76.05,ISO9001,1,0
218,AMER,1048.45,63.02,10,17.94,1,0.0,707,4.27,0.039,0.027,17,66.96,ISO9001,0,0
218,AMER,1048.45,63.02,10,17.77,1,0.0,963,5.31,0.047,0.027,22,74.95,None,0,0
218,AMER,1048.45,63.02,10,24.51,1,0.0,1131,4.83,0.05,0.03,31,75.34,ISO9001+ISO14001,1,0
218,AMER,1048.45,63.02,10,23.03,0,4.84,773,5.79,0.051,0.02,22,83.28,ISO9001,0,0
218,AMER,1048.45,63.02,10,17.89,1,0.0,1213,5.44,0.053,0.014,19,93.74,ISO9001,0,0
218,AMER,1048.45,63.02,10,18.96,1,0.0,1352,5.54,0.013,0.02,30,59.16,ISO9001,0,0
218,AMER,1048.45,63.02,10,25.2,0,5.59,1222,6.19,0.023,0.014,24,59.52,ISO9001+ISO14001,1,0
218,AMER,1048.45,63.02,10,23.06,1,0.0,1156,5.27,0.024,0.033,35,67.08,ISO9001,0,0
218,AMER,1048.45,63.02,10,20.45,1,0.0,1282,4.38,0.06,0.009,6,83.74,ISO9001,0,0
218,AMER,1048.45,63.02,10,22.42,1,0.0,1093,6.07,0.03,0.024,27,79.24,ISO9001,1,0
218,AMER,1048.45,63.02,10,19.42,1,0.0,981,3.89,0.054,0.003,3,66.83,ISO9001+ISO14001,0,0
218,AMER,1048.45,63.02,10,21.6,1,0.0,1100,4.48,0.024,0.015,14,79.1,ISO9001,1,0
218,AMER,1048.45,63.02,10,20.79,1,0.0,774,4.73,0.047,0.013,10,75.93,ISO9001+ISO14001,1,0
218,AMER,1048.45,63.02,10,21.04,1,0.0,681,5.04,0.045,0.009,5,72.82,None,1,0
218,AMER,1048.45,63.02,10,18.91,1,0.0,868,3.79,0.018,0.005,2,75.95,ISO9001,1,0
218,AMER,1048.45,63.02,10,25.17,1,0.0,1127,4.18,0.021,0.0,0,65.46,ISO9001,0,0
218,AMER,1048.45,63.02,10,16.0,1,0.0,803,5.48,0.041,0.015,10,80.62,None,0,0
218,AMER,1048.45,63.02,10,21.28,1,0.0,931,4.46,0.046,0.033,34,80.89,ISO9001,1,0
218,AMER,1048.45,63.02,10,22.07,1,0.0,683,5.76,0.01,0.011,7,80.05,ISO9001,0,0
218,AMER,1048.45,63.02,10,24.47,1,0.0,1118,4.21,0.038,0.004,5,83.89,None,0,0
218,AMER,1048.45,63.02,10,25.27,1,0.0,1238,5.3,0.026,0.0,0,99.26,ISO9001,0,0
218,AMER,1048.45,63.02,10,16.64,1,0.0,744,4.15,0.03,0.01,1,75.35,ISO9001,0,0
218,AMER,1048.45,63.02,10,29.63,1,0.0,1211,4.76,0.016,0.0,0,90.8,ISO9001,1,0
218,AMER,1048.45,63.02,10,24.15,1,0.0,1207,5.61,0.027,0.009,12,82.42,ISO9001+ISO14001,1,0
218,AMER,1048.45,63.02,10,21.88,1,0.0,693,5.28,0.03,0.033,24,72.03,None,0,0
218,AMER,1048.45,63.02,10,23.44,1,0.0,1281,4.47,0.065,0.03,50,80.45,ISO9001+ISO14001,0,0
218,AMER,1048.45,63.02,10,19.0,1,0.0,1102,5.41,0.036,0.012,6,86.69,None,0,0
218,AMER,1048.45,63.02,10,25.41,1,0.0,982,4.82,0.026,0.026,22,78.65,ISO9001+ISO14001,0,0
218,AMER,1048.45,63.02,10,24.68,1,0.0,1092,5.59,0.076,0.024,19,70.68,ISO9001,0,0
219,APAC,2779.0,52.04,7,28.42,0,6.4,818,4.52,0.038,0.015,11,81.53,None,0,0
219,APAC,2779.0,52.04,7,24.99,1,0.0,664,6.36,0.006,0.019,14,72.3,ISO9001,1,0
219,APAC,2779.0,52.04,7,30.66,1,0.0,239,4.85,0.037,0.031,9,100.0,None,0,0
219,APAC,2779.0,52.04,7,22.68,1,0.0,998,4.52,0.024,0.011,12,68.02,ISO9001,0,0
219,APAC,2779.0,52.04,7,35.61,1,0.0,1076,5.07,0.041,0.016,13,58.26,ISO9001,1,0
219,APAC,2779.0,52.04,7,26.2,1,0.0,1135,4.45,0.016,0.02,22,67.16,ISO9001+ISO14001,1,0
219,APAC,2779.0,52.04,7,33.64,1,0.0,1236,4.53,0.001,0.029,28,80.3,ISO9001+ISO14001,1,0
219,APAC,2779.0,52.04,7,30.19,1,0.0,746,5.64,0.031,0.012,10,74.56,None,0,0
219,APAC,2779.0,52.04,7,23.75,1,0.0,739,5.01,0.015,0.0,0,72.33,ISO9001,1,0
219,APAC,2779.0,52.04,7,24.67,1,0.0,692,5.56,0.042,0.004,4,74.57,ISO9001,1,0
219,APAC,2779.0,52.04,7,26.78,1,0.0,1011,4.66,0.03,0.019,25,85.89,ISO9001,1,0
219,APAC,2779.0,52.04,7,33.3,1,0.0,1062,5.27,0.029,0.013,13,71.01,ISO9001+ISO14001,1,0
219,APAC,2779.0,52.04,7,30.01,1,0.0,1100,5.0,0.064,0.017,19,67.56,ISO9001,0,0
219,APAC,2779.0,52.04,7,30.66,1,0.0,711,6.11,0.049,0.009,5,80.47,None,0,0
219,APAC,2779.0,52.04,7,30.74,1,0.0,687,3.7,0.013,0.015,7,80.67,None,0,0
219,APAC,2779.0,52.04,7,28.15,1,0.0,714,4.83,0.048,0.008,9,77.7,ISO9001,1,0
219,APAC,2779.0,52.04,7,28.25,1,0.0,1785,4.63,0.021,0.014,30,70.38,ISO9001,0,0
219,APAC,2779.0,52.04,7,29.57,1,0.0,692,5.89,0.018,0.027,15,100.0,ISO9001,0,0
219,APAC,2779.0,52.04,7,26.76,0,6.96,948,4.66,0.049,0.02,24,92.86,None,0,0
219,APAC,2779.0,52.04,7,27.07,1,0.0,1066,6.28,0.063,0.038,50,68.36,None,0,0
219,APAC,2779.0,52.04,7,28.71,1,0.0,535,5.09,0.084,0.022,12,92.29,ISO9001+ISO14001,1,0
219,APAC,2779.0,52.04,7,25.25,1,0.0,902,6.02,0.043,0.027,25,62.83,ISO9001,0,0
219,APAC,2779.0,52.04,7,23.84,1,0.0,1049,4.87,0.024,0.017,17,95.09,None,1,0
219,APAC,2779.0,52.04,7,24.91,1,0.0,1234,4.86,0.011,0.015,20,83.62,ISO9001,1,0
219,APAC,2779.0,52.04,7,25.97,0,1.0,885,5.38,0.019,0.0,0,82.8,ISO9001+ISO14001,0,0
219,APAC,2779.0,52.04,7,35.16,0,8.96,1175,5.5,0.016,0.005,3,77.36,None,0,0
219,APAC,2779.0,52.04,7,33.54,1,0.0,913,4.57,0.053,0.001,1,78.44,ISO9001+ISO14001,1,0
219,APAC,2779.0,52.04,7,23.95,1,0.0,1375,5.21,0.0,0.04,50,78.6,None,0,0
219,APAC,2779.0,52.04,7,31.41,0,8.53,1416,5.36,0.004,0.006,11,87.01,ISO9001,0,0
219,APAC,2779.0,52.04,7,32.03,1,0.0,922,5.54,0.032,0.008,5,83.84,ISO9001+ISO14001,1,0
219,APAC,2779.0,52.04,7,29.07,1,0.0,759,4.5,0.035,0.011,14,73.22,ISO9001+ISO14001,1,0
219,APAC,2779.0,52.04,7,30.79,1,0.0,821,5.55,0.025,0.023,11,84.54,ISO9001+ISO14001,1,0
219,APAC,2779.0,52.04,7,26.67,0,7.81,798,5.33,0.032,0.008,7,73.31,None,0,0
219,APAC,2779.0,52.04,7,27.24,1,0.0,763,5.38,0.029,0.024,20,83.13,ISO9001,1,0
219,APAC,2779.0,52.04,7,25.98,1,0.0,755,6.08,0.007,0.045,36,76.79,None,0,0
219,APAC,2779.0,52.04,7,29.71,1,0.0,1081,6.21,0.03,0.019,13,93.36,None,0,0
219,APAC,2779.0,52.04,7,26.23,1,0.0,882,6.31,0.072,0.02,14,75.6,ISO9001,0,0
219,APAC,2779.0,52.04,7,33.37,1,0.0,821,5.17,0.0,0.005,2,80.42,None,0,0
219,APAC,2779.0,52.04,7,26.42,1,0.0,767,5.2,0.031,0.003,3,82.56,ISO9001,0,0
219,APAC,2779.0,52.04,7,26.42,1,0.0,1119,4.28,0.074,0.006,7,76.59,ISO9001,1,0
219,APAC,2779.0,52.04,7,25.32,1,0.0,911,4.93,0.034,0.008,8,100.0,ISO9001,1,0
219,APAC,2779.0,52.04,7,23.73,1,0.0,1170,5.46,0.024,0.014,15,87.43,ISO9001+ISO14001,1,0
219,APAC,2779.0,52.04,7,26.29,0,6.42,1105,5.47,0.038,0.006,6,75.33,ISO9001+ISO14001,1,0
219,APAC,2779.0,52.04,7,29.82,1,0.0,1222,6.8,0.0,0.021,27,67.58,None,0,0
219,APAC,2779.0,52.04,7,32.42,1,0.0,1191,3.21,0.048,0.022,24,75.45,ISO9001,0,0
219,APAC,2779.0,52.04,7,30.63,0,7.1,755,5.43,0.028,0.03,21,76.31,None,0,0
219,APAC,2779.0,52.04,7,30.47,1,0.0,1207,4.07,0.032,0.02,20,83.48,ISO9001+ISO14001,0,0
219,APAC,2779.0,52.04,7,30.21,1,0.0,1062,3.67,0.001,0.028,29,62.58,ISO9001,1,0
219,APAC,2779.0,52.04,7,32.58,1,0.0,494,5.15,0.04,0.009,7,83.42,ISO9001,0,0
219,APAC,2779.0,52.04,7,30.69,1,0.0,773,5.62,0.066,0.004,5,69.92,None,0,0
219,APAC,2779.0,52.04,7,29.43,1,0.0,867,5.2,0.027,0.0,0,73.1,ISO9001,0,0
219,APAC,2779.0,52.04,7,29.44,1,0.0,1096,5.91,0.047,0.016,18,88.45,ISO9001,1,0
219,APAC,2779.0,52.04,7,27.97,0,4.96,735,5.27,0.074,0.013,13,73.0,ISO9001,0,1
219,APAC,2779.0,52.04,7,33.25,1,0.0,694,4.6,0.042,0.018,11,70.5,ISO9001,1,0
219,APAC,2779.0,52.04,7,24.42,1,0.0,893,5.14,0.025,0.011,13,93.9,ISO9001,1,0
220,APAC,3412.48,77.51,5,30.26,1,0.0,1207,4.96,0.021,0.0,0,71.91,ISO9001+ISO14001,1,0
220,APAC,3412.48,77.51,5,31.88,1,0.0,1468,5.31,0.07,0.015,15,79.24,ISO9001,0,0
220,APAC,3412.48,77.51,5,27.95,1,0.0,1265,5.0,0.03,0.026,38,73.78,ISO9001,0,0
220,APAC,3412.48,77.51,5,32.5,1,0.0,1193,4.85,0.046,0.019,23,49.46,ISO9001+ISO14001,1,0
220,APAC,3412.48,77.51,5,36.54,1,0.0,813,4.8,0.051,0.0,0,83.86,None,0,0
220,APAC,3412.48,77.51,5,32.74,1,0.0,841,5.12,0.044,0.006,1,73.98,None,0,0
220,APAC,3412.48,77.51,5,32.58,1,0.0,1382,4.93,0.016,0.022,32,56.9,ISO9001,0,0
220,APAC,3412.48,77.51,5,26.48,1,0.0,1300,4.57,0.062,0.025,32,77.88,ISO9001,0,0
220,APAC,3412.48,77.51,5,25.5,1,0.0,1149,6.39,0.059,0.008,9,82.36,None,1,0
220,APAC,3412.48,77.51,5,32.0,1,0.0,1348,5.04,0.063,0.019,38,79.24,None,0,0
220,APAC,3412.48,77.51,5,27.54,1,0.0,1011,4.31,0.056,0.009,9,77.35,ISO9001,1,0
220,APAC,3412.48,77.51,5,29.82,1,0.0,1161,5.23,0.061,0.011,6,90.41,None,0,0
220,APAC,3412.48,77.51,5,27.55,1,0.0,1269,5.61,0.052,0.0,0,67.72,ISO9001+ISO14001,1,0
220,APAC,3412.48,77.51,5,27.55,1,0.0,938,5.44,0.063,0.011,13,76.24,ISO9001,1,0
220,APAC,3412.48,77.51,5,31.81,1,0.0,1064,5.24,0.052,0.026,30,87.57,ISO9001,1,0
220,APAC,3412.48,77.51,5,32.31,1,0.0,1504,4.89,0.034,0.023,23,89.06,ISO9001,0,0
220,APAC,3412.48,77.51,5,25.68,1,0.0,614,5.38,0.02,0.006,4,65.27,None,1,0
220,APAC,3412.48,77.51,5,26.92,1,0.0,1229,4.28,0.017,0.014,14,79.3,ISO9001+ISO14001,0,0
220,APAC,3412.48,77.51,5,32.86,1,0.0,1280,5.7,0.021,0.01,14,65.04,ISO9001,1,0
220,APAC,3412.48,77.51,5,28.38,1,0.0,1082,4.55,0.026,0.011,10,77.29,ISO9001,1,0
220,APAC,3412.48,77.51,5,35.58,1,0.0,841,4.95,0.034,0.014,6,73.43,None,0,0
220,APAC,3412.48,77.51,5,29.83,1,0.0,982,6.2,0.015,0.016,19,76.79,ISO9001,1,0
220,APAC,3412.48,77.51,5,26.55,1,0.0,1587,4.39,0.02,0.01,7,76.55,None,1,0
220,APAC,3412.48,77.51,5,35.01,1,0.0,1208,4.76,0.022,0.031,30,91.66,ISO9001,0,0
220,APAC,3412.48,77.51,5,27.33,1,0.0,723,5.44,0.015,0.003,0,92.27,None,0,0
220,APAC,3412.48,77.51,5,31.44,1,0.0,1336,5.06,0.031,0.016,16,100.0,ISO9001,1,0
220,APAC,3412.48,77.51,5,37.98,1,0.0,1058,5.39,0.016,0.015,17,76.65,ISO9001,0,0
220,APAC,3412.48,77.51,5,36.5,1,0.0,1255,6.16,0.035,0.014,14,79.68,ISO9001+ISO14001,1,0
220,APAC,3412.48,77.51,5,31.84,1,0.0,1099,5.13,0.008,0.0,0,52.49,None,0,0
220,APAC,3412.48,77.51,5,30.47,1,0.0,807,5.5,0.012,0.011,5,68.82,ISO9001,1,0
220,APAC,3412.48,77.51,5,35.74,1,0.0,1063,5.43,0.03,0.012,11,67.99,ISO9001+ISO14001,1,0
220,APAC,3412.48,77.51,5,29.41,1,0.0,879,4.21,0.047,0.042,36,70.08,ISO9001+ISO14001,0,0
220,APAC,3412.48,77.51,5,30.33,1,0.0,1242,5.53,0.063,0.005,5,82.73,ISO9001,0,0
220,APAC,3412.48,77.51,5,33.2,1,0.0,529,4.6,0.024,0.028,13,62.73,ISO9001,1,0
220,APAC,3412.48,77.51,5,34.0,1,0.0,784,4.99,0.059,0.005,4,72.08,ISO9001+ISO14001,0,0
220,APAC,3412.48,77.51,5,31.92,1,0.0,713,5.35,0.032,0.005,4,86.57,ISO9001,0,0
220,APAC,3412.48,77.51,5,30.49,1,0.0,564,3.36,0.046,0.013,7,72.19,None,1,0
220,APAC,3412.48,77.51,5,29.79,1,0.0,759,4.84,0.011,0.036,22,71.12,ISO9001,1,0
221,APAC,4010.18,100.0,7,32.13,1,0.0,647,3.4,0.014,0.023,19,82.13,None,0,0
221,APAC,4010.18,100.0,7,28.42,1,0.0,1198,5.36,0.025,0.0,1,87.71,ISO9001+ISO14001,0,0
221,APAC,4010.18,100.0,7,32.73,1,0.0,781,5.65,0.075,0.031,36,80.83,ISO9001,1,0
221,APAC,4010.18,100.0,7,34.66,1,0.0,354,4.49,0.025,0.019,13,88.63,ISO9001,1,0
221,APAC,4010.18,100.0,7,33.74,1,0.0,900,4.36,0.053,0.018,18,74.58,ISO9001,1,0
221,APAC,4010.18,100.0,7,36.96,1,0.0,937,5.63,0.059,0.03,37,91.39,ISO9001+ISO14001,1,0
221,APAC,4010.18,100.0,7,33.17,1,0.0,687,4.83,0.037,0.022,10,70.64,ISO9001,1,0
221,APAC,4010.18,100.0,7,27.37,0,3.73,794,4.38,0.02,0.029,23,67.49,ISO9001,0,0
221,APAC,4010.18,100.0,7,36.64,1,0.0,1315,4.39,0.041,0.03,35,75.53,ISO9001,1,0
221,APAC,4010.18,100.0,7,32.84,1,0.0,824,5.13,0.013,0.022,20,76.59,ISO9001,1,0
221,APAC,4010.18,100.0,7,34.36,0,7.68,1055,3.87,0.039,0.025,23,69.7,ISO9001+ISO14001,1,0
221,APAC,4010.18,100.0,7,39.26,0,6.63,1192,6.42,0.051,0.018,26,73.21,ISO9001,1,0
221,APAC,4010.18,100.0,7,34.75,1,0.0,1205,4.41,0.029,0.015,15,82.46,ISO9001,0,0
221,APAC,4010.18,100.0,7,31.19,1,0.0,1476,5.5,0.008,0.025,33,81.16,None,0,0
221,APAC,4010.18,100.0,7,38.34,1,0.0,1070,4.55,0.0,0.018,18,78.67,ISO9001,0,0
221,APAC,4010.18,100.0,7,34.24,0,6.17,982,5.37,0.006,0.017,24,87.24,ISO9001,1,0
221,APAC,4010.18,100.0,7,33.07,1,0.0,1205,5.79,0.037,0.023,30,78.88,ISO9001,1,0
221,APAC,4010.18,100.0,7,35.99,1,0.0,633,4.54,0.036,0.009,5,64.07,None,0,0
221,APAC,4010.18,100.0,7,31.71,1,0.0,1187,4.87,0.015,0.025,38,63.52,ISO9001+ISO14001,1,0
221,APAC,4010.18,100.0,7,33.21,1,0.0,1164,5.46,0.046,0.015,16,75.0,ISO9001,0,0
221,APAC,4010.18,100.0,7,36.97,1,0.0,1172,4.3,0.035,0.016,21,65.88,None,0,0
221,APAC,4010.18,100.0,7,34.52,1,0.0,935,4.47,0.029,0.01,8,81.38,None,0,0
221,APAC,4010.18,100.0,7,38.04,1,0.0,1083,4.12,0.028,0.024,31,80.95,ISO9001,0,0
221,APAC,4010.18,100.0,7,32.44,0,7.03,920,5.4,0.061,0.026,26,75.03,ISO9001,0,0
221,APAC,4010.18,100.0,7,33.37,1,0.0,756,5.79,0.077,0.019,8,59.37,ISO9001,1,0
221,APAC,4010.18,100.0,7,31.74,0,6.75,686,4.58,0.042,0.032,30,67.73,ISO9001,1,0
221,APAC,4010.18,100.0,7,30.58,1,0.0,1073,5.93,0.03,0.016,23,81.59,ISO9001,1,0
221,APAC,4010.18,100.0,7,37.06,1,0.0,804,5.56,0.02,0.018,11,75.37,ISO9001+ISO14001,0,0
221,APAC,4010.18,100.0,7,29.36,1,0.0,1147,4.98,0.047,0.038,36,73.08,ISO9001,1,0
221,APAC,4010.18,100.0,7,36.18,1,0.0,888,4.42,0.013,0.034,32,58.89,ISO9001,0,0
221,APAC,4010.18,100.0,7,34.91,1,0.0,534,3.39,0.006,0.017,10,61.56,ISO9001,0,0
221,APAC,4010.18,100.0,7,32.28,1,0.0,895,5.43,0.009,0.014,11,60.02,ISO9001,1,0
221,APAC,4010.18,100.0,7,35.59,1,0.0,884,4.88,0.065,0.022,18,72.34,ISO9001+ISO14001,0,0
221,APAC,4010.18,100.0,7,39.71,1,0.0,1242,4.67,0.012,0.021,32,86.79,ISO9001+ISO14001,0,0
221,APAC,4010.18,100.0,7,35.37,1,0.0,835,5.11,0.021,0.022,18,88.44,ISO9001+ISO14001,1,0
221,APAC,4010.18,100.0,7,33.44,1,0.0,1375,4.65,0.052,0.021,31,92.46,ISO9001,1,0
221,APAC,4010.18,100.0,7,31.13,1,0.0,1119,6.19,0.06,0.023,24,95.94,None,0,0
221,APAC,4010.18,100.0,7,33.03,1,0.0,1036,4.93,0.069,0.02,28,76.88,None,0,0
222,EMEA,2606.16,60.44,6,20.17,1,0.0,790,4.49,0.053,0.026,19,68.61,ISO9001,1,0
222,EMEA,2606.16,60.44,6,27.24,1,0.0,662,5.07,0.026,0.023,20,84.43,None,0,0
222,EMEA,2606.16,60.44,6,26.58,1,0.0,1134,4.5,0.0,0.003,2,93.14,ISO9001+ISO14001,0,0
222,EMEA,2606.16,60.44,6,30.61,1,0.0,937,4.85,0.048,0.0,0,95.75,ISO9001,1,0
222,EMEA,2606.16,60.44,6,33.08,1,0.0,863,4.67,0.011,0.003,2,91.0,ISO9001,1,0
222,EMEA,2606.16,60.44,6,26.8,1,0.0,1016,5.27,0.035,0.02,25,81.17,None,0,0
222,EMEA,2606.16,60.44,6,28.77,1,0.0,1120,4.48,0.017,0.018,23,87.48,ISO9001+ISO14001,1,0
222,EMEA,2606.16,60.44,6,29.37,1,0.0,1055,4.37,0.048,0.014,16,74.12,None,0,0
222,EMEA,2606.16,60.44,6,27.92,1,0.0,792,4.96,0.057,0.007,5,69.59,ISO9001+ISO14001,1,0
222,EMEA,2606.16,60.44,6,33.41,1,0.0,981,5.49,0.0,0.0,0,63.96,ISO9001,1,0
222,EMEA,2606.16,60.44,6,25.33,1,0.0,1025,5.25,0.013,0.0,0,82.63,ISO9001,1,0
222,EMEA,2606.16,60.44,6,25.18,1,0.0,1289,5.05,0.008,0.0,0,88.82,ISO9001,1,0
222,EMEA,2606.16,60.44,6,25.85,1,0.0,1268,5.5,0.076,0.012,13,90.46,None,0,0
222,EMEA,2606.16,60.44,6,28.92,1,0.0,1163,4.1,0.05,0.023,25,84.34,ISO9001,0,0
222,EMEA,2606.16,60.44,6,32.28,1,0.0,1320,4.3,0.062,0.015,21,89.53,None,0,0
222,EMEA,2606.16,60.44,6,26.56,1,0.0,902,5.2,0.014,0.013,12,94.63,ISO9001,0,0
222,EMEA,2606.16,60.44,6,30.11,1,0.0,1068,4.58,0.029,0.019,26,76.42,None,0,0
222,EMEA,2606.16,60.44,6,31.24,1,0.0,1049,5.09,0.01,0.035,40,92.27,ISO9001+ISO14001,1,0
222,EMEA,2606.16,60.44,6,33.72,1,0.0,1246,4.99,0.025,0.014,20,89.43,None,0,0
222,EMEA,2606.16,60.44,6,33.73,1,0.0,850,5.38,0.054,0.024,14,78.96,ISO9001,0,0
222,EMEA,2606.16,60.44,6,25.36,1,0.0,1419,4.72,0.053,0.0,0,84.92,None,0,0
222,EMEA,2606.16,60.44,6,20.15,1,0.0,1053,5.88,0.015,0.0,0,86.76,ISO9001,1,0
222,EMEA,2606.16,60.44,6,28.32,1,0.0,1244,4.12,0.009,0.031,28,73.91,ISO9001+ISO14001,0,0
222,EMEA,2606.16,60.44,6,30.76,1,0.0,1076,4.87,0.056,0.011,16,79.99,ISO9001,1,0
222,EMEA,2606.16,60.44,6,30.26,1,0.0,763,5.31,0.042,0.028,27,70.53,ISO9001,0,0
222,EMEA,2606.16,60.44,6,33.18,1,0.0,1261,5.36,0.017,0.022,19,69.72,None,0,0
222,EMEA,2606.16,60.44,6,25.31,1,0.0,764,5.56,0.04,0.025,21,88.45,ISO9001,0,0
222,EMEA,2606.16,60.44,6,29.98,1,0.0,1691,3.71,0.022,0.011,21,70.92,ISO9001,1,0
222,EMEA,2606.16,60.44,6,28.77,1,0.0,1145,5.06,0.012,0.003,3,93.38,None,0,0
222,EMEA,2606.16,60.44,6,28.75,1,0.0,1410,4.75,0.054,0.0,0,64.17,None,0,0
222,EMEA,2606.16,60.44,6,27.59,1,0.0,905,4.36,0.007,0.018,9,95.04,None,1,0
222,EMEA,2606.16,60.44,6,31.11,1,0.0,589,5.28,0.023,0.022,16,75.4,ISO9001,1,0
222,EMEA,2606.16,60.44,6,30.08,1,0.0,1071,5.16,0.03,0.0,0,73.77,ISO9001,1,0
222,EMEA,2606.16,60.44,6,35.09,0,9.96,1433,4.9,0.023,0.028,34,95.98,ISO9001,1,0
222,EMEA,2606.16,60.44,6,26.76,1,0.0,1103,5.26,0.039,0.013,5,84.87,ISO9001,1,0
222,EMEA,2606.16,60.44,6,28.57,1,0.0,1013,6.14,0.007,0.021,21,66.06,ISO9001,1,0
222,EMEA,2606.16,60.44,6,24.15,1,0.0,1362,5.4,0.044,0.008,14,85.96,ISO9001,1,0
222,EMEA,2606.16,60.44,6,26.28,1,0.0,942,5.35,0.0,0.008,6,75.87,None,0,0
222,EMEA,2606.16,60.44,6,30.75,0,5.17,1214,4.38,0.015,0.006,8,92.95,None,0,0
222,EMEA,2606.16,60.44,6,26.71,1,0.0,1025,4.08,0.037,0.007,6,72.06,ISO9001,0,0
222,EMEA,2606.16,60.44,6,24.99,1,0.0,1553,5.38,0.0,0.018,32,77.18,ISO9001,0,0
222,EMEA,2606.16,60.44,6,25.57,0,5.76,1130,4.83,0.042,0.01,14,80.29,ISO9001,1,0
222,EMEA,2606.16,60.44,6,29.17,1,0.0,940,5.45,0.017,0.01,19,81.23,ISO9001,1,0
222,EMEA,2606.16,60.44,6,30.49,1,0.0,1224,4.84,0.059,0.001,0,90.44,None,1,0
222,EMEA,2606.16,60.44,6,29.81,1,0.0,942,4.2,0.041,0.011,5,87.73,ISO9001,1,0
222,EMEA,2606.16,60.44,6,28.7,0,3.2,673,5.47,0.02,0.01,7,91.04,ISO9001+ISO14001,1,0
222,EMEA,2606.16,60.44,6,29.64,1,0.0,1363,5.4,0.021,0.018,17,65.54,ISO9001,0,0
222,EMEA,2606.16,60.44,6,28.84,0,6.67,1076,4.56,0.036,0.014,13,76.39,None,0,0
222,EMEA,2606.16,60.44,6,28.62,1,0.0,1205,5.45,0.05,0.003,4,97.08,ISO9001+ISO14001,1,0
223,AMER,1151.0,72.77,8,19.75,1,0.0,906,4.09,0.029,0.019,17,78.49,ISO9001+ISO14001,1,0
223,AMER,1151.0,72.77,8,20.56,1,0.0,1170,5.38,0.02,0.026,33,86.39,None,0,0
223,AMER,1151.0,72.77,8,20.64,1,0.0,1084,5.32,0.041,0.0,0,84.01,None,0,0
223,AMER,1151.0,72.77,8,20.71,1,0.0,1179,5.24,0.047,0.018,15,63.87,ISO9001,0,0
223,AMER,1151.0,72.77,8,25.27,1,0.0,1140,4.4,0.023,0.015,19,93.69,ISO9001,1,0
223,AMER,1151.0,72.77,8,25.64,1,0.0,1250,4.94,0.021,0.027,34,75.55,ISO9001,1,0
223,AMER,1151.0,72.77,8,14.85,0,5.42,800,4.91,0.0,0.024,20,85.98,ISO9001,1,0
223,AMER,1151.0,72.77,8,22.88,1,0.0,1115,4.85,0.036,0.008,16,66.39,ISO9001,0,0
223,AMER,1151.0,72.77,8,21.08,1,0.0,900,5.06,0.029,0.022,21,70.59,ISO9001+ISO14001,1,0
223,AMER,1151.0,72.77,8,27.58,1,0.0,913,4.92,0.064,0.011,14,82.54,ISO9001,1,0
223,AMER,1151.0,72.77,8,21.0,0,3.11,1473,5.33,0.031,0.029,41,94.36,ISO9001,0,0
223,AMER,1151.0,72.77,8,27.12,1,0.0,798,5.35,0.0,0.004,1,86.92,None,1,0
223,AMER,1151.0,72.77,8,23.5,1,0.0,1084,5.03,0.055,0.025,33,81.88,None,0,0
223,AMER,1151.0,72.77,8,26.91,1,0.0,890,4.12,0.034,0.022,23,85.9,ISO9001+ISO14001,1,0
223,AMER,1151.0,72.77,8,23.5,1,0.0,749,5.48,0.045,0.023,17,85.2,None,0,0
223,AMER,1151.0,72.77,8,19.93,1,0.0,960,5.64,0.015,0.024,24,98.24,None,0,0
223,AMER,1151.0,72.77,8,22.01,1,0.0,1132,5.79,0.047,0.015,15,75.27,ISO9001+ISO14001,0,0
223,AMER,1151.0,72.77,8,20.06,1,0.0,747,5.51,0.0,0.019,23,82.1,ISO9001,0,0
223,AMER,1151.0,72.77,8,25.71,1,0.0,986,4.83,0.058,0.012,16,79.29,None,0,0
223,AMER,1151.0,72.77,8,15.26,1,0.0,1241,5.08,0.024,0.023,30,88.44,ISO9001+ISO14001,0,0
223,AMER,1151.0,72.77,8,24.66,1,0.0,1128,5.25,0.028,0.03,39,83.88,ISO9001,1,0
223,AMER,1151.0,72.77,8,14.2,1,0.0,1431,4.89,0.055,0.014,24,78.91,None,0,0
223,AMER,1151.0,72.77,8,20.5,0,1.55,717,5.85,0.039,0.015,9,75.99,None,0,0
223,AMER,1151.0,72.77,8,22.55,1,0.0,753,5.07,0.054,0.039,27,80.68,ISO9001,0,0
223,AMER,1151.0,72.77,8,26.5,0,3.44,1269,4.52,0.019,0.024,42,82.85,None,1,0
223,AMER,1151.0,72.77,8,24.71,1,0.0,1118,6.34,0.015,0.004,5,66.99,ISO9001,0,0
223,AMER,1151.0,72.77,8,24.8,1,0.0,838,6.0,0.033,0.018,10,77.37,ISO9001,1,0
223,AMER,1151.0,72.77,8,23.0,0,7.14,1271,5.0,0.054,0.009,8,88.12,None,0,0
223,AMER,1151.0,72.77,8,20.62,1,0.0,969,6.13,0.043,0.021,22,86.68,None,0,0
223,AMER,1151.0,72.77,8,19.37,1,0.0,867,5.16,0.045,0.007,6,91.01,None,0,0
223,AMER,1151.0,72.77,8,28.46,1,0.0,1419,4.98,0.056,0.002,2,73.76,ISO9001,1,0
223,AMER,1151.0,72.77,8,21.54,1,0.0,762,4.72,0.058,0.012,8,89.8,ISO9001,1,0
223,AMER,1151.0,72.77,8,18.01,1,0.0,1366,4.57,0.003,0.009,12,82.82,None,0,0
223,AMER,1151.0,72.77,8,23.65,1,0.0,946,5.13,0.049,0.014,11,76.88,ISO9001,1,0
223,AMER,1151.0,72.77,8,25.01,1,0.0,1196,4.4,0.047,0.023,29,80.63,ISO9001,1,0
223,AMER,1151.0,72.77,8,24.74,1,0.0,987,4.83,0.051,0.025,28,73.06,None,0,0
223,AMER,1151.0,72.77,8,25.68,1,0.0,1027,5.14,0.028,0.022,20,79.29,None,0,0
223,AMER,1151.0,72.77,8,22.49,0,4.96,312,5.3,0.021,0.016,7,74.83,None,0,0
223,AMER,1151.0,72.77,8,17.14,1,0.0,1016,5.29,0.011,0.032,23,95.6,ISO9001,1,0
223,AMER,1151.0,72.77,8,20.3,1,0.0,554,4.45,0.048,0.009,14,84.63,ISO9001,1,0
223,AMER,1151.0,72.77,8,16.11,1,0.0,994,4.86,0.045,0.024,21,72.22,ISO9001,1,0
223,AMER,1151.0,72.77,8,20.06,1,0.0,921,5.29,0.0,0.012,8,78.81,ISO9001+ISO14001,1,0
223,AMER,1151.0,72.77,8,20.87,1,0.0,1361,4.58,0.031,0.029,41,69.59,ISO9001,1,0
223,AMER,1151.0,72.77,8,22.0,1,0.0,966,5.12,0.072,0.021,22,86.78,ISO9001+ISO14001,1,0
223,AMER,1151.0,72.77,8,20.07,1,0.0,790,5.45,0.015,0.018,11,88.47,ISO9001+ISO14001,1,0
223,AMER,1151.0,72.77,8,29.0,1,0.0,955,5.72,0.02,0.011,7,87.24,ISO9001,1,0
223,AMER,1151.0,72.77,8,23.18,1,0.0,902,5.2,0.052,0.004,1,93.56,ISO9001,0,0
223,AMER,1151.0,72.77,8,21.45,1,0.0,776,3.92,0.044,0.01,7,63.65,ISO9001+ISO14001,1,0
223,AMER,1151.0,72.77,8,17.6,1,0.0,915,4.27,0.053,0.008,7,85.72,None,0,0
223,AMER,1151.0,72.77,8,20.71,1,0.0,1265,4.26,0.017,0.027,32,51.75,ISO9001,1,0
224,APAC,4100.69,65.75,4,38.62,1,0.0,959,5.28,0.049,0.019,12,77.73,ISO9001,1,0
224,APAC,4100.69,65.75,4,34.72,1,0.0,1307,5.16,0.02,0.023,32,73.73,ISO9001,1,0
224,APAC,4100.69,65.75,4,31.02,1,0.0,1054,4.54,0.046,0.023,20,87.24,ISO9001,1,0
224,APAC,4100.69,65.75,4,32.46,1,0.0,1158,5.26,0.064,0.0,0,74.07,ISO9001+ISO14001,1,0
224,APAC,4100.69,65.75,4,34.79,1,0.0,1029,4.41,0.053,0.007,10,87.85,ISO9001,1,0
224,APAC,4100.69,65.75,4,33.8,1,0.0,795,4.68,0.038,0.016,17,69.69,ISO9001,1,0
224,APAC,4100.69,65.75,4,35.86,1,0.0,1048,5.73,0.0,0.032,30,79.45,ISO9001+ISO14001,1,0
224,APAC,4100.69,65.75,4,37.1,0,8.1,1193,5.26,0.036,0.011,10,80.21,ISO9001+ISO14001,1,0
224,APAC,4100.69,65.75,4,34.59,1,0.0,930,5.54,0.035,0.03,26,70.87,ISO9001,1,0
224,APAC,4100.69,65.75,4,29.03,1,0.0,782,5.7,0.022,0.018,20,78.33,ISO9001,0,0
224,APAC,4100.69,65.75,4,34.18,1,0.0,1152,4.22,0.02,0.0,0,60.08,ISO9001,0,0
224,APAC,4100.69,65.75,4,39.26,1,0.0,1068,4.75,0.024,0.021,23,90.59,ISO9001+ISO14001,1,0
224,APAC,4100.69,65.75,4,35.74,1,0.0,684,4.48,0.041,0.008,9,64.09,ISO9001+ISO14001,1,0
224,APAC,4100.69,65.75,4,38.44,1,0.0,968,4.56,0.065,0.015,9,63.3,ISO9001,1,0
224,APAC,4100.69,65.75,4,39.02,1,0.0,932,5.53,0.052,0.019,23,58.83,ISO9001,0,0
224,APAC,4100.69,65.75,4,35.02,1,0.0,522,5.35,0.027,0.018,15,72.23,ISO9001+ISO14001,0,0
224,APAC,4100.69,65.75,4,37.0,1,0.0,826,4.04,0.042,0.023,18,92.69,ISO9001,1,0
224,APAC,4100.69,65.75,4,32.49,0,5.33,821,4.94,0.032,0.02,15,63.28,ISO9001,1,0
224,APAC,4100.69,65.75,4,33.95,1,0.0,890,5.54,0.059,0.015,15,65.99,ISO9001,1,0
224,APAC,4100.69,65.75,4,32.36,1,0.0,1172,4.92,0.054,0.0,0,73.54,ISO9001,0,0
224,APAC,4100.69,65.75,4,28.4,1,0.0,1056,5.28,0.0,0.015,18,72.42,ISO9001,1,0
224,APAC,4100.69,65.75,4,33.82,1,0.0,1170,4.19,0.037,0.018,23,90.47,ISO9001,1,0
224,APAC,4100.69,65.75,4,39.5,1,0.0,1391,5.41,0.021,0.01,16,76.21,None,0,0
224,APAC,4100.69,65.75,4,32.4,0,8.23,1216,5.4,0.048,0.015,25,80.41,ISO9001,0,0
224,APAC,4100.69,65.75,4,35.95,1,0.0,1123,4.82,0.058,0.015,12,98.54,ISO9001,1,0
224,APAC,4100.69,65.75,4,38.49,1,0.0,640,4.99,0.029,0.008,4,75.18,None,0,0
224,APAC,4100.69,65.75,4,31.02,1,0.0,891,5.72,0.004,0.015,12,71.09,ISO9001+ISO14001,0,0
224,APAC,4100.69,65.75,4,27.39,1,0.0,1553,4.9,0.035,0.03,52,70.65,ISO9001,0,0
224,APAC,4100.69,65.75,4,34.09,1,0.0,1367,5.73,0.007,0.006,15,87.31,ISO9001,0,0
224,APAC,4100.69,65.75,4,36.65,0,6.92,788,4.52,0.033,0.038,44,77.49,None,0,0
224,APAC,4100.69,65.75,4,37.16,1,0.0,1183,4.31,0.049,0.006,8,69.69,None,0,0
224,APAC,4100.69,65.75,4,32.22,1,0.0,1078,5.33,0.045,0.0,0,76.57,ISO9001,0,0
224,APAC,4100.69,65.75,4,33.81,1,0.0,1587,4.82,0.027,0.004,9,56.61,ISO9001+ISO14001,1,0
224,APAC,4100.69,65.75,4,34.86,1,0.0,759,4.24,0.069,0.023,17,70.53,ISO9001,0,0
224,APAC,4100.69,65.75,4,30.7,1,0.0,529,4.69,0.032,0.038,27,81.5,ISO9001+ISO14001,1,0
224,APAC,4100.69,65.75,4,30.38,1,0.0,959,5.43,0.062,0.022,20,86.0,ISO9001,1,0
224,APAC,4100.69,65.75,4,32.93,1,0.0,817,4.62,0.068,0.013,11,73.05,ISO9001,1,0
224,APAC,4100.69,65.75,4,29.35,1,0.0,1143,4.93,0.029,0.023,22,78.28,ISO9001,0,0
224,APAC,4100.69,65.75,4,37.63,1,0.0,901,4.61,0.042,0.013,4,64.95,ISO9001,1,0
224,APAC,4100.69,65.75,4,35.39,1,0.0,858,3.5,0.034,0.025,15,73.71,ISO9001,1,0
224,APAC,4100.69,65.75,4,33.17,1,0.0,1009,4.12,0.053,0.026,29,72.08,ISO9001,1,0
224,APAC,4100.69,65.75,4,35.86,1,0.0,1282,5.2,0.041,0.022,38,93.6,ISO9001+ISO14001,0,0
224,APAC,4100.69,65.75,4,31.53,1,0.0,965,4.19,0.045,0.046,49,90.8,None,0,0
224,APAC,4100.69,65.75,4,33.31,1,0.0,618,4.49,0.021,0.041,22,63.95,None,1,0
224,APAC,4100.69,65.75,4,30.93,1,0.0,1253,5.35,0.053,0.025,33,74.49,ISO9001,1,0
224,APAC,4100.69,65.75,4,31.06,1,0.0,776,5.21,0.036,0.011,8,72.51,ISO9001,0,0
224,APAC,4100.69,65.75,4,36.97,1,0.0,1050,4.83,0.009,0.024,34,82.44,ISO9001+ISO14001,0,0
224,APAC,4100.69,65.75,4,36.02,1,0.0,1093,4.77,0.062,0.019,15,81.43,ISO9001,1,0
224,APAC,4100.69,65.75,4,36.42,1,0.0,1248,5.01,0.043,0.019,20,82.9,None,0,0
224,APAC,4100.69,65.75,4,35.11,1,0.0,806,5.66,0.027,0.015,10,71.12,ISO9001,0,0
224,APAC,4100.69,65.75,4,32.03,1,0.0,912,5.44,0.051,0.013,7,87.31,None,0,0
224,APAC,4100.69,65.75,4,34.06,1,0.0,1552,4.92,0.06,0.032,53,72.81,ISO9001,1,0
224,APAC,4100.69,65.75,4,31.59,1,0.0,1062,5.59,0.038,0.012,9,61.65,ISO9001+ISO14001,1,0
224,APAC,4100.69,65.75,4,37.39,1,0.0,992,5.64,0.024,0.005,7,83.34,ISO9001+ISO14001,1,0
224,APAC,4100.69,65.75,4,34.04,1,0.0,1046,5.02,0.037,0.016,15,73.67,ISO9001,1,0
225,AMER,1004.63,76.63,4,22.87,1,0.0,770,4.65,0.059,0.01,10,86.63,ISO9001,0,0
225,AMER,1004.63,76.63,4,26.72,1,0.0,871,5.89,0.025,0.015,9,91.26,ISO9001,1,0
225,AMER,1004.63,76.63,4,20.63,1,0.0,887,4.74,0.049,0.013,12,73.17,ISO9001,1,0
225,AMER,1004.63,76.63,4,21.5,1,0.0,1030,5.86,0.007,0.015,14,85.58,ISO9001,0,0
225,AMER,1004.63,76.63,4,19.26,0,4.8,1184,5.66,0.015,0.029,24,58.61,ISO9001,1,0
225,AMER,1004.63,76.63,4,18.24,1,0.0,1148,4.32,0.019,0.017,21,86.6,None,0,0
225,AMER,1004.63,76.63,4,20.7,1,0.0,1349,4.87,0.03,0.008,9,56.98,None,0,0
225,AMER,1004.63,76.63,4,23.46,1,0.0,863,4.69,0.035,0.02,12,72.94,ISO9001,0,0
225,AMER,1004.63,76.63,4,25.6,1,0.0,1081,4.8,0.013,0.019,18,76.79,None,0,0
225,AMER,1004.63,76.63,4,18.38,1,0.0,1276,4.79,0.038,0.01,13,74.91,ISO9001,0,0
225,AMER,1004.63,76.63,4,20.66,1,0.0,1096,5.05,0.029,0.029,33,59.68,ISO9001+ISO14001,1,0
225,AMER,1004.63,76.63,4,21.35,1,0.0,840,4.9,0.039,0.026,22,84.32,None,0,0
225,AMER,1004.63,76.63,4,21.04,1,0.0,948,5.37,0.037,0.009,13,70.09,ISO9001+ISO14001,0,0
225,AMER,1004.63,76.63,4,22.27,1,0.0,1003,4.81,0.005,0.023,24,98.17,ISO9001,1,0
225,AMER,1004.63,76.63,4,26.36,1,0.0,1253,5.27,0.026,0.025,37,99.0,ISO9001+ISO14001,1,0
225,AMER,1004.63,76.63,4,17.11,1,0.0,1095,3.33,0.007,0.012,13,54.92,ISO9001+ISO14001,1,0
225,AMER,1004.63,76.63,4,19.76,1,0.0,860,4.65,0.039,0.008,7,84.48,ISO9001,0,0
225,AMER,1004.63,76.63,4,21.2,1,0.0,1175,5.19,0.0,0.005,1,83.15,ISO9001+ISO14001,1,0
225,AMER,1004.63,76.63,4,22.87,1,0.0,1105,5.04,0.047,0.019,23,82.58,ISO9001,0,0
225,AMER,1004.63,76.63,4,23.89,1,0.0,746,5.13,0.018,0.029,21,72.15,None,0,0
225,AMER,1004.63,76.63,4,24.61,1,0.0,1123,5.18,0.032,0.013,13,64.41,ISO9001,1,0
225,AMER,1004.63,76.63,4,20.31,1,0.0,1562,5.67,0.031,0.027,39,91.14,None,0,0
225,AMER,1004.63,76.63,4,19.84,1,0.0,1053,5.04,0.02,0.005,11,72.82,ISO9001+ISO14001,1,0
225,AMER,1004.63,76.63,4,21.69,1,0.0,711,4.63,0.067,0.005,6,77.72,ISO9001,1,0
225,AMER,1004.63,76.63,4,15.92,1,0.0,490,4.9,0.086,0.013,8,69.39,None,0,0
225,AMER,1004.63,76.63,4,22.45,1,0.0,589,4.91,0.035,0.035,16,91.06,None,1,0
225,AMER,1004.63,76.63,4,25.05,1,0.0,659,5.71,0.0,0.034,31,83.5,None,0,0
225,AMER,1004.63,76.63,4,20.74,1,0.0,1299,4.72,0.044,0.026,35,85.33,ISO9001,1,0
225,AMER,1004.63,76.63,4,16.4,1,0.0,1028,4.16,0.016,0.0,0,79.22,None,0,0
225,AMER,1004.63,76.63,4,16.9,1,0.0,1008,4.27,0.049,0.005,9,58.88,ISO9001+ISO14001,1,0
225,AMER,1004.63,76.63,4,15.9,1,0.0,961,4.82,0.041,0.021,16,92.07,ISO9001,1,0
225,AMER,1004.63,76.63,4,17.83,1,0.0,1115,5.13,0.053,0.0,0,81.45,ISO9001+ISO14001,0,0
225,AMER,1004.63,76.63,4,24.2,1,0.0,1233,4.35,0.043,0.0,0,68.38,ISO9001,1,0
225,AMER,1004.63,76.63,4,28.7,0,6.91,1288,4.76,0.039,0.028,29,98.57,ISO9001,0,0
225,AMER,1004.63,76.63,4,20.96,1,0.0,946,4.88,0.003,0.012,10,77.5,ISO9001,1,0
225,AMER,1004.63,76.63,4,16.05,1,0.0,1024,5.63,0.025,0.0,0,53.27,ISO9001,1,0
225,AMER,1004.63,76.63,4,19.7,1,0.0,797,4.54,0.033,0.02,15,77.13,ISO9001,0,0
225,AMER,1004.63,76.63,4,23.42,1,0.0,971,5.22,0.01,0.032,39,72.66,None,0,0
225,AMER,1004.63,76.63,4,20.71,1,0.0,925,5.28,0.014,0.005,4,75.53,ISO9001,0,0
225,AMER,1004.63,76.63,4,19.46,1,0.0,1166,4.63,0.036,0.033,53,75.07,None,0,0
225,AMER,1004.63,76.63,4,19.17,1,0.0,846,5.81,0.054,0.019,13,67.02,ISO9001,0,0
225,AMER,1004.63,76.63,4,20.56,1,0.0,788,3.99,0.0,0.021,24,80.48,ISO9001,0,0
225,AMER,1004.63,76.63,4,21.07,1,0.0,1790,5.16,0.031,0.028,47,92.02,None,0,0
225,AMER,1004.63,76.63,4,25.63,1,0.0,1070,4.54,0.007,0.027,28,78.58,ISO9001,0,0
225,AMER,1004.63,76.63,4,18.94,1,0.0,751,4.12,0.034,0.03,22,82.87,ISO9001,1,0
225,AMER,1004.63,76.63,4,19.38,1,0.0,1234,4.27,0.04,0.022,23,88.9,ISO9001,0,0
225,AMER,1004.63,76.63,4,23.25,1,0.0,911,5.06,0.0,0.018,13,72.92,ISO9001+ISO14001,1,0
225,AMER,1004.63,76.63,4,19.79,1,0.0,1107,5.89,0.027,0.009,13,78.06,ISO9001+ISO14001,1,0
225,AMER,1004.63,76.63,4,18.32,1,0.0,1159,6.43,0.039,0.011,13,73.53,ISO9001,1,0
225,AMER,1004.63,76.63,4,24.17,1,0.0,966,5.33,0.006,0.005,5,71.77,ISO9001,0,0
225,AMER,1004.63,76.63,4,20.83,1,0.0,502,4.78,0.048,0.015,6,89.58,ISO9001+ISO14001,0,0
225,AMER,1004.63,76.63,4,23.07,1,0.0,1084,5.93,0.051,0.024,25,72.25,ISO9001,1,0
225,AMER,1004.63,76.63,4,15.64,1,0.0,1135,5.62,0.026,0.007,7,72.2,ISO9001,1,0
225,AMER,1004.63,76.63,4,25.92,1,0.0,1066,4.42,0.035,0.006,6,72.87,ISO9001,0,0
225,AMER,1004.63,76.63,4,26.61,1,0.0,780,5.06,0.048,0.028,23,57.03,ISO9001,0,0
225,AMER,1004.63,76.63,4,23.39,1,0.0,830,4.6,0.029,0.021,22,75.93,ISO9001,1,0
225,AMER,1004.63,76.63,4,18.11,1,0.0,1120,3.84,0.07,0.01,9,56.59,None,0,0
225,AMER,1004.63,76.63,4,15.03,1,0.0,958,5.37,0.038,0.026,20,80.71,ISO9001,1,0
225,AMER,1004.63,76.63,4,22.58,1,0.0,1037,4.81,0.044,0.01,13,63.09,ISO9001,1,0
226,EMEA,3030.53,77.28,9,27.73,1,0.0,954,5.25,0.001,0.015,13,64.94,ISO9001,0,0
226,EMEA,3030.53,77.28,9,30.41,1,0.0,1268,4.19,0.056,0.029,46,77.82,ISO9001,1,0
226,EMEA,3030.53,77.28,9,31.47,1,0.0,1024,5.93,0.021,0.016,18,88.36,None,0,0
226,EMEA,3030.53,77.28,9,29.16,0,2.93,1170,4.51,0.017,0.015,14,80.96,ISO9001,0,0
226,EMEA,3030.53,77.28,9,30.77,1,0.0,1320,4.58,0.031,0.004,2,58.4,ISO9001+ISO14001,1,0
226,EMEA,3030.53,77.28,9,27.1,1,0.0,687,6.31,0.036,0.006,4,80.37,ISO9001,1,0
226,EMEA,3030.53,77.28,9,29.53,1,0.0,1164,5.4,0.042,0.023,31,73.03,None,0,0
226,EMEA,3030.53,77.28,9,31.08,1,0.0,1098,5.41,0.05,0.018,24,71.7,None,0,0
226,EMEA,3030.53,77.28,9,32.68,1,0.0,995,4.54,0.051,0.019,4,85.58,ISO9001,0,0
226,EMEA,3030.53,77.28,9,26.39,1,0.0,925,4.51,0.015,0.034,37,67.93,None,1,0
226,EMEA,3030.53,77.28,9,27.61,1,0.0,929,5.33,0.018,0.013,14,62.75,ISO9001,0,0
226,EMEA,3030.53,77.28,9,34.81,1,0.0,733,3.9,0.006,0.027,15,71.51,ISO9001,1,0
226,EMEA,3030.53,77.28,9,28.7,1,0.0,1110,4.82,0.06,0.027,35,60.97,ISO9001,0,0
226,EMEA,3030.53,77.28,9,32.95,1,0.0,982,4.92,0.056,0.025,26,51.74,ISO9001,1,0
226,EMEA,3030.53,77.28,9,30.96,1,0.0,1217,4.77,0.029,0.016,19,92.4,ISO9001,0,0
226,EMEA,3030.53,77.28,9,32.21,1,0.0,720,5.25,0.061,0.023,9,75.85,ISO9001,0,0
226,EMEA,3030.53,77.28,9,28.04,1,0.0,489,4.84,0.033,0.026,13,65.85,None,1,0
226,EMEA,3030.53,77.28,9,32.71,1,0.0,675,4.93,0.03,0.015,9,74.49,ISO9001,0,0
226,EMEA,3030.53,77.28,9,28.4,1,0.0,593,5.29,0.071,0.009,4,82.47,ISO9001+ISO14001,1,0
226,EMEA,3030.53,77.28,9,34.18,1,0.0,526,5.16,0.051,0.032,17,96.43,ISO9001,0,0
226,EMEA,3030.53,77.28,9,28.49,1,0.0,847,4.21,0.029,0.008,8,80.6,ISO9001,1,0
227,AMER,1381.79,64.03,6,23.21,1,0.0,1203,4.51,0.031,0.0,0,89.9,None,0,0
227,AMER,1381.79,64.03,6,27.29,1,0.0,1306,5.21,0.048,0.014,15,87.75,None,1,0
227,AMER,1381.79,64.03,6,24.92,0,3.0,1134,5.53,0.018,0.036,46,65.96,ISO9001,0,0
227,AMER,1381.79,64.03,6,22.31,1,0.0,768,4.58,0.0,0.014,11,92.36,ISO9001+ISO14001,1,0
227,AMER,1381.79,64.03,6,23.26,1,0.0,575,5.07,0.055,0.013,5,75.24,None,0,0
227,AMER,1381.79,64.03,6,27.42,1,0.0,1028,5.22,0.0,0.008,10,68.63,ISO9001,1,0
227,AMER,1381.79,64.03,6,25.11,0,4.33,955,4.01,0.051,0.007,8,63.21,ISO9001,0,0
227,AMER,1381.79,64.03,6,21.78,1,0.0,994,5.89,0.031,0.024,29,65.54,ISO9001+ISO14001,1,0
227,AMER,1381.79,64.03,6,20.2,0,3.85,771,5.31,0.026,0.0,0,72.74,ISO9001,0,0
227,AMER,1381.79,64.03,6,26.49,1,0.0,1272,5.35,0.0,0.0,0,92.26,None,0,0
227,AMER,1381.79,64.03,6,32.43,1,0.0,1091,5.35,0.014,0.005,3,71.22,ISO9001+ISO14001,0,0
227,AMER,1381.79,64.03,6,19.73,1,0.0,1238,4.07,0.025,0.013,17,82.38,ISO9001,1,0
227,AMER,1381.79,64.03,6,30.54,1,0.0,1331,5.61,0.06,0.015,30,84.97,None,0,0
227,AMER,1381.79,64.03,6,23.73,1,0.0,941,5.21,0.074,0.013,15,76.01,None,0,0
227,AMER,1381.79,64.03,6,22.35,1,0.0,1553,4.81,0.018,0.018,24,74.53,ISO9001,1,0
227,AMER,1381.79,64.03,6,26.28,1,0.0,671,4.75,0.068,0.017,15,77.5,ISO9001+ISO14001,1,0
227,AMER,1381.79,64.03,6,21.92,1,0.0,960,5.96,0.034,0.014,12,90.63,ISO9001,0,0
227,AMER,1381.79,64.03,6,23.3,1,0.0,977,5.22,0.033,0.003,5,74.7,None,0,0
227,AMER,1381.79,64.03,6,24.58,1,0.0,1168,4.85,0.022,0.023,28,72.68,ISO9001,1,0
227,AMER,1381.79,64.03,6,26.21,1,0.0,1257,3.51,0.039,0.012,13,76.2,ISO9001,0,0
227,AMER,1381.79,64.03,6,22.75,1,0.0,1189,5.73,0.03,0.004,9,78.93,ISO9001,0,0
227,AMER,1381.79,64.03,6,24.85,0,7.57,1009,5.62,0.018,0.008,6,88.06,ISO9001,0,0
227,AMER,1381.79,64.03,6,24.33,1,0.0,829,4.41,0.03,0.012,7,73.27,None,0,0
227,AMER,1381.79,64.03,6,25.79,1,0.0,999,5.23,0.037,0.01,13,64.17,ISO9001,0,0
227,AMER,1381.79,64.03,6,22.7,1,0.0,897,5.61,0.029,0.029,33,76.19,ISO9001,1,0
227,AMER,1381.79,64.03,6,20.24,1,0.0,900,4.8,0.013,0.009,11,79.62,ISO9001,1,0
227,AMER,1381.79,64.03,6,23.87,1,0.0,672,4.66,0.02,0.027,22,78.02,None,0,0
227,AMER,1381.79,64.03,6,20.29,1,0.0,1150,4.36,0.011,0.004,7,60.22,ISO9001,0,0
227,AMER,1381.79,64.03,6,21.85,1,0.0,939,5.6,0.023,0.025,23,64.44,None,0,0
227,AMER,1381.79,64.03,6,18.53,1,0.0,1123,3.92,0.052,0.003,5,84.8,ISO9001,1,0
227,AMER,1381.79,64.03,6,18.54,1,0.0,1132,4.36,0.0,0.007,7,85.45,None,0,0
227,AMER,1381.79,64.03,6,18.74,1,0.0,1283,4.78,0.07,0.013,12,77.69,ISO9001,1,0
227,AMER,1381.79,64.03,6,18.93,1,0.0,796,4.83,0.037,0.014,7,68.76,ISO9001,1,0
228,APAC,4016.8,98.57,8,31.62,1,0.0,610,5.11,0.0,0.019,9,59.46,None,0,0
228,APAC,4016.8,98.57,8,35.27,1,0.0,1062,5.2,0.062,0.011,15,85.43,None,0,0
228,APAC,4016.8,98.57,8,31.57,1,0.0,592,4.89,0.041,0.007,9,75.29,ISO9001,1,0
228,APAC,4016.8,98.57,8,32.73,1,0.0,1165,4.37,0.054,0.014,16,92.89,ISO9001,1,0
228,APAC,4016.8,98.57,8,30.11,1,0.0,1129,4.56,0.007,0.007,6,74.13,ISO9001,1,0
228,APAC,4016.8,98.57,8,32.9,1,0.0,1354,4.52,0.028,0.012,16,90.87,ISO9001,1,0
228,APAC,4016.8,98.57,8,42.4,1,0.0,1002,5.97,0.022,0.008,8,84.85,ISO9001,0,0
228,APAC,4016.8,98.57,8,31.89,1,0.0,1550,4.61,0.052,0.028,45,83.35,ISO9001,0,0
228,APAC,4016.8,98.57,8,35.11,0,7.75,1807,4.84,0.024,0.026,43,81.35,ISO9001+ISO14001,1,0
228,APAC,4016.8,98.57,8,32.14,1,0.0,1182,4.39,0.047,0.026,29,76.62,ISO9001,1,0
228,APAC,4016.8,98.57,8,34.71,1,0.0,955,5.2,0.02,0.021,17,75.67,ISO9001+ISO14001,1,0
228,APAC,4016.8,98.57,8,32.22,1,0.0,733,4.53,0.0,0.021,10,62.07,ISO9001,0,0
228,APAC,4016.8,98.57,8,35.57,1,0.0,939,4.69,0.048,0.012,15,72.51,ISO9001,0,0
228,APAC,4016.8,98.57,8,34.47,1,0.0,1121,5.37,0.05,0.0,0,66.87,None,0,0
228,APAC,4016.8,98.57,8,34.67,1,0.0,721,4.67,0.027,0.035,22,92.17,ISO9001,1,0
228,APAC,4016.8,98.57,8,35.6,1,0.0,910,3.96,0.017,0.029,39,71.67,None,0,0
228,APAC,4016.8,98.57,8,32.04,1,0.0,1579,5.67,0.03,0.035,64,75.89,None,0,0
228,APAC,4016.8,98.57,8,36.1,1,0.0,823,6.07,0.017,0.013,11,67.8,ISO9001+ISO14001,0,0
228,APAC,4016.8,98.57,8,37.75,0,10.75,943,5.39,0.034,0.0,0,76.57,ISO9001,0,0
228,APAC,4016.8,98.57,8,35.83,0,9.43,769,4.53,0.046,0.024,16,88.83,ISO9001,0,0
228,APAC,4016.8,98.57,8,32.47,1,0.0,777,3.73,0.02,0.007,9,83.62,ISO9001,1,0
228,APAC,4016.8,98.57,8,30.36,1,0.0,667,5.39,0.039,0.025,23,84.9,ISO9001+ISO14001,1,0
228,APAC,4016.8,98.57,8,34.83,0,6.67,1093,5.11,0.0,0.012,15,93.87,ISO9001,1,0
228,APAC,4016.8,98.57,8,31.93,1,0.0,1070,5.64,0.012,0.019,21,87.88,ISO9001+ISO14001,1,0
228,APAC,4016.8,98.57,8,33.5,1,0.0,694,5.21,0.023,0.009,7,59.54,None,0,0
228,APAC,4016.8,98.57,8,34.43,1,0.0,1368,4.07,0.032,0.016,14,100.0,None,0,0
228,APAC,4016.8,98.57,8,40.4,1,0.0,894,3.98,0.022,0.015,10,94.6,ISO9001,1,0
228,APAC,4016.8,98.57,8,31.26,1,0.0,1063,4.5,0.059,0.03,26,67.27,ISO9001+ISO14001,1,0
228,APAC,4016.8,98.57,8,37.12,1,0.0,1247,5.3,0.039,0.031,41,83.04,ISO9001,1,0
228,APAC,4016.8,98.57,8,30.62,0,4.15,1106,4.38,0.038,0.007,8,90.88,None,1,0
228,APAC,4016.8,98.57,8,29.25,1,0.0,631,4.96,0.039,0.024,16,79.89,ISO9001+ISO14001,0,0
228,APAC,4016.8,98.57,8,31.09,1,0.0,974,5.9,0.0,0.009,8,68.52,ISO9001,0,0
228,APAC,4016.8,98.57,8,31.9,1,0.0,1608,5.06,0.044,0.021,40,82.01,ISO9001,1,0
228,APAC,4016.8,98.57,8,30.43,1,0.0,1068,4.91,0.014,0.028,36,83.46,ISO9001,1,0
228,APAC,4016.8,98.57,8,34.57,1,0.0,754,4.83,0.034,0.021,17,71.83,ISO9001+ISO14001,1,0
228,APAC,4016.8,98.57,8,31.59,1,0.0,912,4.86,0.055,0.023,24,88.6,None,0,0
228,APAC,4016.8,98.57,8,31.63,1,0.0,680,4.05,0.041,0.02,11,83.5,ISO9001,1,0
228,APAC,4016.8,98.57,8,30.83,1,0.0,908,4.55,0.051,0.019,15,79.39,ISO9001,1,0
228,APAC,4016.8,98.57,8,29.31,1,0.0,1088,5.02,0.034,0.01,15,89.78,ISO9001+ISO14001,1,0
228,APAC,4016.8,98.57,8,28.49,1,0.0,1005,4.59,0.066,0.021,17,82.83,ISO9001,1,0
228,APAC,4016.8,98.57,8,37.29,1,0.0,848,5.04,0.022,0.027,28,96.58,ISO9001+ISO14001,1,0
228,APAC,4016.8,98.57,8,33.81,1,0.0,1595,4.86,0.0,0.01,19,82.24,ISO9001,0,0
228,APAC,4016.8,98.57,8,40.35,1,0.0,1209,4.21,0.019,0.022,23,83.67,ISO9001,1,0
228,APAC,4016.8,98.57,8,33.14,1,0.0,1013,4.33,0.045,0.019,18,47.1,ISO9001,1,0
228,APAC,4016.8,98.57,8,36.46,1,0.0,789,5.2,0.036,0.024,17,72.66,ISO9001+ISO14001,1,0
228,APAC,4016.8,98.57,8,36.65,1,0.0,1024,5.37,0.006,0.026,24,64.37,ISO9001,1,0
228,APAC,4016.8,98.57,8,39.12,1,0.0,922,4.38,0.019,0.01,10,62.18,None,0,0
228,APAC,4016.8,98.57,8,29.3,1,0.0,1281,4.72,0.017,0.03,48,64.73,None,0,0
228,APAC,4016.8,98.57,8,28.12,1,0.0,1146,3.88,0.024,0.024,25,69.9,ISO9001,1,0
228,APAC,4016.8,98.57,8,34.75,1,0.0,782,5.9,0.026,0.02,15,79.69,ISO9001,1,0
228,APAC,4016.8,98.57,8,34.33,1,0.0,1010,5.02,0.019,0.015,19,69.83,ISO9001,1,0
228,APAC,4016.8,98.57,8,37.89,1,0.0,1014,5.16,0.06,0.022,21,62.58,ISO9001,1,0
228,APAC,4016.8,98.57,8,29.91,1,0.0,1086,4.73,0.037,0.012,14,80.69,ISO9001+ISO14001,1,0
228,APAC,4016.8,98.57,8,33.3,0,7.84,612,4.82,0.071,0.017,9,76.24,None,0,0
228,APAC,4016.8,98.57,8,34.9,1,0.0,1188,4.7,0.024,0.016,20,77.08,ISO9001,1,0
228,APAC,4016.8,98.57,8,31.95,1,0.0,979,4.03,0.049,0.007,5,78.88,ISO9001,1,0
228,APAC,4016.8,98.57,8,39.9,1,0.0,975,3.39,0.076,0.03,33,85.16,ISO9001,0,0
229,AMER,688.11,67.03,1,24.75,1,0.0,1189,4.78,0.06,0.026,24,68.01,ISO9001+ISO14001,0,0
229,AMER,688.11,67.03,1,26.39,1,0.0,819,6.23,0.015,0.024,18,80.95,None,0,0
229,AMER,688.11,67.03,1,20.61,0,1.0,1129,4.7,0.046,0.021,18,75.29,None,1,0
229,AMER,688.11,67.03,1,19.86,0,4.89,682,5.35,0.052,0.025,14,72.41,None,0,0
229,AMER,688.11,67.03,1,18.53,1,0.0,867,5.03,0.027,0.034,22,61.52,ISO9001,0,0
229,AMER,688.11,67.03,1,22.64,0,3.12,1013,5.07,0.019,0.035,33,64.23,None,0,0
229,AMER,688.11,67.03,1,23.83,1,0.0,1018,5.16,0.05,0.032,30,74.59,ISO9001+ISO14001,1,0
229,AMER,688.11,67.03,1,17.79,0,4.14,1295,3.97,0.044,0.042,68,62.16,ISO9001,1,0
229,AMER,688.11,67.03,1,22.23,1,0.0,1082,5.17,0.071,0.043,44,70.51,ISO9001,0,0
229,AMER,688.11,67.03,1,21.67,1,0.0,489,5.65,0.029,0.026,15,94.55,ISO9001,0,0
229,AMER,688.11,67.03,1,20.0,0,4.04,1593,5.22,0.054,0.024,34,80.25,ISO9001+ISO14001,1,0
229,AMER,688.11,67.03,1,15.35,1,0.0,1313,4.38,0.051,0.024,23,67.96,None,0,0
229,AMER,688.11,67.03,1,22.06,0,6.47,670,5.36,0.062,0.039,23,79.39,ISO9001,0,0
229,AMER,688.11,67.03,1,20.08,1,0.0,633,5.41,0.007,0.026,9,76.15,ISO9001,1,0
229,AMER,688.11,67.03,1,26.14,1,0.0,1647,5.12,0.061,0.033,71,55.98,ISO9001,1,0
229,AMER,688.11,67.03,1,23.26,1,0.0,1246,5.25,0.027,0.035,44,65.88,ISO9001,0,0
229,AMER,688.11,67.03,1,22.88,1,0.0,1068,5.77,0.049,0.007,6,83.07,ISO9001+ISO14001,0,0
229,AMER,688.11,67.03,1,22.41,1,0.0,1396,5.03,0.047,0.021,34,97.61,None,0,0
229,AMER,688.11,67.03,1,21.21,1,0.0,729,5.23,0.024,0.034,21,76.46,ISO9001,1,0
229,AMER,688.11,67.03,1,25.25,0,8.02,805,5.17,0.023,0.039,30,73.75,ISO9001,0,0
229,AMER,688.11,67.03,1,17.44,1,0.0,760,4.57,0.043,0.033,19,56.63,ISO9001+ISO14001,1,0
229,AMER,688.11,67.03,1,13.74,1,0.0,1052,3.98,0.052,0.044,49,71.86,None,0,0
229,AMER,688.11,67.03,1,19.05,1,0.0,835,4.85,0.044,0.023,16,78.02,ISO9001+ISO14001,1,0
229,AMER,688.11,67.03,1,22.18,1,0.0,1198,5.39,0.044,0.022,25,76.88,None,1,0
229,AMER,688.11,67.03,1,19.86,1,0.0,800,5.44,0.003,0.032,25,67.8,ISO9001,1,0
229,AMER,688.11,67.03,1,22.67,1,0.0,1010,3.34,0.009,0.023,21,62.83,ISO9001,0,0
229,AMER,688.11,67.03,1,22.55,1,0.0,616,4.28,0.042,0.028,14,74.65,None,0,0
229,AMER,688.11,67.03,1,22.47,1,0.0,334,5.29,0.045,0.028,4,39.72,ISO9001,0,0
230,EMEA,2752.26,67.84,6,32.46,1,0.0,494,5.56,0.04,0.03,19,84.29,ISO9001,1,0
230,EMEA,2752.26,67.84,6,32.56,1,0.0,1249,5.25,0.0,0.031,39,70.97,ISO9001,1,0
230,EMEA,2752.26,67.84,6,26.98,0,7.4,611,4.97,0.016,0.021,14,75.61,None,0,0
230,EMEA,2752.26,67.84,6,25.24,1,0.0,1100,4.88,0.018,0.016,21,91.8,ISO9001,1,0
230,EMEA,2752.26,67.84,6,30.95,1,0.0,1029,4.3,0.075,0.0,0,70.02,ISO9001,0,0
230,EMEA,2752.26,67.84,6,23.58,1,0.0,483,4.4,0.052,0.01,7,94.8,ISO9001+ISO14001,1,0
230,EMEA,2752.26,67.84,6,31.03,1,0.0,1381,5.8,0.024,0.019,25,87.2,None,0,0
230,EMEA,2752.26,67.84,6,29.59,1,0.0,956,4.2,0.042,0.005,5,66.61,ISO9001,0,0
230,EMEA,2752.26,67.84,6,29.55,1,0.0,1105,5.44,0.061,0.022,20,62.86,ISO9001+ISO14001,1,0
230,EMEA,2752.26,67.84,6,26.36,1,0.0,574,5.22,0.041,0.016,6,91.92,ISO9001,1,0
230,EMEA,2752.26,67.84,6,24.98,1,0.0,624,4.35,0.042,0.011,4,77.44,None,0,0
230,EMEA,2752.26,67.84,6,30.96,1,0.0,1303,5.59,0.027,0.031,37,90.44,None,1,0
230,EMEA,2752.26,67.84,6,23.65,1,0.0,1358,4.42,0.029,0.027,47,49.9,ISO9001,1,0
230,EMEA,2752.26,67.84,6,32.6,1,0.0,792,3.18,0.006,0.0,0,67.81,ISO9001,1,0
230,EMEA,2752.26,67.84,6,25.09,1,0.0,698,4.54,0.0,0.025,17,86.63,ISO9001,0,0
231,AMER,645.11,80.72,2,23.03,1,0.0,1006,4.13,0.048,0.032,33,74.53,None,0,0
231,AMER,645.11,80.72,2,12.4,1,0.0,1359,5.64,0.021,0.021,33,87.92,ISO9001+ISO14001,0,0
231,AMER,645.11,80.72,2,20.9,1,0.0,1059,5.8,0.018,0.015,20,79.35,None,0,0
231,AMER,645.11,80.72,2,20.62,1,0.0,1507,5.27,0.04,0.02,36,75.04,None,0,0
231,AMER,645.11,80.72,2,19.78,1,0.0,1082,4.28,0.039,0.018,21,70.43,None,0,0
231,AMER,645.11,80.72,2,17.8,1,0.0,923,3.83,0.077,0.021,16,79.3,ISO9001,1,0
231,AMER,645.11,80.72,2,24.98,1,0.0,917,5.89,0.058,0.003,5,73.73,ISO9001,1,0
231,AMER,645.11,80.72,2,18.58,1,0.0,796,5.02,0.053,0.013,12,65.61,ISO9001,0,0
231,AMER,645.11,80.72,2,21.37,1,0.0,783,4.75,0.011,0.024,18,75.44,ISO9001+ISO14001,1,0
231,AMER,645.11,80.72,2,13.12,1,0.0,767,6.06,0.001,0.018,16,79.69,ISO9001,1,0
231,AMER,645.11,80.72,2,24.77,1,0.0,1107,5.43,0.018,0.031,41,100.0,ISO9001+ISO14001,1,0
231,AMER,645.11,80.72,2,19.9,1,0.0,951,4.95,0.041,0.019,17,59.68,ISO9001+ISO14001,1,0
231,AMER,645.11,80.72,2,20.11,1,0.0,1183,5.18,0.059,0.038,33,82.6,ISO9001+ISO14001,1,0
231,AMER,645.11,80.72,2,20.69,1,0.0,922,4.87,0.005,0.017,21,77.19,None,0,0
231,AMER,645.11,80.72,2,18.51,1,0.0,1122,4.59,0.032,0.018,21,79.81,None,0,0
231,AMER,645.11,80.72,2,20.69,1,0.0,837,5.53,0.0,0.019,17,72.25,None,0,0
231,AMER,645.11,80.72,2,22.45,1,0.0,1123,6.06,0.027,0.019,22,74.92,ISO9001,1,0
231,AMER,645.11,80.72,2,25.57,1,0.0,1325,4.05,0.07,0.016,24,78.33,ISO9001,0,0
231,AMER,645.11,80.72,2,17.24,1,0.0,1104,6.04,0.056,0.032,33,80.57,ISO9001,1,0
231,AMER,645.11,80.72,2,18.28,1,0.0,1326,4.45,0.035,0.02,28,73.32,ISO9001,1,0
231,AMER,645.11,80.72,2,17.47,0,2.28,1223,6.33,0.016,0.029,29,85.37,ISO9001,1,0
231,AMER,645.11,80.72,2,19.86,0,4.51,1618,5.22,0.034,0.022,35,62.36,ISO9001,0,0
231,AMER,645.11,80.72,2,22.14,1,0.0,801,4.47,0.043,0.011,8,70.32,ISO9001+ISO14001,1,0
231,AMER,645.11,80.72,2,27.19,1,0.0,943,4.93,0.0,0.0,0,72.11,ISO9001,1,0
231,AMER,645.11,80.72,2,19.36,1,0.0,1041,6.1,0.048,0.032,33,79.11,None,0,0
231,AMER,645.11,80.72,2,20.21,1,0.0,939,5.14,0.04,0.001,1,63.94,ISO9001+ISO14001,1,0
231,AMER,645.11,80.72,2,17.22,1,0.0,1274,5.5,0.006,0.011,10,81.32,ISO9001,1,0
231,AMER,645.11,80.72,2,18.33,1,0.0,1015,5.12,0.032,0.026,30,73.54,ISO9001,0,0
231,AMER,645.11,80.72,2,18.72,1,0.0,718,4.66,0.108,0.001,1,76.27,ISO9001,0,0
231,AMER,645.11,80.72,2,17.61,1,0.0,987,4.61,0.026,0.0,0,66.14,ISO9001,0,0
231,AMER,645.11,80.72,2,16.93,1,0.0,1003,3.55,0.035,0.015,15,80.27,None,0,0
231,AMER,645.11,80.72,2,22.57,1,0.0,1203,5.38,0.076,0.011,12,69.54,None,0,0
231,AMER,645.11,80.72,2,17.52,1,0.0,854,5.09,0.051,0.005,4,86.68,ISO9001,0,0
231,AMER,645.11,80.72,2,17.62,1,0.0,883,4.04,0.031,0.009,10,74.63,ISO9001,1,0
231,AMER,645.11,80.72,2,17.75,1,0.0,767,5.04,0.046,0.017,12,89.33,ISO9001,1,0
231,AMER,645.11,80.72,2,12.6,1,0.0,950,6.08,0.063,0.013,16,74.74,None,0,0
231,AMER,645.11,80.72,2,18.37,1,0.0,1497,5.51,0.049,0.023,45,85.29,None,0,0
231,AMER,645.11,80.72,2,20.05,1,0.0,814,4.86,0.062,0.022,15,86.28,None,0,0
231,AMER,645.11,80.72,2,19.16,1,0.0,750,4.52,0.029,0.025,16,80.82,ISO9001,1,0
231,AMER,645.11,80.72,2,23.07,1,0.0,856,4.98,0.023,0.037,28,74.02,ISO9001,1,0
232,AMER,1804.06,80.85,3,24.35,1,0.0,1178,5.73,0.058,0.005,6,64.31,ISO9001,1,0
232,AMER,1804.06,80.85,3,29.12,1,0.0,967,4.34,0.004,0.025,35,76.77,None,0,0
232,AMER,1804.06,80.85,3,30.44,1,0.0,1287,4.52,0.038,0.007,9,73.16,None,0,0
232,AMER,1804.06,80.85,3,25.76,1,0.0,871,5.4,0.049,0.021,17,71.99,ISO9001,0,0
232,AMER,1804.06,80.85,3,27.83,1,0.0,1177,4.86,0.04,0.037,39,67.84,ISO9001,1,0
232,AMER,1804.06,80.85,3,26.84,1,0.0,1225,4.65,0.024,0.029,30,67.89,ISO9001+ISO14001,1,0
232,AMER,1804.06,80.85,3,26.79,1,0.0,1001,5.76,0.043,0.021,24,69.78,ISO9001,0,0
232,AMER,1804.06,80.85,3,23.14,1,0.0,1192,5.03,0.03,0.039,44,92.07,None,0,0
232,AMER,1804.06,80.85,3,22.58,1,0.0,944,4.92,0.035,0.024,24,71.28,ISO9001+ISO14001,0,0
232,AMER,1804.06,80.85,3,32.67,1,0.0,646,5.44,0.044,0.032,22,77.68,ISO9001,0,0
232,AMER,1804.06,80.85,3,24.03,1,0.0,463,5.51,0.046,0.006,2,74.81,ISO9001,1,0
232,AMER,1804.06,80.85,3,24.67,1,0.0,1560,5.51,0.017,0.025,42,76.81,None,0,0
232,AMER,1804.06,80.85,3,24.74,1,0.0,877,4.08,0.0,0.023,18,61.29,ISO9001,0,0
232,AMER,1804.06,80.85,3,23.79,1,0.0,892,5.08,0.043,0.007,5,81.48,ISO9001,0,0
232,AMER,1804.06,80.85,3,28.84,1,0.0,1339,4.54,0.024,0.034,38,63.46,ISO9001,0,0
232,AMER,1804.06,80.85,3,20.49,1,0.0,1494,5.22,0.072,0.021,28,64.36,ISO9001,1,0
232,AMER,1804.06,80.85,3,25.92,1,0.0,1143,4.25,0.011,0.023,20,79.76,None,0,0
232,AMER,1804.06,80.85,3,23.32,0,3.08,1231,4.92,0.057,0.023,24,74.52,None,0,0
232,AMER,1804.06,80.85,3,25.95,1,0.0,1278,4.48,0.051,0.018,30,69.93,None,0,0
232,AMER,1804.06,80.85,3,34.43,1,0.0,825,4.57,0.0,0.015,18,65.01,None,0,0
232,AMER,1804.06,80.85,3,20.49,0,4.93,741,5.08,0.035,0.017,9,78.54,None,0,0
232,AMER,1804.06,80.85,3,27.53,1,0.0,829,6.32,0.027,0.01,13,79.64,ISO9001+ISO14001,0,0
232,AMER,1804.06,80.85,3,28.58,1,0.0,1510,3.77,0.041,0.043,56,85.64,ISO9001,0,0
232,AMER,1804.06,80.85,3,21.35,1,0.0,882,5.23,0.038,0.024,21,77.8,None,0,0
232,AMER,1804.06,80.85,3,25.27,1,0.0,1326,4.68,0.069,0.02,28,75.04,ISO9001+ISO14001,1,0
232,AMER,1804.06,80.85,3,29.55,1,0.0,974,4.12,0.061,0.027,26,75.54,None,1,0
232,AMER,1804.06,80.85,3,23.89,1,0.0,1059,5.32,0.004,0.007,5,74.74,None,0,0
232,AMER,1804.06,80.85,3,30.32,1,0.0,974,4.41,0.072,0.027,29,75.52,ISO9001,0,0
232,AMER,1804.06,80.85,3,25.5,1,0.0,711,5.04,0.064,0.014,11,87.82,ISO9001,1,0
232,AMER,1804.06,80.85,3,24.13,1,0.0,943,5.59,0.077,0.017,17,88.84,ISO9001,1,0
232,AMER,1804.06,80.85,3,25.17,1,0.0,705,5.89,0.0,0.025,18,76.29,ISO9001,0,0
232,AMER,1804.06,80.85,3,24.07,1,0.0,911,4.46,0.034,0.021,28,74.18,ISO9001,0,0
232,AMER,1804.06,80.85,3,25.69,0,2.68,384,4.21,0.035,0.035,12,69.1,ISO9001+ISO14001,0,0
232,AMER,1804.06,80.85,3,23.64,1,0.0,1322,4.44,0.041,0.0,0,58.18,ISO9001,1,0
232,AMER,1804.06,80.85,3,27.26,1,0.0,1117,5.12,0.021,0.01,10,81.38,ISO9001+ISO14001,1,0
232,AMER,1804.06,80.85,3,27.7,0,6.57,997,5.85,0.05,0.013,6,72.94,None,0,0
232,AMER,1804.06,80.85,3,27.06,1,0.0,1208,5.2,0.031,0.019,29,85.41,ISO9001,1,0
232,AMER,1804.06,80.85,3,30.62,1,0.0,1191,5.57,0.048,0.024,28,84.77,ISO9001,1,0
232,AMER,1804.06,80.85,3,33.19,0,3.14,822,4.85,0.029,0.013,9,68.43,ISO9001,1,0
232,AMER,1804.06,80.85,3,28.68,1,0.0,1217,4.61,0.052,0.011,14,76.53,ISO9001,0,0
232,AMER,1804.06,80.85,3,23.07,1,0.0,1307,4.39,0.024,0.028,41,69.62,ISO9001,1,0
232,AMER,1804.06,80.85,3,19.46,1,0.0,674,5.31,0.066,0.031,24,71.79,ISO9001,1,0
232,AMER,1804.06,80.85,3,18.84,1,0.0,922,5.26,0.028,0.018,15,90.17,None,0,0
232,AMER,1804.06,80.85,3,27.2,1,0.0,992,4.1,0.053,0.013,15,68.8,ISO9001,0,0
232,AMER,1804.06,80.85,3,20.67,1,0.0,1487,5.16,0.053,0.019,30,86.25,ISO9001,1,0
232,AMER,1804.06,80.85,3,23.22,1,0.0,1214,5.51,0.062,0.002,2,58.02,None,0,0
232,AMER,1804.06,80.85,3,21.68,1,0.0,1077,5.51,0.043,0.028,28,72.94,ISO9001,1,0
232,AMER,1804.06,80.85,3,21.9,1,0.0,864,5.28,0.03,0.02,16,85.62,ISO9001,0,0
233,EMEA,2599.06,70.56,10,25.63,1,0.0,1167,5.05,0.056,0.0,0,87.54,ISO9001,1,0
233,EMEA,2599.06,70.56,10,30.74,1,0.0,1447,5.66,0.045,0.002,4,85.25,ISO9001,0,0
233,EMEA,2599.06,70.56,10,31.14,0,8.37,912,5.08,0.044,0.015,12,80.59,ISO9001,0,0
233,EMEA,2599.06,70.56,10,28.72,1,0.0,1271,5.88,0.045,0.019,33,80.02,ISO9001+ISO14001,0,0
233,EMEA,2599.06,70.56,10,27.93,1,0.0,1205,5.64,0.029,0.027,39,75.35,None,0,0
233,EMEA,2599.06,70.56,10,31.97,1,0.0,1223,5.11,0.044,0.002,1,92.91,ISO9001+ISO14001,0,0
233,EMEA,2599.06,70.56,10,29.52,0,9.33,1225,4.73,0.038,0.011,12,76.95,ISO9001,1,0
233,EMEA,2599.06,70.56,10,31.86,1,0.0,407,5.13,0.003,0.021,11,87.44,ISO9001,1,0
233,EMEA,2599.06,70.56,10,33.12,1,0.0,1084,4.62,0.016,0.013,13,75.37,None,0,0
233,EMEA,2599.06,70.56,10,33.65,0,5.71,928,5.45,0.033,0.018,14,86.97,ISO9001,1,0
233,EMEA,2599.06,70.56,10,25.85,1,0.0,1365,4.39,0.014,0.016,15,78.13,ISO9001+ISO14001,0,0
233,EMEA,2599.06,70.56,10,28.64,1,0.0,880,5.0,0.016,0.016,13,95.64,None,0,0
233,EMEA,2599.06,70.56,10,22.34,1,0.0,1120,5.05,0.083,0.013,10,89.82,ISO9001,1,0
233,EMEA,2599.06,70.56,10,29.81,1,0.0,431,5.81,0.064,0.021,8,66.83,ISO9001,1,0
233,EMEA,2599.06,70.56,10,32.28,1,0.0,1032,5.75,0.016,0.017,13,80.6,ISO9001,1,0
233,EMEA,2599.06,70.56,10,30.02,1,0.0,883,4.3,0.038,0.008,8,83.46,ISO9001,0,0
233,EMEA,2599.06,70.56,10,29.67,1,0.0,952,5.14,0.016,0.014,10,82.01,None,0,0
233,EMEA,2599.06,70.56,10,26.12,1,0.0,1052,5.63,0.037,0.036,51,95.29,ISO9001,0,0
233,EMEA,2599.06,70.56,10,28.9,1,0.0,741,4.03,0.022,0.019,15,94.45,ISO9001+ISO14001,1,0
233,EMEA,2599.06,70.56,10,29.78,1,0.0,1166,5.38,0.03,0.011,11,90.49,ISO9001+ISO14001,0,0
233,EMEA,2599.06,70.56,10,31.7,1,0.0,916,5.37,0.055,0.011,7,77.1,None,0,0
233,EMEA,2599.06,70.56,10,29.42,1,0.0,882,5.34,0.0,0.0,0,90.29,ISO9001,0,0
233,EMEA,2599.06,70.56,10,28.8,1,0.0,1261,5.27,0.024,0.008,8,90.81,ISO9001,1,0
233,EMEA,2599.06,70.56,10,24.54,1,0.0,801,4.68,0.041,0.009,8,75.27,ISO9001,1,0
233,EMEA,2599.06,70.56,10,28.25,1,0.0,707,4.48,0.052,0.02,12,85.84,ISO9001,1,0
233,EMEA,2599.06,70.56,10,26.53,1,0.0,1111,5.25,0.032,0.001,0,94.86,ISO9001+ISO14001,1,0
233,EMEA,2599.06,70.56,10,31.36,1,0.0,862,5.26,0.027,0.02,20,66.68,ISO9001+ISO14001,0,0
233,EMEA,2599.06,70.56,10,29.64,1,0.0,1119,5.51,0.0,0.008,9,72.1,ISO9001,1,0
233,EMEA,2599.06,70.56,10,26.58,1,0.0,1014,4.93,0.051,0.007,5,88.88,None,0,0
233,EMEA,2599.06,70.56,10,28.25,1,0.0,836,5.3,0.046,0.012,10,70.13,ISO9001,1,0
233,EMEA,2599.06,70.56,10,22.85,1,0.0,1444,5.59,0.063,0.024,39,93.22,None,0,0
233,EMEA,2599.06,70.56,10,34.78,0,3.97,596,4.51,0.029,0.009,6,79.71,ISO9001,0,0
233,EMEA,2599.06,70.56,10,29.85,0,5.84,834,4.89,0.053,0.0,0,82.55,None,0,0
233,EMEA,2599.06,70.56,10,33.47,0,4.3,1306,4.71,0.068,0.0,0,82.99,None,1,0
233,EMEA,2599.06,70.56,10,27.25,1,0.0,794,4.21,0.036,0.018,15,89.07,ISO9001,1,0
233,EMEA,2599.06,70.56,10,24.6,0,3.61,1277,4.99,0.031,0.013,22,86.32,ISO9001,1,0
233,EMEA,2599.06,70.56,10,29.35,1,0.0,1310,5.17,0.048,0.011,14,98.07,None,0,0
233,EMEA,2599.06,70.56,10,37.09,1,0.0,1084,5.23,0.02,0.002,3,80.0,ISO9001,1,0
233,EMEA,2599.06,70.56,10,31.6,1,0.0,763,4.56,0.045,0.027,21,79.45,ISO9001+ISO14001,1,0
233,EMEA,2599.06,70.56,10,29.46,1,0.0,1067,5.13,0.046,0.01,9,69.85,None,0,0
233,EMEA,2599.06,70.56,10,32.17,1,0.0,1280,5.15,0.036,0.011,10,70.71,ISO9001,0,0
233,EMEA,2599.06,70.56,10,29.33,1,0.0,1018,5.14,0.028,0.011,8,67.75,None,0,0
233,EMEA,2599.06,70.56,10,28.36,1,0.0,876,5.28,0.04,0.0,0,86.6,ISO9001,1,0
233,EMEA,2599.06,70.56,10,30.64,1,0.0,1258,4.08,0.035,0.0,0,79.23,None,0,0
233,EMEA,2599.06,70.56,10,31.21,1,0.0,1203,6.4,0.009,0.023,25,75.82,ISO9001,1,0
233,EMEA,2599.06,70.56,10,24.47,0,5.15,1251,5.21,0.02,0.0,0,77.35,None,0,0
233,EMEA,2599.06,70.56,10,27.94,0,6.81,1013,5.3,0.009,0.0,0,76.53,ISO9001,0,0
233,EMEA,2599.06,70.56,10,27.64,1,0.0,1214,4.79,0.023,0.013,12,81.77,ISO9001+ISO14001,1,0
234,EMEA,2360.29,44.38,1,29.71,1,0.0,947,5.57,0.039,0.039,40,76.02,ISO9001,0,0
234,EMEA,2360.29,44.38,1,23.69,1,0.0,1100,5.22,0.085,0.021,24,74.44,None,0,0
234,EMEA,2360.29,44.38,1,25.74,0,3.3,1264,5.07,0.065,0.037,34,71.21,None,0,1
234,EMEA,2360.29,44.38,1,26.75,1,0.0,1504,5.84,0.041,0.033,45,56.9,ISO9001,0,0
234,EMEA,2360.29,44.38,1,32.99,1,0.0,854,5.74,0.07,0.022,18,61.97,ISO9001,0,0
234,EMEA,2360.29,44.38,1,28.85,1,0.0,937,4.73,0.041,0.032,27,77.06,ISO9001,0,0
234,EMEA,2360.29,44.38,1,29.87,1,0.0,689,5.69,0.065,0.036,29,71.11,ISO9001,1,0
234,EMEA,2360.29,44.38,1,25.3,1,0.0,541,5.44,0.041,0.01,8,75.91,ISO9001+ISO14001,0,0
234,EMEA,2360.29,44.38,1,25.46,0,1.64,1224,6.1,0.039,0.031,34,65.93,ISO9001,1,1
234,EMEA,2360.29,44.38,1,28.87,0,5.81,846,4.66,0.052,0.067,58,64.76,None,0,1
234,EMEA,2360.29,44.38,1,31.6,1,0.0,891,4.98,0.038,0.041,38,65.16,ISO9001,1,0
234,EMEA,2360.29,44.38,1,27.15,1,0.0,1154,4.64,0.038,0.03,27,80.18,None,0,0
234,EMEA,2360.29,44.38,1,27.16,1,0.0,1025,5.44,0.031,0.025,34,72.58,ISO9001,1,0
234,EMEA,2360.29,44.38,1,23.02,1,0.0,897,4.82,0.053,0.02,19,79.19,None,0,0
234,EMEA,2360.29,44.38,1,26.14,1,0.0,808,5.29,0.085,0.046,28,76.82,ISO9001+ISO14001,0,0
234,EMEA,2360.29,44.38,1,30.6,1,0.0,1218,4.26,0.056,0.043,60,77.91,ISO9001+ISO14001,0,0
234,EMEA,2360.29,44.38,1,26.09,1,0.0,1258,5.29,0.057,0.02,26,70.87,None,0,0
234,EMEA,2360.29,44.38,1,26.59,1,0.0,1078,4.04,0.062,0.039,42,60.85,ISO9001,1,0
234,EMEA,2360.29,44.38,1,31.36,1,0.0,1110,6.02,0.041,0.033,31,73.74,ISO9001,1,0
234,EMEA,2360.29,44.38,1,28.61,1,0.0,963,4.32,0.019,0.022,25,79.23,ISO9001+ISO14001,0,0
234,EMEA,2360.29,44.38,1,26.92,1,0.0,1205,5.04,0.052,0.034,44,79.08,ISO9001+ISO14001,1,0
234,EMEA,2360.29,44.38,1,25.62,1,0.0,1211,6.2,0.024,0.017,17,82.35,ISO9001+ISO14001,1,0
234,EMEA,2360.29,44.38,1,24.92,1,0.0,467,5.48,0.05,0.03,19,67.29,ISO9001,0,0
234,EMEA,2360.29,44.38,1,27.35,0,3.42,698,5.22,0.006,0.03,17,74.0,ISO9001+ISO14001,1,0
234,EMEA,2360.29,44.38,1,29.77,1,0.0,758,5.95,0.08,0.039,24,66.96,ISO9001,1,0
234,EMEA,2360.29,44.38,1,26.31,1,0.0,897,4.51,0.026,0.04,36,61.53,ISO9001,1,0
234,EMEA,2360.29,44.38,1,28.48,1,0.0,1331,5.38,0.027,0.02,28,82.96,ISO9001+ISO14001,0,0
234,EMEA,2360.29,44.38,1,28.83,1,0.0,1194,5.38,0.04,0.036,46,86.78,ISO9001,0,0
234,EMEA,2360.29,44.38,1,23.68,1,0.0,932,5.22,0.027,0.04,47,63.21,None,0,0
234,EMEA,2360.29,44.38,1,27.92,1,0.0,100,4.06,0.044,0.017,1,71.92,ISO9001,1,0
234,EMEA,2360.29,44.38,1,24.18,1,0.0,1404,5.61,0.033,0.03,50,73.52,ISO9001,1,0
234,EMEA,2360.29,44.38,1,27.64,1,0.0,584,4.71,0.047,0.03,13,79.69,ISO9001+ISO14001,1,0
234,EMEA,2360.29,44.38,1,20.18,1,0.0,1046,5.68,0.056,0.035,28,77.03,ISO9001,0,0
234,EMEA,2360.29,44.38,1,28.01,1,0.0,907,4.81,0.049,0.035,33,75.57,None,1,0
234,EMEA,2360.29,44.38,1,30.16,1,0.0,1128,4.34,0.059,0.044,48,68.24,None,0,0
234,EMEA,2360.29,44.38,1,29.29,0,5.33,1081,5.77,0.08,0.047,61,77.1,ISO9001,0,1
234,EMEA,2360.29,44.38,1,27.27,0,4.57,1142,5.07,0.025,0.016,17,73.75,ISO9001,1,0
234,EMEA,2360.29,44.38,1,26.5,0,5.57,741,5.53,0.023,0.0,0,73.35,ISO9001+ISO14001,1,0
234,EMEA,2360.29,44.38,1,30.0,1,0.0,870,4.37,0.056,0.036,30,94.65,ISO9001,1,0
234,EMEA,2360.29,44.38,1,27.8,1,0.0,1442,5.04,0.061,0.022,33,65.65,ISO9001+ISO14001,1,0
234,EMEA,2360.29,44.38,1,28.14,1,0.0,910,5.4,0.053,0.028,21,70.3,ISO9001,0,0
234,EMEA,2360.29,44.38,1,29.62,0,5.64,805,5.57,0.058,0.048,43,78.11,None,1,1
234,EMEA,2360.29,44.38,1,25.4,0,3.85,630,3.55,0.03,0.021,16,79.81,ISO9001,1,0
234,EMEA,2360.29,44.38,1,22.3,0,4.9,413,4.84,0.053,0.021,8,79.75,ISO9001,0,1
234,EMEA,2360.29,44.38,1,27.34,1,0.0,951,5.56,0.004,0.043,48,74.79,ISO9001+ISO14001,1,0
234,EMEA,2360.29,44.38,1,31.12,1,0.0,1207,3.85,0.03,0.04,54,61.08,ISO9001,0,0
234,EMEA,2360.29,44.38,1,31.13,1,0.0,1233,4.94,0.048,0.033,31,84.86,ISO9001,1,0
234,EMEA,2360.29,44.38,1,29.91,0,5.15,1063,4.74,0.061,0.022,20,93.02,ISO9001,1,0
234,EMEA,2360.29,44.38,1,25.95,1,0.0,672,4.87,0.037,0.024,20,99.91,None,1,0
234,EMEA,2360.29,44.38,1,31.32,1,0.0,1005,4.58,0.078,0.022,27,66.38,None,0,0
234,EMEA,2360.29,44.38,1,32.74,1,0.0,1017,4.54,0.06,0.011,14,83.51,ISO9001,0,0
235,APAC,4216.54,61.99,9,33.21,1,0.0,943,5.2,0.02,0.028,22,60.56,ISO9001,1,0
235,APAC,4216.54,61.99,9,33.58,1,0.0,1123,5.02,0.034,0.011,7,63.72,ISO9001,0,0
235,APAC,4216.54,61.99,9,39.58,1,0.0,1108,5.07,0.068,0.025,25,82.83,None,1,0
235,APAC,4216.54,61.99,9,38.2,1,0.0,1041,5.88,0.027,0.036,37,89.5,ISO9001,1,0
235,APAC,4216.54,61.99,9,30.91,1,0.0,862,4.03,0.039,0.036,33,56.98,ISO9001,1,0
235,APAC,4216.54,61.99,9,34.03,1,0.0,1169,6.22,0.0,0.012,13,73.74,ISO9001,0,0
235,APAC,4216.54,61.99,9,35.39,1,0.0,638,4.36,0.048,0.017,9,64.93,ISO9001,0,0
235,APAC,4216.54,61.99,9,38.88,1,0.0,1166,5.58,0.037,0.015,19,68.77,ISO9001+ISO14001,0,0
235,APAC,4216.54,61.99,9,35.87,1,0.0,1344,4.05,0.031,0.025,41,71.41,ISO9001+ISO14001,0,0
235,APAC,4216.54,61.99,9,35.73,0,10.08,1001,3.51,0.028,0.017,19,71.49,ISO9001,0,0
235,APAC,4216.54,61.99,9,30.69,1,0.0,1270,6.08,0.015,0.018,23,76.29,ISO9001,1,0
235,APAC,4216.54,61.99,9,33.75,1,0.0,1083,4.75,0.049,0.035,58,71.91,None,0,0
235,APAC,4216.54,61.99,9,39.38,1,0.0,932,5.21,0.0,0.025,22,67.8,None,0,0
235,APAC,4216.54,61.99,9,33.84,1,0.0,1101,4.55,0.021,0.027,25,84.19,ISO9001,0,0
235,APAC,4216.54,61.99,9,35.06,1,0.0,1223,4.99,0.0,0.023,24,76.96,ISO9001,0,0
235,APAC,4216.54,61.99,9,40.11,1,0.0,1232,3.68,0.035,0.0,0,59.83,None,0,0
235,APAC,4216.54,61.99,9,35.22,1,0.0,1082,5.79,0.055,0.022,20,80.56,ISO9001,1,0
235,APAC,4216.54,61.99,9,36.29,1,0.0,544,4.5,0.024,0.022,13,81.21,ISO9001,0,0
235,APAC,4216.54,61.99,9,36.98,1,0.0,743,5.94,0.017,0.014,8,67.17,ISO9001,0,0
235,APAC,4216.54,61.99,9,35.8,1,0.0,1053,5.44,0.056,0.029,32,85.31,None,0,0
235,APAC,4216.54,61.99,9,31.99,1,0.0,626,3.94,0.041,0.016,8,62.92,None,0,0
235,APAC,4216.54,61.99,9,36.55,1,0.0,1000,4.94,0.028,0.026,36,76.44,ISO9001+ISO14001,1,0
235,APAC,4216.54,61.99,9,35.02,1,0.0,1273,4.07,0.067,0.018,14,66.59,ISO9001,1,0
235,APAC,4216.54,61.99,9,31.12,1,0.0,968,5.11,0.073,0.02,21,73.67,None,1,0
235,APAC,4216.54,61.99,9,36.46,0,9.29,1282,5.0,0.017,0.022,21,64.46,ISO9001,1,0
235,APAC,4216.54,61.99,9,37.23,1,0.0,1096,5.46,0.049,0.015,15,80.72,ISO9001,0,0
235,APAC,4216.54,61.99,9,33.27,1,0.0,948,6.01,0.031,0.016,13,78.55,None,0,0
235,APAC,4216.54,61.99,9,38.13,1,0.0,1256,4.56,0.035,0.009,9,92.39,ISO9001,1,0
235,APAC,4216.54,61.99,9,31.33,1,0.0,688,5.17,0.051,0.04,24,63.89,ISO9001,0,0
235,APAC,4216.54,61.99,9,31.08,1,0.0,857,5.1,0.029,0.023,21,81.95,ISO9001,1,0
235,APAC,4216.54,61.99,9,33.7,1,0.0,572,5.43,0.005,0.002,2,75.14,ISO9001,1,0
235,APAC,4216.54,61.99,9,38.99,0,8.16,989,4.95,0.033,0.014,15,76.7,None,0,0
235,APAC,4216.54,61.99,9,36.42,1,0.0,1068,5.04,0.064,0.014,20,91.05,ISO9001,0,0
235,APAC,4216.54,61.99,9,36.1,1,0.0,1147,5.26,0.038,0.016,19,89.0,ISO9001,1,0
235,APAC,4216.54,61.99,9,43.26,1,0.0,782,5.57,0.051,0.022,19,79.65,ISO9001,0,0
235,APAC,4216.54,61.99,9,32.21,1,0.0,813,5.5,0.03,0.031,16,72.54,ISO9001,1,0
235,APAC,4216.54,61.99,9,36.77,1,0.0,1085,4.4,0.023,0.026,34,71.82,ISO9001,1,0
235,APAC,4216.54,61.99,9,32.87,1,0.0,925,4.28,0.039,0.004,4,64.04,ISO9001,1,0
235,APAC,4216.54,61.99,9,33.67,1,0.0,1053,4.62,0.062,0.02,17,82.74,ISO9001,0,0
235,APAC,4216.54,61.99,9,33.4,0,4.09,1240,4.99,0.038,0.025,29,81.32,ISO9001,1,0
235,APAC,4216.54,61.99,9,36.66,1,0.0,754,5.56,0.051,0.023,17,74.75,ISO9001,0,0
235,APAC,4216.54,61.99,9,35.66,1,0.0,1106,5.71,0.029,0.025,31,81.12,ISO9001,1,0
235,APAC,4216.54,61.99,9,34.07,1,0.0,1229,5.14,0.004,0.022,28,62.36,ISO9001,0,0
236,EMEA,2600.5,65.38,6,28.9,1,0.0,1342,5.58,0.038,0.0,0,86.27,ISO9001,1,0
236,EMEA,2600.5,65.38,6,27.4,1,0.0,891,4.98,0.028,0.015,17,67.37,ISO9001+ISO14001,0,0
236,EMEA,2600.5,65.38,6,31.72,1,0.0,1193,5.36,0.004,0.018,15,64.63,ISO9001,1,0
236,EMEA,2600.5,65.38,6,29.4,1,0.0,706,5.14,0.012,0.003,3,69.06,None,0,0
236,EMEA,2600.5,65.38,6,34.09,1,0.0,1064,5.11,0.069,0.002,1,74.33,ISO9001+ISO14001,0,0
236,EMEA,2600.5,65.38,6,29.04,1,0.0,575,5.85,0.04,0.0,0,77.28,ISO9001,1,0
236,EMEA,2600.5,65.38,6,30.68,0,11.26,1032,5.05,0.002,0.007,3,73.84,ISO9001,0,0
236,EMEA,2600.5,65.38,6,30.64,1,0.0,836,5.61,0.004,0.032,29,77.98,None,0,0
236,EMEA,2600.5,65.38,6,27.29,1,0.0,1488,4.25,0.003,0.003,3,68.28,ISO9001+ISO14001,0,0
236,EMEA,2600.5,65.38,6,28.18,1,0.0,1020,5.12,0.0,0.0,0,79.52,ISO9001,1,0
236,EMEA,2600.5,65.38,6,29.83,1,0.0,1084,4.8,0.0,0.012,17,83.32,ISO9001,1,0
236,EMEA,2600.5,65.38,6,26.0,0,4.45,1282,6.2,0.046,0.028,44,77.04,ISO9001,1,0
236,EMEA,2600.5,65.38,6,31.06,1,0.0,729,4.51,0.033,0.013,10,86.46,ISO9001,0,0
236,EMEA,2600.5,65.38,6,34.64,1,0.0,963,4.78,0.047,0.005,4,52.51,ISO9001,1,0
236,EMEA,2600.5,65.38,6,28.65,1,0.0,1149,4.53,0.008,0.011,20,84.68,None,0,0
236,EMEA,2600.5,65.38,6,25.83,1,0.0,983,4.56,0.014,0.0,0,86.93,None,0,0
236,EMEA,2600.5,65.38,6,30.39,0,7.28,359,4.25,0.063,0.022,9,76.7,ISO9001+ISO14001,0,0
236,EMEA,2600.5,65.38,6,28.6,1,0.0,1158,4.21,0.044,0.015,8,70.94,ISO9001,0,0
236,EMEA,2600.5,65.38,6,28.2,0,5.06,616,4.27,0.013,0.012,7,87.67,ISO9001,1,0
236,EMEA,2600.5,65.38,6,26.88,1,0.0,1130,5.68,0.022,0.012,8,75.66,ISO9001,0,0
236,EMEA,2600.5,65.38,6,30.85,1,0.0,1136,5.31,0.012,0.007,14,69.7,ISO9001+ISO14001,0,0
237,APAC,3434.99,66.22,4,29.21,1,0.0,854,4.47,0.0,0.02,17,85.12,None,1,0
237,APAC,3434.99,66.22,4,30.7,1,0.0,1039,4.15,0.058,0.025,37,78.61,ISO9001,1,0
237,APAC,3434.99,66.22,4,34.69,1,0.0,1386,3.59,0.034,0.017,23,69.18,ISO9001+ISO14001,1,0
237,APAC,3434.99,66.22,4,33.86,1,0.0,727,4.03,0.049,0.017,10,79.15,ISO9001+ISO14001,1,0
237,APAC,3434.99,66.22,4,28.89,1,0.0,1167,5.46,0.049,0.03,29,73.84,ISO9001+ISO14001,0,0
237,APAC,3434.99,66.22,4,33.52,1,0.0,1357,4.64,0.03,0.038,50,83.91,ISO9001+ISO14001,0,0
237,APAC,3434.99,66.22,4,35.86,1,0.0,1302,5.71,0.048,0.033,47,71.0,ISO9001,1,0
237,APAC,3434.99,66.22,4,31.27,1,0.0,1105,5.51,0.032,0.037,40,57.71,ISO9001+ISO14001,1,0
237,APAC,3434.99,66.22,4,32.21,0,5.35,1156,4.51,0.04,0.043,66,85.0,ISO9001,0,0
237,APAC,3434.99,66.22,4,28.56,1,0.0,1092,4.4,0.045,0.027,35,57.64,ISO9001,0,0
237,APAC,3434.99,66.22,4,33.97,1,0.0,1096,5.12,0.006,0.03,31,91.46,ISO9001,1,0
237,APAC,3434.99,66.22,4,30.68,1,0.0,1191,5.36,0.051,0.041,43,78.98,ISO9001+ISO14001,1,0
237,APAC,3434.99,66.22,4,32.84,1,0.0,1155,4.73,0.037,0.041,34,94.86,None,0,0
237,APAC,3434.99,66.22,4,31.49,0,7.15,1052,4.98,0.029,0.016,17,67.6,ISO9001,1,0
237,APAC,3434.99,66.22,4,27.78,1,0.0,879,4.54,0.051,0.022,18,86.78,None,0,0
237,APAC,3434.99,66.22,4,38.65,1,0.0,699,4.9,0.056,0.019,8,79.54,ISO9001,1,0
237,APAC,3434.99,66.22,4,32.4,1,0.0,1074,5.51,0.023,0.013,14,76.76,None,1,0
237,APAC,3434.99,66.22,4,31.37,1,0.0,1312,4.51,0.049,0.023,31,94.72,ISO9001,0,0
237,APAC,3434.99,66.22,4,34.04,1,0.0,1215,5.16,0.035,0.052,71,61.45,None,0,0
237,APAC,3434.99,66.22,4,27.53,1,0.0,1004,5.4,0.062,0.029,29,87.27,None,0,0
237,APAC,3434.99,66.22,4,29.69,1,0.0,1057,5.59,0.065,0.032,34,82.72,ISO9001,1,0
237,APAC,3434.99,66.22,4,27.98,1,0.0,1398,5.65,0.056,0.038,46,81.58,None,0,0
237,APAC,3434.99,66.22,4,36.22,1,0.0,1446,5.69,0.033,0.035,49,62.25,None,0,0
237,APAC,3434.99,66.22,4,28.23,0,7.82,1160,4.39,0.056,0.034,31,72.44,None,0,0
237,APAC,3434.99,66.22,4,29.81,1,0.0,933,5.7,0.05,0.018,17,62.73,None,0,0
237,APAC,3434.99,66.22,4,35.43,1,0.0,673,4.82,0.083,0.03,13,72.66,ISO9001,1,0
237,APAC,3434.99,66.22,4,28.35,0,4.72,1054,5.87,0.049,0.002,1,80.88,ISO9001,1,0
237,APAC,3434.99,66.22,4,28.33,1,0.0,452,4.46,0.049,0.026,8,73.82,ISO9001+ISO14001,1,0
237,APAC,3434.99,66.22,4,25.2,0,4.18,868,4.79,0.045,0.009,8,88.73,None,0,0
237,APAC,3434.99,66.22,4,33.63,1,0.0,1006,5.42,0.024,0.036,43,61.26,None,0,0
237,APAC,3434.99,66.22,4,34.13,1,0.0,882,4.19,0.055,0.028,26,75.4,None,0,0
237,APAC,3434.99,66.22,4,38.29,0,6.04,462,6.11,0.071,0.028,7,71.53,ISO9001+ISO14001,1,0
237,APAC,3434.99,66.22,4,34.93,1,0.0,1478,5.47,0.03,0.026,37,79.61,ISO9001,1,0
237,APAC,3434.99,66.22,4,29.52,0,5.81,1018,4.81,0.036,0.019,20,81.43,ISO9001+ISO14001,1,0
237,APAC,3434.99,66.22,4,27.51,1,0.0,416,5.33,0.035,0.017,8,51.62,ISO9001,0,0
237,APAC,3434.99,66.22,4,28.6,1,0.0,757,4.23,0.049,0.029,20,70.97,None,0,0
237,APAC,3434.99,66.22,4,29.48,0,1.6,1033,4.7,0.063,0.023,28,84.34,ISO9001+ISO14001,0,0
237,APAC,3434.99,66.22,4,31.64,1,0.0,950,4.56,0.046,0.023,23,75.26,ISO9001,0,0
237,APAC,3434.99,66.22,4,27.6,1,0.0,742,5.91,0.041,0.034,25,96.58,ISO9001+ISO14001,1,0
237,APAC,3434.99,66.22,4,26.55,0,3.91,1165,5.46,0.014,0.021,26,60.11,ISO9001+ISO14001,1,0
237,APAC,3434.99,66.22,4,32.46,1,0.0,1201,3.43,0.057,0.018,21,66.87,ISO9001,0,0
237,APAC,3434.99,66.22,4,30.68,1,0.0,629,4.29,0.063,0.017,9,66.3,ISO9001+ISO14001,1,0
237,APAC,3434.99,66.22,4,33.82,1,0.0,1085,4.49,0.024,0.02,27,69.06,None,0,0
237,APAC,3434.99,66.22,4,31.61,1,0.0,1206,5.7,0.036,0.01,8,70.21,None,0,0
237,APAC,3434.99,66.22,4,34.61,1,0.0,1205,5.53,0.047,0.015,15,88.57,None,0,0
237,APAC,3434.99,66.22,4,32.67,1,0.0,1205,5.56,0.033,0.014,17,70.57,ISO9001,1,0
237,APAC,3434.99,66.22,4,32.05,1,0.0,1035,4.99,0.068,0.019,14,84.47,None,0,0
237,APAC,3434.99,66.22,4,29.97,1,0.0,627,5.7,0.02,0.016,11,65.42,ISO9001,0,0
237,APAC,3434.99,66.22,4,33.24,1,0.0,368,4.62,0.072,0.014,7,75.01,ISO9001,1,0
237,APAC,3434.99,66.22,4,28.95,0,5.43,1289,5.26,0.052,0.037,47,91.5,ISO9001,1,0
237,APAC,3434.99,66.22,4,30.09,1,0.0,838,5.64,0.027,0.021,17,64.97,ISO9001+ISO14001,1,0
237,APAC,3434.99,66.22,4,33.66,1,0.0,1396,4.81,0.048,0.033,53,64.61,ISO9001,0,0
237,APAC,3434.99,66.22,4,29.55,1,0.0,1369,4.2,0.05,0.02,31,76.35,ISO9001+ISO14001,1,0
238,APAC,2993.71,87.39,7,31.06,1,0.0,899,4.8,0.071,0.0,0,78.15,ISO9001,1,0
238,APAC,2993.71,87.39,7,30.8,1,0.0,1242,6.04,0.032,0.004,9,70.8,ISO9001,0,0
238,APAC,2993.71,87.39,7,28.7,1,0.0,1326,5.07,0.025,0.0,0,68.23,ISO9001+ISO14001,1,0
238,APAC,2993.71,87.39,7,26.16,1,0.0,1249,4.9,0.042,0.0,0,90.48,ISO9001,1,0
238,APAC,2993.71,87.39,7,29.31,0,6.14,1051,5.08,0.055,0.012,13,68.02,ISO9001,1,0
238,APAC,2993.71,87.39,7,31.52,1,0.0,1281,4.62,0.0,0.008,17,78.07,ISO9001,1,0
238,APAC,2993.71,87.39,7,29.64,0,6.63,762,5.2,0.034,0.002,0,64.77,ISO9001,1,0
238,APAC,2993.71,87.39,7,25.5,1,0.0,492,4.56,0.037,0.009,7,82.68,ISO9001,0,0
238,APAC,2993.71,87.39,7,28.48,1,0.0,1176,6.08,0.021,0.008,4,83.95,ISO9001,0,0
238,APAC,2993.71,87.39,7,33.75,1,0.0,1037,5.85,0.013,0.009,7,82.96,None,0,0
238,APAC,2993.71,87.39,7,32.15,0,7.0,925,5.21,0.032,0.006,4,68.71,None,0,0
238,APAC,2993.71,87.39,7,33.54,0,3.03,983,5.67,0.03,0.009,7,98.43,ISO9001,1,0
238,APAC,2993.71,87.39,7,33.82,1,0.0,968,6.72,0.015,0.005,7,79.55,ISO9001+ISO14001,1,0
238,APAC,2993.71,87.39,7,28.39,1,0.0,1161,6.02,0.075,0.0,0,79.03,ISO9001+ISO14001,1,0
238,APAC,2993.71,87.39,7,30.32,1,0.0,1307,5.51,0.032,0.019,24,88.1,ISO9001+ISO14001,0,0
238,APAC,2993.71,87.39,7,29.18,1,0.0,841,4.75,0.041,0.021,22,73.05,None,0,0
238,APAC,2993.71,87.39,7,28.84,1,0.0,787,5.58,0.052,0.015,6,77.23,ISO9001,1,0
238,APAC,2993.71,87.39,7,27.39,1,0.0,933,6.35,0.03,0.011,9,79.25,None,0,0
238,APAC,2993.71,87.39,7,36.38,1,0.0,999,5.45,0.008,0.014,15,77.25,None,0,0
238,APAC,2993.71,87.39,7,29.36,1,0.0,1176,4.33,0.04,0.0,0,83.6,ISO9001+ISO14001,1,0
238,APAC,2993.71,87.39,7,34.91,1,0.0,680,4.11,0.066,0.012,3,95.07,None,1,0
238,APAC,2993.71,87.39,7,26.85,0,5.82,641,4.46,0.019,0.0,0,80.79,ISO9001,1,0
238,APAC,2993.71,87.39,7,32.55,1,0.0,1022,4.3,0.0,0.016,13,72.22,ISO9001+ISO14001,1,0
238,APAC,2993.71,87.39,7,29.56,1,0.0,960,5.5,0.014,0.004,9,81.6,ISO9001,1,0
238,APAC,2993.71,87.39,7,27.99,1,0.0,900,5.06,0.006,0.019,15,73.01,None,1,0
238,APAC,2993.71,87.39,7,26.89,1,0.0,1165,4.54,0.031,0.005,6,75.72,ISO9001,1,0
238,APAC,2993.71,87.39,7,24.39,1,0.0,1041,4.6,0.049,0.0,0,76.64,ISO9001+ISO14001,1,0
238,APAC,2993.71,87.39,7,32.57,1,0.0,823,5.22,0.036,0.001,1,82.56,ISO9001,0,0
238,APAC,2993.71,87.39,7,30.32,1,0.0,862,5.5,0.038,0.016,9,73.78,ISO9001,1,0
238,APAC,2993.71,87.39,7,35.01,1,0.0,429,5.36,0.021,0.0,0,80.3,ISO9001,1,0
238,APAC,2993.71,87.39,7,28.3,1,0.0,923,4.35,0.038,0.012,11,67.9,ISO9001,0,0
238,APAC,2993.71,87.39,7,26.83,1,0.0,808,5.34,0.034,0.007,3,82.77,ISO9001+ISO14001,1,0
238,APAC,2993.71,87.39,7,32.12,1,0.0,1121,5.48,0.026,0.011,15,89.05,ISO9001,0,0
239,APAC,3177.3,67.39,1,34.58,1,0.0,1300,5.17,0.071,0.032,44,64.53,None,0,0
239,APAC,3177.3,67.39,1,27.35,1,0.0,1146,5.57,0.051,0.014,23,64.05,ISO9001+ISO14001,0,0
239,APAC,3177.3,67.39,1,25.66,1,0.0,502,4.98,0.045,0.035,13,68.65,None,0,0
239,APAC,3177.3,67.39,1,26.21,0,6.91,1095,5.0,0.032,0.034,38,73.48,ISO9001,1,0
239,APAC,3177.3,67.39,1,34.61,0,9.28,1565,5.41,0.037,0.024,35,66.08,ISO9001,1,0
239,APAC,3177.3,67.39,1,31.41,0,4.56,931,4.73,0.049,0.029,23,60.47,ISO9001,0,0
239,APAC,3177.3,67.39,1,32.16,1,0.0,699,4.06,0.025,0.018,10,68.25,ISO9001,0,0
239,APAC,3177.3,67.39,1,27.89,0,4.72,1333,4.13,0.02,0.035,49,60.3,None,0,0
239,APAC,3177.3,67.39,1,32.99,1,0.0,1242,3.94,0.035,0.042,64,73.58,None,0,0
239,APAC,3177.3,67.39,1,28.43,0,3.9,1181,5.55,0.032,0.043,42,52.19,ISO9001+ISO14001,0,0
239,APAC,3177.3,67.39,1,26.25,1,0.0,764,4.79,0.035,0.03,26,77.95,None,0,0
239,APAC,3177.3,67.39,1,29.75,1,0.0,671,5.98,0.04,0.048,28,79.84,ISO9001,1,0
239,APAC,3177.3,67.39,1,29.12,1,0.0,964,5.2,0.063,0.019,21,77.99,ISO9001,1,0
239,APAC,3177.3,67.39,1,28.29,1,0.0,1002,4.63,0.034,0.041,45,61.54,ISO9001,0,0
239,APAC,3177.3,67.39,1,27.78,1,0.0,1110,5.35,0.065,0.023,24,71.44,ISO9001+ISO14001,0,0
239,APAC,3177.3,67.39,1,32.2,0,4.24,905,4.46,0.03,0.027,30,65.46,ISO9001,0,0
239,APAC,3177.3,67.39,1,29.17,1,0.0,1086,4.32,0.076,0.048,51,79.14,ISO9001,0,0
239,APAC,3177.3,67.39,1,30.19,1,0.0,722,5.34,0.034,0.033,20,75.26,ISO9001,0,0
239,APAC,3177.3,67.39,1,29.81,0,7.93,981,5.14,0.035,0.033,27,75.07,ISO9001,1,0
239,APAC,3177.3,67.39,1,31.39,1,0.0,971,5.89,0.003,0.025,24,73.67,ISO9001,1,0
239,APAC,3177.3,67.39,1,32.47,0,4.3,828,5.2,0.074,0.023,15,64.85,ISO9001+ISO14001,1,0
239,APAC,3177.3,67.39,1,26.07,0,9.16,673,4.05,0.036,0.022,16,51.28,None,0,0
239,APAC,3177.3,67.39,1,34.04,1,0.0,1363,5.24,0.043,0.036,47,74.93,ISO9001,1,0
239,APAC,3177.3,67.39,1,28.36,1,0.0,1092,5.07,0.053,0.019,21,72.92,ISO9001+ISO14001,1,0
239,APAC,3177.3,67.39,1,30.41,1,0.0,903,5.15,0.008,0.043,46,82.6,ISO9001,1,0
239,APAC,3177.3,67.39,1,33.36,1,0.0,756,5.34,0.044,0.016,11,72.21,ISO9001+ISO14001,1,0
239,APAC,3177.3,67.39,1,24.31,0,1.0,696,5.42,0.029,0.043,28,79.64,ISO9001,1,0
239,APAC,3177.3,67.39,1,28.83,1,0.0,855,4.58,0.038,0.038,41,67.28,ISO9001,0,0
239,APAC,3177.3,67.39,1,36.93,0,6.11,482,4.87,0.042,0.021,9,89.42,ISO9001,1,0
239,APAC,3177.3,67.39,1,25.79,1,0.0,738,5.0,0.053,0.044,38,71.49,ISO9001,0,0
239,APAC,3177.3,67.39,1,35.12,0,3.49,1040,4.92,0.071,0.038,41,65.7,None,0,0
239,APAC,3177.3,67.39,1,23.2,0,3.7,823,4.6,0.024,0.054,31,70.59,ISO9001,1,0
239,APAC,3177.3,67.39,1,30.58,0,4.97,1287,4.7,0.062,0.032,44,76.95,None,1,0
239,APAC,3177.3,67.39,1,27.89,0,3.62,1014,4.58,0.046,0.024,22,76.95,None,0,0
239,APAC,3177.3,67.39,1,28.67,1,0.0,1071,5.37,0.022,0.038,40,63.75,ISO9001,0,0
239,APAC,3177.3,67.39,1,30.98,1,0.0,863,5.72,0.054,0.051,47,78.03,None,0,0
239,APAC,3177.3,67.39,1,34.6,0,7.05,809,4.72,0.022,0.028,25,76.13,ISO9001,1,0
239,APAC,3177.3,67.39,1,28.34,1,0.0,848,5.45,0.062,0.034,25,78.89,ISO9001,0,0
239,APAC,3177.3,67.39,1,35.18,0,6.12,663,3.57,0.051,0.039,24,85.61,ISO9001,1,0
239,APAC,3177.3,67.39,1,31.97,1,0.0,1438,5.0,0.04,0.035,63,55.34,None,1,0
239,APAC,3177.3,67.39,1,36.37,1,0.0,1124,5.9,0.025,0.022,18,57.27,ISO9001,1,0
239,APAC,3177.3,67.39,1,38.27,1,0.0,652,5.52,0.055,0.038,26,49.86,ISO9001,1,0
239,APAC,3177.3,67.39,1,33.99,1,0.0,825,5.99,0.053,0.034,25,82.16,ISO9001,1,0
239,APAC,3177.3,67.39,1,34.37,1,0.0,1028,4.11,0.015,0.017,20,58.05,ISO9001+ISO14001,1,0
239,APAC,3177.3,67.39,1,32.25,1,0.0,1074,5.48,0.051,0.021,24,62.3,ISO9001,1,0
239,APAC,3177.3,67.39,1,33.36,0,6.54,921,4.96,0.037,0.029,24,69.69,None,0,0
239,APAC,3177.3,67.39,1,31.44,1,0.0,1014,3.87,0.041,0.033,37,80.57,ISO9001,1,0
239,APAC,3177.3,67.39,1,32.87,0,4.79,1153,6.27,0.014,0.037,50,78.1,ISO9001,1,0
239,APAC,3177.3,67.39,1,30.41,1,0.0,658,2.68,0.004,0.033,29,56.32,None,1,0
239,APAC,3177.3,67.39,1,32.29,1,0.0,1041,6.21,0.042,0.039,43,65.4,None,0,0
239,APAC,3177.3,67.39,1,27.93,1,0.0,1096,4.76,0.046,0.042,52,63.72,None,0,0
239,APAC,3177.3,67.39,1,28.93,1,0.0,1419,4.84,0.072,0.049,85,63.29,ISO9001+ISO14001,1,0
239,APAC,3177.3,67.39,1,30.73,1,0.0,1020,5.17,0.011,0.031,34,80.93,None,0,0
240,EMEA,2152.81,97.19,6,29.28,0,5.58,901,5.71,0.029,0.0,0,81.23,ISO9001,1,0
240,EMEA,2152.81,97.19,6,26.76,1,0.0,884,3.84,0.0,0.004,1,77.03,ISO9001,0,0
240,EMEA,2152.81,97.19,6,29.15,1,0.0,1507,4.09,0.054,0.011,18,74.63,ISO9001,0,0
240,EMEA,2152.81,97.19,6,25.94,1,0.0,1180,5.59,0.057,0.006,10,84.2,ISO9001,0,0
240,EMEA,2152.81,97.19,6,29.19,1,0.0,956,4.43,0.028,0.006,3,80.22,ISO9001,1,0
240,EMEA,2152.81,97.19,6,22.64,1,0.0,1365,5.31,0.041,0.0,0,81.12,ISO9001,1,0
240,EMEA,2152.81,97.19,6,22.57,1,0.0,881,6.07,0.055,0.006,5,83.39,ISO9001+ISO14001,1,0
240,EMEA,2152.81,97.19,6,27.97,1,0.0,937,6.35,0.0,0.012,12,72.04,None,0,0
240,EMEA,2152.81,97.19,6,28.65,1,0.0,881,3.52,0.055,0.011,12,100.0,None,0,0
240,EMEA,2152.81,97.19,6,28.63,1,0.0,978,5.16,0.043,0.011,6,81.08,ISO9001,1,0
240,EMEA,2152.81,97.19,6,27.51,1,0.0,1121,5.16,0.019,0.002,3,78.71,None,0,0
240,EMEA,2152.81,97.19,6,25.54,1,0.0,1093,5.13,0.031,0.004,6,72.14,None,0,0
240,EMEA,2152.81,97.19,6,25.39,1,0.0,1224,5.51,0.037,0.01,9,74.19,None,0,0
240,EMEA,2152.81,97.19,6,29.26,1,0.0,1022,4.34,0.011,0.0,0,90.07,ISO9001,1,0
240,EMEA,2152.81,97.19,6,24.8,1,0.0,1117,6.12,0.021,0.0,0,86.34,ISO9001,0,0
240,EMEA,2152.81,97.19,6,26.7,1,0.0,1248,5.17,0.02,0.0,0,90.21,ISO9001,1,0
240,EMEA,2152.81,97.19,6,28.46,1,0.0,1248,4.71,0.036,0.019,22,69.36,None,0,0
240,EMEA,2152.81,97.19,6,27.08,1,0.0,919,4.56,0.02,0.021,16,94.2,ISO9001+ISO14001,0,0
240,EMEA,2152.81,97.19,6,25.95,1,0.0,1194,5.52,0.008,0.013,18,72.78,ISO9001,0,0
240,EMEA,2152.81,97.19,6,27.26,1,0.0,1234,4.93,0.084,0.013,17,84.56,ISO9001+ISO14001,1,0
240,EMEA,2152.81,97.19,6,29.46,1,0.0,866,5.12,0.018,0.016,11,73.72,ISO9001,1,0
240,EMEA,2152.81,97.19,6,26.86,1,0.0,1178,5.18,0.049,0.015,15,62.99,ISO9001,0,0
240,EMEA,2152.81,97.19,6,27.77,0,4.91,1015,4.34,0.022,0.024,25,71.35,ISO9001,1,0
240,EMEA,2152.81,97.19,6,26.76,1,0.0,922,5.48,0.016,0.009,6,83.23,ISO9001,0,0
240,EMEA,2152.81,97.19,6,23.28,0,3.76,1011,5.29,0.051,0.011,10,74.93,None,0,0
240,EMEA,2152.81,97.19,6,33.95,1,0.0,978,5.33,0.015,0.014,18,92.24,None,0,0
240,EMEA,2152.81,97.19,6,26.5,1,0.0,1266,5.52,0.057,0.0,0,85.13,None,0,0
240,EMEA,2152.81,97.19,6,28.89,1,0.0,1157,5.59,0.028,0.015,18,94.39,None,0,0
240,EMEA,2152.81,97.19,6,20.68,1,0.0,1073,4.44,0.03,0.009,14,81.24,ISO9001,1,0
240,EMEA,2152.81,97.19,6,26.1,1,0.0,414,4.02,0.021,0.0,0,98.49,ISO9001,1,0
240,EMEA,2152.81,97.19,6,23.87,1,0.0,554,3.62,0.024,0.025,15,73.42,None,0,0
240,EMEA,2152.81,97.19,6,21.18,1,0.0,500,5.35,0.056,0.0,0,88.35,ISO9001,1,0
240,EMEA,2152.81,97.19,6,25.35,1,0.0,1182,5.27,0.044,0.0,0,85.86,ISO9001+ISO14001,0,0
240,EMEA,2152.81,97.19,6,25.3,0,4.96,980,4.73,0.038,0.017,20,73.95,ISO9001,1,0
240,EMEA,2152.81,97.19,6,28.32,1,0.0,1003,4.14,0.024,0.006,6,89.46,ISO9001,1,0
240,EMEA,2152.81,97.19,6,30.51,1,0.0,1079,4.43,0.037,0.033,37,76.92,None,0,0
240,EMEA,2152.81,97.19,6,25.81,1,0.0,1105,4.56,0.045,0.009,3,79.18,ISO9001+ISO14001,1,0
240,EMEA,2152.81,97.19,6,26.81,1,0.0,1010,5.83,0.068,0.0,0,93.67,ISO9001,1,0
240,EMEA,2152.81,97.19,6,25.93,1,0.0,888,4.0,0.04,0.01,8,72.43,ISO9001,0,0
240,EMEA,2152.81,97.19,6,20.58,1,0.0,1026,4.87,0.0,0.032,37,60.36,ISO9001,1,0
240,EMEA,2152.81,97.19,6,26.79,1,0.0,689,5.37,0.0,0.016,9,81.52,None,0,0
240,EMEA,2152.81,97.19,6,28.44,1,0.0,985,4.3,0.027,0.01,17,66.05,ISO9001,0,0
240,EMEA,2152.81,97.19,6,26.46,1,0.0,1501,4.6,0.007,0.02,21,100.0,ISO9001,1,0
240,EMEA,2152.81,97.19,6,26.52,1,0.0,1380,5.06,0.007,0.0,0,81.68,ISO9001,0,0
240,EMEA,2152.81,97.19,6,26.49,1,0.0,815,4.79,0.032,0.0,0,85.1,ISO9001,0,0
240,EMEA,2152.81,97.19,6,24.92,1,0.0,594,4.9,0.014,0.016,10,72.82,None,1,0
240,EMEA,2152.81,97.19,6,24.76,1,0.0,1040,5.19,0.035,0.033,33,91.08,ISO9001,0,0
240,EMEA,2152.81,97.19,6,23.74,1,0.0,1367,4.47,0.026,0.019,30,87.25,ISO9001+ISO14001,1,0
240,EMEA,2152.81,97.19,6,24.17,1,0.0,698,5.23,0.051,0.008,7,87.31,ISO9001,1,0
240,EMEA,2152.81,97.19,6,26.53,1,0.0,867,5.81,0.027,0.006,2,88.05,ISO9001+ISO14001,0,0
240,EMEA,2152.81,97.19,6,26.06,1,0.0,1113,5.11,0.032,0.0,0,80.19,None,0,0
241,AMER,1506.25,62.4,9,28.13,1,0.0,1073,5.03,0.051,0.021,18,75.43,ISO9001+ISO14001,1,0
241,AMER,1506.25,62.4,9,20.8,0,2.75,885,3.74,0.022,0.021,15,78.37,ISO9001,1,0
241,AMER,1506.25,62.4,9,20.55,1,0.0,992,3.52,0.031,0.013,18,82.56,None,0,0
241,AMER,1506.25,62.4,9,24.83,1,0.0,869,4.7,0.002,0.001,2,82.71,None,0,0
241,AMER,1506.25,62.4,9,19.98,0,1.98,1057,5.21,0.024,0.021,28,84.11,ISO9001,0,0
241,AMER,1506.25,62.4,9,20.95,1,0.0,483,4.58,0.027,0.011,6,70.42,ISO9001,1,0
241,AMER,1506.25,62.4,9,30.33,1,0.0,649,6.28,0.049,0.011,2,72.34,ISO9001+ISO14001,1,0
241,AMER,1506.25,62.4,9,23.67,1,0.0,1064,4.7,0.027,0.006,7,73.32,ISO9001,1,0
241,AMER,1506.25,62.4,9,26.73,1,0.0,837,5.75,0.04,0.0,0,63.63,None,0,0
241,AMER,1506.25,62.4,9,24.83,1,0.0,962,5.01,0.048,0.0,0,67.22,None,0,0
241,AMER,1506.25,62.4,9,25.11,1,0.0,868,5.33,0.05,0.003,6,85.7,ISO9001,1,0
241,AMER,1506.25,62.4,9,24.22,1,0.0,794,4.28,0.042,0.01,5,63.08,None,0,0
241,AMER,1506.25,62.4,9,28.6,1,0.0,1243,5.69,0.024,0.007,7,70.66,None,0,0
241,AMER,1506.25,62.4,9,30.76,1,0.0,1341,4.43,0.02,0.003,4,86.31,ISO9001,1,0
241,AMER,1506.25,62.4,9,24.25,1,0.0,644,5.11,0.047,0.012,8,74.67,ISO9001+ISO14001,1,0
241,AMER,1506.25,62.4,9,19.1,1,0.0,1472,5.01,0.033,0.006,10,84.19,ISO9001,1,0
241,AMER,1506.25,62.4,9,23.89,0,4.46,888,5.43,0.038,0.018,16,74.92,None,0,0
241,AMER,1506.25,62.4,9,25.08,1,0.0,1155,5.13,0.042,0.013,17,76.18,ISO9001,1,0
241,AMER,1506.25,62.4,9,29.5,1,0.0,721,5.9,0.015,0.015,18,80.07,ISO9001+ISO14001,1,0
241,AMER,1506.25,62.4,9,19.76,1,0.0,688,4.4,0.067,0.0,0,78.95,ISO9001,1,0
241,AMER,1506.25,62.4,9,17.65,1,0.0,633,4.43,0.041,0.007,5,91.81,None,0,0
241,AMER,1506.25,62.4,9,29.04,1,0.0,972,6.19,0.031,0.024,23,73.97,ISO9001+ISO14001,1,0
241,AMER,1506.25,62.4,9,19.46,0,4.33,763,4.41,0.006,0.012,6,76.48,None,0,0
241,AMER,1506.25,62.4,9,27.84,1,0.0,969,3.88,0.075,0.001,1,93.95,ISO9001,1,0
241,AMER,1506.25,62.4,9,24.11,1,0.0,681,4.86,0.023,0.025,14,80.49,ISO9001,1,0
241,AMER,1506.25,62.4,9,26.49,1,0.0,1067,5.99,0.069,0.027,22,89.44,ISO9001,1,0
241,AMER,1506.25,62.4,9,26.93,1,0.0,783,5.38,0.034,0.016,17,73.46,ISO9001+ISO14001,1,0
241,AMER,1506.25,62.4,9,28.36,1,0.0,1339,4.86,0.03,0.009,9,78.38,ISO9001,0,0
241,AMER,1506.25,62.4,9,25.45,1,0.0,984,5.24,0.011,0.0,0,82.26,ISO9001,0,0
241,AMER,1506.25,62.4,9,28.84,1,0.0,1132,5.14,0.065,0.031,30,76.69,ISO9001,1,0
241,AMER,1506.25,62.4,9,22.23,1,0.0,346,4.35,0.018,0.005,0,57.0,None,0,0
241,AMER,1506.25,62.4,9,25.78,1,0.0,1074,4.32,0.01,0.014,14,88.0,ISO9001,0,0
241,AMER,1506.25,62.4,9,26.6,1,0.0,701,4.84,0.035,0.023,21,97.32,ISO9001,1,0
241,AMER,1506.25,62.4,9,18.96,1,0.0,779,6.45,0.009,0.0,0,86.07,ISO9001+ISO14001,1,0
241,AMER,1506.25,62.4,9,24.43,1,0.0,859,5.86,0.018,0.024,13,99.64,ISO9001,0,0
241,AMER,1506.25,62.4,9,29.6,1,0.0,819,5.5,0.058,0.007,3,89.94,ISO9001,0,0
241,AMER,1506.25,62.4,9,24.62,1,0.0,712,5.71,0.037,0.023,15,88.61,ISO9001,0,0
241,AMER,1506.25,62.4,9,28.2,1,0.0,1245,5.41,0.025,0.0,0,78.79,ISO9001,0,0
241,AMER,1506.25,62.4,9,24.76,1,0.0,1246,6.24,0.053,0.032,42,72.94,ISO9001,1,0
241,AMER,1506.25,62.4,9,26.22,0,3.61,823,4.58,0.019,0.022,18,97.35,ISO9001,0,0
241,AMER,1506.25,62.4,9,21.88,1,0.0,1350,4.33,0.053,0.016,28,79.61,None,0,0
241,AMER,1506.25,62.4,9,25.87,1,0.0,1138,4.5,0.011,0.014,17,79.71,ISO9001+ISO14001,1,0
241,AMER,1506.25,62.4,9,23.85,1,0.0,1001,4.75,0.02,0.016,14,76.95,None,0,0
241,AMER,1506.25,62.4,9,22.07,1,0.0,1168,5.27,0.046,0.002,2,78.91,ISO9001+ISO14001,1,0
241,AMER,1506.25,62.4,9,23.12,1,0.0,970,5.15,0.009,0.012,13,65.51,ISO9001,0,0
241,AMER,1506.25,62.4,9,25.46,1,0.0,537,4.78,0.018,0.032,17,74.32,ISO9001,1,0
241,AMER,1506.25,62.4,9,24.4,1,0.0,1168,3.98,0.045,0.017,14,84.76,ISO9001,0,0
241,AMER,1506.25,62.4,9,27.36,1,0.0,1122,5.72,0.026,0.007,9,77.45,ISO9001,1,0
241,AMER,1506.25,62.4,9,21.26,1,0.0,696,5.01,0.076,0.029,24,87.06,ISO9001+ISO14001,1,0
241,AMER,1506.25,62.4,9,28.72,1,0.0,931,4.0,0.003,0.009,9,79.96,ISO9001,1,0
241,AMER,1506.25,62.4,9,20.29,1,0.0,922,5.31,0.04,0.0,0,92.05,None,0,0
241,AMER,1506.25,62.4,9,28.17,1,0.0,563,5.63,0.026,0.012,10,78.73,ISO9001,1,0
241,AMER,1506.25,62.4,9,25.08,1,0.0,1585,4.87,0.054,0.021,38,79.28,ISO9001,0,0
241,AMER,1506.25,62.4,9,25.38,1,0.0,1188,5.67,0.056,0.007,4,80.07,ISO9001+ISO14001,1,0
241,AMER,1506.25,62.4,9,20.63,0,5.11,1245,5.51,0.062,0.031,44,71.46,ISO9001,0,0
241,AMER,1506.25,62.4,9,27.51,1,0.0,952,4.35,0.021,0.024,20,65.25,ISO9001,0,0
241,AMER,1506.25,62.4,9,24.46,1,0.0,1197,5.49,0.079,0.012,16,85.36,ISO9001,1,0
241,AMER,1506.25,62.4,9,24.94,1,0.0,776,4.65,0.058,0.002,3,92.15,ISO9001,0,0
242,EMEA,2328.38,80.5,7,23.03,1,0.0,851,4.74,0.031,0.003,1,77.9,ISO9001,0,0
242,EMEA,2328.38,80.5,7,25.88,1,0.0,420,5.54,0.071,0.029,15,80.77,None,0,0
242,EMEA,2328.38,80.5,7,28.78,1,0.0,1003,4.79,0.046,0.019,11,81.64,ISO9001,1,0
242,EMEA,2328.38,80.5,7,27.37,1,0.0,655,5.36,0.036,0.026,20,82.25,ISO9001,0,0
242,EMEA,2328.38,80.5,7,32.84,1,0.0,1191,4.76,0.046,0.015,10,83.2,None,0,0
242,EMEA,2328.38,80.5,7,27.39,1,0.0,827,4.65,0.038,0.024,15,72.63,None,0,0
242,EMEA,2328.38,80.5,7,29.23,1,0.0,1510,5.48,0.0,0.017,22,81.01,ISO9001,1,0
242,EMEA,2328.38,80.5,7,27.92,1,0.0,766,5.68,0.037,0.019,16,88.13,ISO9001,1,0
242,EMEA,2328.38,80.5,7,30.34,0,8.21,936,4.64,0.045,0.032,36,76.98,ISO9001+ISO14001,0,0
242,EMEA,2328.38,80.5,7,28.62,1,0.0,957,5.28,0.027,0.022,26,66.05,None,0,0
242,EMEA,2328.38,80.5,7,20.85,0,6.41,1051,4.59,0.032,0.029,24,41.98,ISO9001,0,0
242,EMEA,2328.38,80.5,7,26.99,1,0.0,1144,4.55,0.024,0.018,20,71.15,ISO9001,1,0
242,EMEA,2328.38,80.5,7,27.06,1,0.0,832,4.49,0.033,0.018,13,72.93,ISO9001,0,0
242,EMEA,2328.38,80.5,7,28.1,1,0.0,798,3.92,0.045,0.033,27,75.68,None,1,0
242,EMEA,2328.38,80.5,7,29.27,1,0.0,1320,4.94,0.035,0.009,12,72.93,ISO9001,0,0
243,APAC,3547.99,73.02,8,36.9,1,0.0,1286,5.22,0.019,0.007,8,89.98,ISO9001+ISO14001,1,0
243,APAC,3547.99,73.02,8,24.9,1,0.0,718,4.71,0.092,0.019,14,71.51,ISO9001,1,0
243,APAC,3547.99,73.02,8,29.09,1,0.0,1174,5.01,0.039,0.018,24,83.44,ISO9001,1,0
243,APAC,3547.99,73.02,8,33.5,0,4.59,1166,5.55,0.055,0.028,34,68.41,ISO9001,0,0
243,APAC,3547.99,73.02,8,29.85,1,0.0,826,4.58,0.045,0.012,5,90.92,ISO9001,0,0
243,APAC,3547.99,73.02,8,25.68,1,0.0,1182,6.13,0.055,0.011,11,76.45,ISO9001,1,0
243,APAC,3547.99,73.02,8,31.45,1,0.0,994,5.5,0.055,0.031,28,69.91,ISO9001,0,0
243,APAC,3547.99,73.02,8,31.48,1,0.0,1023,5.58,0.074,0.017,21,81.15,ISO9001,0,0
243,APAC,3547.99,73.02,8,26.35,1,0.0,1226,4.85,0.041,0.013,18,55.83,ISO9001,1,0
243,APAC,3547.99,73.02,8,32.78,1,0.0,1103,4.88,0.013,0.012,17,57.96,None,1,0
243,APAC,3547.99,73.02,8,30.09,1,0.0,1357,4.93,0.048,0.015,18,79.6,ISO9001,1,0
243,APAC,3547.99,73.02,8,33.49,1,0.0,1251,5.07,0.007,0.017,27,76.33,ISO9001+ISO14001,1,0
243,APAC,3547.99,73.02,8,34.06,1,0.0,709,4.41,0.047,0.016,9,73.15,ISO9001,1,0
243,APAC,3547.99,73.02,8,34.41,0,5.68,966,4.82,0.036,0.028,28,68.9,None,1,0
243,APAC,3547.99,73.02,8,32.73,1,0.0,924,5.26,0.037,0.004,2,85.33,ISO9001,0,0
243,APAC,3547.99,73.02,8,27.89,1,0.0,754,5.04,0.02,0.016,9,84.52,ISO9001,1,0
243,APAC,3547.99,73.02,8,36.86,1,0.0,1222,5.42,0.066,0.025,36,71.58,ISO9001,0,0
243,APAC,3547.99,73.02,8,27.89,1,0.0,1043,5.45,0.017,0.009,11,90.12,None,0,0
243,APAC,3547.99,73.02,8,32.43,1,0.0,1130,5.36,0.089,0.018,12,73.58,ISO9001,0,0
243,APAC,3547.99,73.02,8,29.22,1,0.0,481,4.43,0.048,0.008,7,82.95,ISO9001,1,0
243,APAC,3547.99,73.02,8,30.54,1,0.0,718,5.34,0.048,0.022,17,71.12,ISO9001,1,0
243,APAC,3547.99,73.02,8,29.36,1,0.0,1413,5.08,0.064,0.0,0,62.69,None,1,0
243,APAC,3547.99,73.02,8,30.25,1,0.0,1175,4.69,0.042,0.047,66,77.64,None,0,0
243,APAC,3547.99,73.02,8,38.53,1,0.0,1065,4.66,0.052,0.012,16,76.16,ISO9001,1,0
243,APAC,3547.99,73.02,8,28.75,1,0.0,688,4.66,0.021,0.021,13,86.82,ISO9001,1,0
243,APAC,3547.99,73.02,8,27.19,1,0.0,1130,4.66,0.0,0.025,38,86.54,ISO9001,1,0
243,APAC,3547.99,73.02,8,32.72,1,0.0,840,4.15,0.067,0.021,20,84.1,ISO9001,1,0
243,APAC,3547.99,73.02,8,26.69,1,0.0,1455,5.15,0.025,0.014,26,75.88,ISO9001,1,0
243,APAC,3547.99,73.02,8,28.1,1,0.0,859,5.9,0.06,0.007,5,74.46,ISO9001,0,0
243,APAC,3547.99,73.02,8,30.06,1,0.0,1278,5.29,0.018,0.018,15,93.59,ISO9001,0,0
243,APAC,3547.99,73.02,8,32.38,1,0.0,849,4.92,0.063,0.017,13,44.89,None,0,0
243,APAC,3547.99,73.02,8,34.49,1,0.0,1417,5.08,0.0,0.011,8,73.09,ISO9001,1,0
243,APAC,3547.99,73.02,8,30.21,1,0.0,824,4.72,0.01,0.022,22,88.53,ISO9001+ISO14001,0,0
243,APAC,3547.99,73.02,8,36.36,1,0.0,1275,4.67,0.028,0.024,36,99.02,ISO9001+ISO14001,0,0
243,APAC,3547.99,73.02,8,30.7,1,0.0,1413,5.69,0.014,0.023,30,80.16,ISO9001,0,0
243,APAC,3547.99,73.02,8,32.48,1,0.0,1178,6.43,0.041,0.019,23,87.77,ISO9001+ISO14001,0,0
243,APAC,3547.99,73.02,8,27.16,1,0.0,1543,7.05,0.014,0.009,20,67.86,None,0,0
243,APAC,3547.99,73.02,8,27.95,0,3.99,953,4.27,0.052,0.011,12,81.32,ISO9001,1,0
243,APAC,3547.99,73.02,8,33.23,1,0.0,1151,4.42,0.059,0.019,15,70.79,ISO9001,0,0
243,APAC,3547.99,73.02,8,29.87,1,0.0,765,5.33,0.0,0.023,22,69.5,ISO9001,1,0
243,APAC,3547.99,73.02,8,33.69,1,0.0,608,4.73,0.05,0.013,14,91.55,ISO9001+ISO14001,0,0
243,APAC,3547.99,73.02,8,33.04,1,0.0,1885,4.59,0.012,0.0,0,72.77,ISO9001,0,0
243,APAC,3547.99,73.02,8,37.36,1,0.0,837,4.72,0.0,0.008,5,64.07,ISO9001,0,0
243,APAC,3547.99,73.02,8,31.2,0,6.48,1066,4.74,0.037,0.01,11,83.64,ISO9001,1,0
243,APAC,3547.99,73.02,8,31.6,1,0.0,899,4.97,0.037,0.026,18,79.0,None,0,0
243,APAC,3547.99,73.02,8,29.3,1,0.0,605,4.96,0.03,0.003,4,83.2,None,1,0
243,APAC,3547.99,73.02,8,36.81,1,0.0,994,5.17,0.052,0.026,26,79.62,ISO9001,0,0
243,APAC,3547.99,73.02,8,33.28,0,7.46,869,5.0,0.0,0.01,10,84.2,ISO9001,0,0
243,APAC,3547.99,73.02,8,37.14,1,0.0,1225,4.62,0.018,0.018,34,82.64,ISO9001+ISO14001,1,0
243,APAC,3547.99,73.02,8,34.2,1,0.0,827,4.45,0.058,0.016,11,80.25,ISO9001+ISO14001,1,0
243,APAC,3547.99,73.02,8,30.82,1,0.0,1157,5.31,0.062,0.017,23,63.3,ISO9001,0,0
243,APAC,3547.99,73.02,8,31.35,0,5.79,1057,4.83,0.073,0.017,19,89.79,ISO9001,0,0
243,APAC,3547.99,73.02,8,34.11,1,0.0,666,4.56,0.012,0.016,15,66.81,ISO9001,1,0
244,EMEA,2282.82,78.96,8,26.61,1,0.0,958,5.36,0.031,0.005,4,87.22,ISO9001+ISO14001,1,0
244,EMEA,2282.82,78.96,8,26.45,1,0.0,1234,4.86,0.031,0.016,16,83.32,ISO9001,0,0
244,EMEA,2282.82,78.96,8,29.81,1,0.0,983,5.06,0.008,0.019,16,93.04,None,0,0
244,EMEA,2282.82,78.96,8,27.2,1,0.0,964,4.51,0.009,0.034,34,72.59,ISO9001,1,0
244,EMEA,2282.82,78.96,8,22.73,1,0.0,1288,4.83,0.03,0.036,40,91.84,None,0,0
244,EMEA,2282.82,78.96,8,29.01,1,0.0,1114,5.41,0.011,0.006,8,94.76,ISO9001,0,0
244,EMEA,2282.82,78.96,8,15.33,1,0.0,1071,5.33,0.045,0.018,20,66.17,None,0,0
244,EMEA,2282.82,78.96,8,22.39,1,0.0,772,5.05,0.034,0.011,4,69.36,ISO9001+ISO14001,1,0
244,EMEA,2282.82,78.96,8,27.18,1,0.0,1549,4.88,0.014,0.016,35,63.89,ISO9001,1,0
244,EMEA,2282.82,78.96,8,29.64,1,0.0,592,5.79,0.052,0.013,3,77.65,None,0,0
244,EMEA,2282.82,78.96,8,21.99,1,0.0,876,5.68,0.024,0.003,3,65.43,ISO9001,1,0
244,EMEA,2282.82,78.96,8,24.01,1,0.0,1298,5.34,0.056,0.02,29,60.01,None,1,0
244,EMEA,2282.82,78.96,8,27.67,1,0.0,885,4.79,0.018,0.018,21,62.74,ISO9001,1,0
244,EMEA,2282.82,78.96,8,22.38,1,0.0,1158,4.95,0.024,0.021,27,76.23,ISO9001,1,0
244,EMEA,2282.82,78.96,8,29.03,1,0.0,855,5.47,0.024,0.018,20,66.86,None,1,0
244,EMEA,2282.82,78.96,8,24.16,1,0.0,977,4.99,0.002,0.019,20,69.83,None,0,0
244,EMEA,2282.82,78.96,8,27.36,1,0.0,1020,4.93,0.007,0.021,23,98.32,ISO9001,0,0
244,EMEA,2282.82,78.96,8,28.21,1,0.0,1181,5.04,0.026,0.012,16,100.0,ISO9001+ISO14001,0,0
244,EMEA,2282.82,78.96,8,32.55,1,0.0,708,4.29,0.056,0.014,5,76.4,ISO9001+ISO14001,1,0
244,EMEA,2282.82,78.96,8,29.65,1,0.0,737,4.92,0.021,0.006,6,64.07,ISO9001,0,0
244,EMEA,2282.82,78.96,8,30.55,1,0.0,1452,4.97,0.03,0.022,39,84.33,ISO9001,0,0
244,EMEA,2282.82,78.96,8,25.1,1,0.0,1388,4.28,0.051,0.02,28,66.62,ISO9001+ISO14001,1,0
244,EMEA,2282.82,78.96,8,28.01,1,0.0,1112,5.57,0.046,0.012,9,72.52,ISO9001,0,0
244,EMEA,2282.82,78.96,8,28.87,1,0.0,1176,5.3,0.039,0.013,16,73.19,ISO9001,0,0
244,EMEA,2282.82,78.96,8,27.37,1,0.0,795,5.05,0.053,0.011,2,87.3,ISO9001,1,0
244,EMEA,2282.82,78.96,8,28.45,1,0.0,1151,5.93,0.033,0.007,10,79.53,ISO9001+ISO14001,1,0
244,EMEA,2282.82,78.96,8,29.35,1,0.0,671,5.91,0.022,0.015,15,74.39,None,0,0
244,EMEA,2282.82,78.96,8,26.68,1,0.0,897,4.63,0.033,0.036,34,81.16,ISO9001+ISO14001,1,0
244,EMEA,2282.82,78.96,8,24.05,1,0.0,989,3.67,0.019,0.0,0,97.03,ISO9001,1,0
244,EMEA,2282.82,78.96,8,31.39,1,0.0,992,4.44,0.008,0.029,38,83.72,None,0,0
244,EMEA,2282.82,78.96,8,25.77,1,0.0,1363,4.35,0.055,0.007,10,80.2,ISO9001,1,0
244,EMEA,2282.82,78.96,8,24.92,1,0.0,972,5.94,0.02,0.028,21,85.62,ISO9001,1,0
244,EMEA,2282.82,78.96,8,29.26,1,0.0,1657,6.37,0.03,0.02,26,53.92,None,0,0
244,EMEA,2282.82,78.96,8,32.05,1,0.0,857,4.53,0.068,0.012,11,91.2,ISO9001,1,0
244,EMEA,2282.82,78.96,8,25.48,1,0.0,941,5.09,0.029,0.008,5,70.84,None,1,0
244,EMEA,2282.82,78.96,8,25.1,0,6.24,814,4.65,0.045,0.001,0,75.36,ISO9001,1,0
244,EMEA,2282.82,78.96,8,32.12,1,0.0,709,5.13,0.029,0.021,15,70.56,ISO9001,1,0
244,EMEA,2282.82,78.96,8,26.85,1,0.0,1185,5.93,0.055,0.029,34,68.48,ISO9001+ISO14001,0,0
244,EMEA,2282.82,78.96,8,22.03,0,5.54,974,4.66,0.048,0.0,0,64.44,ISO9001,1,0
244,EMEA,2282.82,78.96,8,32.01,1,0.0,1262,4.89,0.013,0.02,29,92.1,ISO9001+ISO14001,0,0
244,EMEA,2282.82,78.96,8,22.01,1,0.0,741,3.73,0.041,0.022,13,73.21,ISO9001,0,0
244,EMEA,2282.82,78.96,8,29.4,1,0.0,1002,4.89,0.024,0.024,29,76.19,ISO9001,1,0
244,EMEA,2282.82,78.96,8,23.89,1,0.0,965,4.74,0.066,0.0,0,82.93,ISO9001+ISO14001,1,0
245,EMEA,2018.53,51.15,6,25.81,1,0.0,1237,4.8,0.014,0.019,24,79.2,ISO9001,0,0
245,EMEA,2018.53,51.15,6,28.73,1,0.0,915,6.22,0.026,0.021,20,84.82,ISO9001+ISO14001,1,0
245,EMEA,2018.53,51.15,6,29.13,0,7.63,907,3.82,0.043,0.025,24,77.33,ISO9001,0,0
245,EMEA,2018.53,51.15,6,25.7,1,0.0,711,5.82,0.013,0.025,19,54.24,None,0,0
245,EMEA,2018.53,51.15,6,25.49,1,0.0,1098,3.96,0.077,0.027,20,82.63,ISO9001,1,0
245,EMEA,2018.53,51.15,6,25.2,1,0.0,1172,5.52,0.004,0.038,45,78.17,ISO9001,1,0
245,EMEA,2018.53,51.15,6,29.95,1,0.0,1064,3.98,0.051,0.013,17,78.65,ISO9001,0,0
245,EMEA,2018.53,51.15,6,23.38,1,0.0,897,3.8,0.032,0.028,23,84.7,ISO9001,1,0
245,EMEA,2018.53,51.15,6,20.66,1,0.0,403,6.43,0.046,0.017,5,77.51,None,1,0
245,EMEA,2018.53,51.15,6,24.2,1,0.0,912,4.76,0.032,0.038,37,72.35,ISO9001+ISO14001,1,0
245,EMEA,2018.53,51.15,6,25.42,1,0.0,940,5.09,0.052,0.012,9,82.73,ISO9001,0,0
245,EMEA,2018.53,51.15,6,19.46,1,0.0,735,4.73,0.082,0.01,11,92.71,ISO9001,1,0
245,EMEA,2018.53,51.15,6,23.44,1,0.0,625,4.32,0.041,0.027,19,76.21,ISO9001,1,0
245,EMEA,2018.53,51.15,6,31.93,0,9.02,753,5.98,0.01,0.012,11,68.62,ISO9001+ISO14001,0,0
245,EMEA,2018.53,51.15,6,28.33,1,0.0,745,5.55,0.053,0.017,11,69.1,ISO9001,1,0
245,EMEA,2018.53,51.15,6,26.4,0,5.28,1444,5.28,0.029,0.01,24,76.84,None,0,0
245,EMEA,2018.53,51.15,6,28.49,1,0.0,984,5.5,0.008,0.017,15,94.58,ISO9001,1,0
245,EMEA,2018.53,51.15,6,29.15,1,0.0,857,3.76,0.066,0.032,22,74.61,ISO9001+ISO14001,0,0
245,EMEA,2018.53,51.15,6,25.01,1,0.0,626,5.72,0.018,0.024,14,81.73,None,0,0
245,EMEA,2018.53,51.15,6,23.29,1,0.0,816,4.62,0.021,0.03,27,93.1,None,0,0
245,EMEA,2018.53,51.15,6,25.55,1,0.0,594,4.97,0.046,0.023,12,77.97,None,0,0
245,EMEA,2018.53,51.15,6,27.71,0,5.68,483,3.95,0.034,0.036,18,80.49,ISO9001,1,0
245,EMEA,2018.53,51.15,6,25.65,0,3.04,1179,3.91,0.033,0.011,12,73.74,ISO9001,1,0
245,EMEA,2018.53,51.15,6,19.3,1,0.0,1092,5.35,0.026,0.019,18,82.95,ISO9001,1,0
245,EMEA,2018.53,51.15,6,20.28,1,0.0,589,5.56,0.06,0.017,7,71.02,ISO9001+ISO14001,1,0
245,EMEA,2018.53,51.15,6,34.82,1,0.0,828,5.24,0.013,0.0,1,82.74,ISO9001,1,0
245,EMEA,2018.53,51.15,6,28.18,1,0.0,994,4.53,0.02,0.011,7,64.92,ISO9001+ISO14001,1,0
245,EMEA,2018.53,51.15,6,29.12,1,0.0,1270,4.46,0.017,0.001,4,81.85,ISO9001,1,0
245,EMEA,2018.53,51.15,6,27.25,1,0.0,1116,5.86,0.041,0.01,16,75.01,None,1,0
245,EMEA,2018.53,51.15,6,24.21,1,0.0,995,6.27,0.022,0.03,32,73.88,None,0,0
245,EMEA,2018.53,51.15,6,23.66,1,0.0,974,4.82,0.023,0.024,24,69.52,None,0,0
245,EMEA,2018.53,51.15,6,25.04,1,0.0,998,4.23,0.056,0.026,26,61.73,ISO9001,1,0
245,EMEA,2018.53,51.15,6,29.15,1,0.0,717,4.53,0.031,0.041,29,76.8,None,1,0
245,EMEA,2018.53,51.15,6,24.98,0,6.7,744,4.24,0.07,0.029,19,83.55,None,0,0
245,EMEA,2018.53,51.15,6,27.63,1,0.0,899,5.39,0.01,0.032,24,74.98,ISO9001,0,0
245,EMEA,2018.53,51.15,6,28.31,1,0.0,605,4.93,0.015,0.011,6,68.88,ISO9001,1,0
246,APAC,3517.78,60.2,4,34.1,0,7.94,1114,4.24,0.061,0.029,32,60.65,ISO9001,1,1
246,APAC,3517.78,60.2,4,30.97,1,0.0,678,5.32,0.045,0.024,21,70.45,ISO9001,1,0
246,APAC,3517.78,60.2,4,34.27,1,0.0,905,5.2,0.069,0.019,19,62.21,ISO9001,0,0
246,APAC,3517.78,60.2,4,26.0,1,0.0,1092,4.0,0.033,0.03,29,75.87,ISO9001,1,0
246,APAC,3517.78,60.2,4,36.03,1,0.0,890,6.09,0.019,0.014,11,74.59,ISO9001+ISO14001,0,0
246,APAC,3517.78,60.2,4,38.21,1,0.0,1045,4.95,0.027,0.033,38,72.99,ISO9001,1,0
246,APAC,3517.78,60.2,4,33.69,1,0.0,365,4.75,0.039,0.028,9,63.99,ISO9001,1,0
246,APAC,3517.78,60.2,4,35.95,1,0.0,1080,5.28,0.016,0.045,38,75.45,None,0,0
246,APAC,3517.78,60.2,4,32.34,1,0.0,1094,4.77,0.022,0.035,28,68.38,ISO9001,0,0
246,APAC,3517.78,60.2,4,32.69,0,8.93,1081,4.26,0.031,0.026,31,82.04,None,0,0
246,APAC,3517.78,60.2,4,31.94,1,0.0,944,5.03,0.019,0.002,3,75.3,ISO9001,1,0
246,APAC,3517.78,60.2,4,37.46,1,0.0,995,5.25,0.044,0.023,24,77.75,ISO9001,1,0
246,APAC,3517.78,60.2,4,29.96,0,6.39,983,5.37,0.054,0.024,27,80.15,ISO9001,1,0
246,APAC,3517.78,60.2,4,34.46,1,0.0,1083,5.3,0.068,0.02,22,80.21,ISO9001,0,0
246,APAC,3517.78,60.2,4,30.31,1,0.0,1003,3.87,0.067,0.02,16,59.38,ISO9001,1,0
246,APAC,3517.78,60.2,4,33.84,0,6.43,945,5.36,0.049,0.022,15,70.33,ISO9001+ISO14001,1,0
246,APAC,3517.78,60.2,4,31.24,0,6.77,548,3.87,0.017,0.018,12,73.85,ISO9001,0,0
246,APAC,3517.78,60.2,4,31.21,1,0.0,905,5.09,0.033,0.021,24,60.46,ISO9001,0,0
246,APAC,3517.78,60.2,4,37.03,1,0.0,1079,5.3,0.064,0.029,37,54.39,ISO9001,1,0
246,APAC,3517.78,60.2,4,24.51,1,0.0,1088,4.68,0.036,0.046,54,69.6,None,0,0
246,APAC,3517.78,60.2,4,36.5,0,7.39,921,4.79,0.026,0.033,37,83.3,ISO9001,0,0
246,APAC,3517.78,60.2,4,26.82,1,0.0,853,4.78,0.03,0.027,22,88.41,ISO9001+ISO14001,1,0
246,APAC,3517.78,60.2,4,28.03,1,0.0,828,4.76,0.059,0.034,30,55.95,ISO9001+ISO14001,1,0
246,APAC,3517.78,60.2,4,37.68,1,0.0,1117,5.54,0.047,0.015,19,74.6,ISO9001,1,0
246,APAC,3517.78,60.2,4,36.84,1,0.0,830,5.39,0.036,0.02,14,81.79,ISO9001,0,0
246,APAC,3517.78,60.2,4,32.32,0,6.48,833,5.74,0.061,0.041,37,66.72,ISO9001,1,1
246,APAC,3517.78,60.2,4,32.79,1,0.0,938,4.37,0.05,0.031,31,94.42,ISO9001,0,0
246,APAC,3517.78,60.2,4,33.03,1,0.0,779,4.46,0.031,0.031,29,93.65,None,0,0
246,APAC,3517.78,60.2,4,35.65,1,0.0,1046,4.06,0.05,0.031,30,88.43,ISO9001+ISO14001,0,0
246,APAC,3517.78,60.2,4,28.69,0,7.5,870,5.07,0.052,0.005,1,88.13,ISO9001,1,0
246,APAC,3517.78,60.2,4,34.1,1,0.0,706,4.85,0.045,0.018,13,76.78,ISO9001+ISO14001,1,0
246,APAC,3517.78,60.2,4,36.02,1,0.0,1082,5.22,0.041,0.026,29,69.59,ISO9001,1,0
246,APAC,3517.78,60.2,4,32.93,1,0.0,1054,4.87,0.02,0.009,9,83.53,None,0,0
246,APAC,3517.78,60.2,4,30.01,1,0.0,1460,4.99,0.07,0.04,58,72.3,ISO9001,1,0
246,APAC,3517.78,60.2,4,31.2,1,0.0,934,4.57,0.092,0.005,4,80.08,ISO9001,1,0
246,APAC,3517.78,60.2,4,32.93,1,0.0,1067,5.46,0.03,0.018,18,71.54,ISO9001,1,0
246,APAC,3517.78,60.2,4,31.08,1,0.0,1182,4.75,0.015,0.022,30,79.17,None,0,0
246,APAC,3517.78,60.2,4,30.17,1,0.0,1035,6.09,0.07,0.028,20,65.65,ISO9001+ISO14001,0,0
246,APAC,3517.78,60.2,4,30.66,1,0.0,916,5.13,0.019,0.027,25,71.11,ISO9001,1,0
246,APAC,3517.78,60.2,4,31.71,1,0.0,628,5.05,0.016,0.032,11,72.32,None,0,0
246,APAC,3517.78,60.2,4,28.48,1,0.0,880,5.16,0.051,0.036,33,90.38,ISO9001+ISO14001,1,0
246,APAC,3517.78,60.2,4,35.28,1,0.0,965,5.02,0.036,0.021,23,78.64,ISO9001+ISO14001,1,0
246,APAC,3517.78,60.2,4,34.33,1,0.0,1202,4.3,0.047,0.038,41,65.88,None,0,0
246,APAC,3517.78,60.2,4,26.22,0,5.01,1070,5.19,0.037,0.022,34,75.09,ISO9001+ISO14001,0,0
246,APAC,3517.78,60.2,4,25.36,0,4.64,872,5.23,0.059,0.017,13,83.79,ISO9001,1,0
246,APAC,3517.78,60.2,4,33.56,1,0.0,1158,6.73,0.059,0.026,30,72.85,None,1,0
246,APAC,3517.78,60.2,4,32.41,1,0.0,1285,5.52,0.0,0.002,2,81.19,ISO9001+ISO14001,1,0
246,APAC,3517.78,60.2,4,30.75,1,0.0,900,4.55,0.022,0.032,33,67.12,ISO9001,0,0
246,APAC,3517.78,60.2,4,31.47,1,0.0,1222,4.4,0.028,0.033,38,92.34,ISO9001,1,0
246,APAC,3517.78,60.2,4,32.45,1,0.0,1198,5.65,0.041,0.016,20,88.94,ISO9001,1,0
247,APAC,3692.2,48.01,4,31.39,1,0.0,996,4.87,0.029,0.018,16,60.3,None,0,0
247,APAC,3692.2,48.01,4,31.95,1,0.0,930,4.36,0.039,0.02,24,87.39,ISO9001+ISO14001,1,0
247,APAC,3692.2,48.01,4,31.72,1,0.0,920,4.59,0.043,0.013,14,72.64,None,0,0
247,APAC,3692.2,48.01,4,29.94,1,0.0,964,4.99,0.003,0.034,44,65.67,ISO9001+ISO14001,0,0
247,APAC,3692.2,48.01,4,35.2,1,0.0,1379,5.13,0.0,0.036,46,69.89,ISO9001,1,0
247,APAC,3692.2,48.01,4,35.48,1,0.0,1223,3.9,0.032,0.009,14,73.66,ISO9001+ISO14001,0,0
247,APAC,3692.2,48.01,4,36.0,1,0.0,1255,4.22,0.015,0.024,35,85.21,None,0,0
247,APAC,3692.2,48.01,4,34.01,1,0.0,932,5.41,0.054,0.022,15,79.78,ISO9001,1,0
247,APAC,3692.2,48.01,4,36.74,0,5.32,1113,4.12,0.0,0.009,10,72.08,ISO9001+ISO14001,1,0
247,APAC,3692.2,48.01,4,33.02,1,0.0,1095,4.71,0.0,0.018,18,63.59,ISO9001+ISO14001,0,0
247,APAC,3692.2,48.01,4,35.64,1,0.0,841,4.81,0.0,0.014,9,76.47,ISO9001,1,0
247,APAC,3692.2,48.01,4,35.7,1,0.0,892,3.82,0.016,0.017,18,57.87,ISO9001+ISO14001,1,0
247,APAC,3692.2,48.01,4,29.49,1,0.0,875,4.9,0.076,0.015,14,64.92,ISO9001,1,0
247,APAC,3692.2,48.01,4,32.51,1,0.0,989,5.5,0.008,0.019,15,94.49,ISO9001+ISO14001,1,0
247,APAC,3692.2,48.01,4,32.62,0,4.78,946,5.77,0.01,0.023,16,91.53,None,0,0
247,APAC,3692.2,48.01,4,31.9,0,8.11,1004,4.35,0.029,0.025,24,74.84,ISO9001+ISO14001,1,0
247,APAC,3692.2,48.01,4,28.95,1,0.0,1340,3.99,0.033,0.017,18,76.34,ISO9001,0,0
247,APAC,3692.2,48.01,4,31.08,1,0.0,984,4.95,0.035,0.023,17,76.22,ISO9001,1,0
247,APAC,3692.2,48.01,4,31.91,0,2.65,1262,3.81,0.024,0.013,17,64.78,None,0,1
247,APAC,3692.2,48.01,4,35.5,0,5.29,933,5.73,0.05,0.0,0,55.44,ISO9001+ISO14001,0,1
247,APAC,3692.2,48.01,4,37.99,1,0.0,822,5.5,0.021,0.022,19,83.85,ISO9001,1,0
247,APAC,3692.2,48.01,4,30.51,1,0.0,1134,4.63,0.056,0.04,44,61.81,ISO9001+ISO14001,1,0
247,APAC,3692.2,48.01,4,34.72,1,0.0,968,4.65,0.048,0.037,35,70.38,ISO9001,1,0
247,APAC,3692.2,48.01,4,33.06,1,0.0,636,3.67,0.053,0.025,16,79.47,ISO9001,1,0
247,APAC,3692.2,48.01,4,34.1,1,0.0,1228,4.25,0.03,0.006,7,77.68,ISO9001,1,0
247,APAC,3692.2,48.01,4,33.97,0,1.99,914,4.52,0.063,0.015,9,79.27,ISO9001,0,0
247,APAC,3692.2,48.01,4,34.29,1,0.0,867,4.24,0.07,0.031,26,75.11,ISO9001,1,0
247,APAC,3692.2,48.01,4,35.61,1,0.0,703,4.86,0.04,0.015,6,63.06,ISO9001+ISO14001,1,0
247,APAC,3692.2,48.01,4,33.07,1,0.0,829,4.37,0.015,0.019,16,66.3,ISO9001+ISO14001,0,0
247,APAC,3692.2,48.01,4,34.84,1,0.0,1460,4.58,0.045,0.025,29,85.63,ISO9001,0,0
247,APAC,3692.2,48.01,4,28.32,1,0.0,1426,5.06,0.038,0.013,15,79.33,ISO9001,0,0
247,APAC,3692.2,48.01,4,32.87,1,0.0,1148,4.7,0.029,0.024,25,81.88,ISO9001,1,0
247,APAC,3692.2,48.01,4,27.78,1,0.0,1349,4.62,0.001,0.035,49,74.98,None,0,0
247,APAC,3692.2,48.01,4,34.35,1,0.0,894,3.35,0.048,0.019,15,65.48,None,0,0
247,APAC,3692.2,48.01,4,35.32,1,0.0,995,5.03,0.0,0.012,9,78.04,ISO9001,0,0
247,APAC,3692.2,48.01,4,32.75,1,0.0,787,5.16,0.063,0.023,16,64.13,ISO9001,1,0
247,APAC,3692.2,48.01,4,34.68,1,0.0,521,3.79,0.028,0.015,5,73.61,ISO9001,0,0
247,APAC,3692.2,48.01,4,31.05,1,0.0,1201,5.52,0.033,0.034,45,76.84,ISO9001+ISO14001,1,0
247,APAC,3692.2,48.01,4,27.34,1,0.0,1124,4.94,0.047,0.012,9,88.29,ISO9001,1,0
247,APAC,3692.2,48.01,4,34.08,1,0.0,881,5.3,0.04,0.028,25,70.31,ISO9001+ISO14001,1,0
247,APAC,3692.2,48.01,4,33.53,1,0.0,1414,4.83,0.049,0.032,59,76.58,ISO9001+ISO14001,1,0
247,APAC,3692.2,48.01,4,30.76,1,0.0,762,6.1,0.06,0.031,15,74.03,None,0,0
247,APAC,3692.2,48.01,4,32.85,1,0.0,1092,4.6,0.068,0.001,2,80.36,None,0,0
247,APAC,3692.2,48.01,4,35.79,1,0.0,1196,5.35,0.047,0.003,2,86.31,None,0,0
247,APAC,3692.2,48.01,4,30.92,1,0.0,971,4.65,0.044,0.029,33,76.01,ISO9001,1,0
247,APAC,3692.2,48.01,4,34.12,1,0.0,1118,5.17,0.045,0.038,40,76.28,ISO9001+ISO14001,0,0
247,APAC,3692.2,48.01,4,30.36,1,0.0,1165,4.68,0.055,0.022,24,99.97,ISO9001+ISO14001,1,0
247,APAC,3692.2,48.01,4,32.18,1,0.0,1375,5.29,0.018,0.029,36,80.41,ISO9001,1,0
247,APAC,3692.2,48.01,4,34.03,1,0.0,702,4.68,0.073,0.034,25,59.27,ISO9001+ISO14001,1,0
247,APAC,3692.2,48.01,4,32.4,1,0.0,1389,5.82,0.07,0.038,44,67.94,ISO9001,0,0
247,APAC,3692.2,48.01,4,29.13,1,0.0,783,4.63,0.055,0.01,7,59.47,ISO9001,0,0
247,APAC,3692.2,48.01,4,30.54,1,0.0,698,4.83,0.038,0.022,19,63.83,ISO9001,1,0
247,APAC,3692.2,48.01,4,34.52,1,0.0,1227,5.21,0.047,0.018,22,76.9,ISO9001,1,0
247,APAC,3692.2,48.01,4,31.42,1,0.0,1289,5.94,0.017,0.041,43,58.18,None,0,0
247,APAC,3692.2,48.01,4,36.19,1,0.0,1260,5.71,0.062,0.021,25,57.16,None,0,0
247,APAC,3692.2,48.01,4,34.86,1,0.0,784,5.39,0.046,0.035,26,80.34,None,1,0
247,APAC,3692.2,48.01,4,34.02,0,9.78,1376,4.04,0.033,0.033,44,83.25,None,0,0
248,EMEA,2278.68,50.87,4,23.25,1,0.0,951,5.71,0.003,0.013,12,89.25,ISO9001,0,0
248,EMEA,2278.68,50.87,4,32.75,1,0.0,1145,5.63,0.081,0.032,28,72.24,ISO9001,0,0
248,EMEA,2278.68,50.87,4,28.24,1,0.0,700,5.13,0.018,0.026,14,88.64,ISO9001+ISO14001,1,0
248,EMEA,2278.68,50.87,4,27.39,1,0.0,1140,4.84,0.053,0.024,26,74.42,ISO9001,1,0
248,EMEA,2278.68,50.87,4,26.69,1,0.0,737,4.45,0.031,0.021,19,65.33,ISO9001,1,0
248,EMEA,2278.68,50.87,4,27.93,1,0.0,1639,6.33,0.042,0.022,41,70.66,ISO9001+ISO14001,1,0
248,EMEA,2278.68,50.87,4,23.95,1,0.0,997,5.75,0.039,0.014,11,64.64,None,0,0
248,EMEA,2278.68,50.87,4,20.14,1,0.0,1289,5.0,0.012,0.011,10,60.07,ISO9001,0,0
248,EMEA,2278.68,50.87,4,28.63,0,6.39,646,5.84,0.038,0.035,28,57.51,ISO9001,1,1
248,EMEA,2278.68,50.87,4,28.21,1,0.0,612,6.19,0.015,0.031,14,80.98,None,0,0
248,EMEA,2278.68,50.87,4,33.4,1,0.0,1076,5.79,0.037,0.013,17,86.09,ISO9001,0,0
248,EMEA,2278.68,50.87,4,30.04,1,0.0,920,4.5,0.028,0.006,2,69.09,None,1,0
248,EMEA,2278.68,50.87,4,29.3,1,0.0,733,3.98,0.048,0.033,30,82.69,None,1,0
248,EMEA,2278.68,50.87,4,24.61,1,0.0,1304,5.71,0.046,0.033,46,84.64,ISO9001,0,0
248,EMEA,2278.68,50.87,4,28.13,1,0.0,1346,4.72,0.061,0.026,37,68.53,ISO9001,1,0
248,EMEA,2278.68,50.87,4,26.3,1,0.0,699,5.55,0.048,0.02,13,75.19,None,0,0
248,EMEA,2278.68,50.87,4,26.81,1,0.0,1478,5.23,0.017,0.028,39,69.36,ISO9001,0,0
248,EMEA,2278.68,50.87,4,30.46,1,0.0,580,5.55,0.074,0.0,0,73.71,ISO9001,0,0
248,EMEA,2278.68,50.87,4,28.2,1,0.0,1001,5.0,0.039,0.023,26,62.11,ISO9001,1,0
248,EMEA,2278.68,50.87,4,24.36,1,0.0,1266,4.98,0.05,0.027,46,72.52,ISO9001,0,0
248,EMEA,2278.68,50.87,4,33.69,1,0.0,984,4.8,0.018,0.026,26,71.31,ISO9001,0,0
248,EMEA,2278.68,50.87,4,25.33,1,0.0,938,5.0,0.04,0.017,14,90.84,ISO9001,1,0
248,EMEA,2278.68,50.87,4,23.02,1,0.0,1370,4.25,0.019,0.033,41,86.29,ISO9001,0,0
248,EMEA,2278.68,50.87,4,21.47,1,0.0,1241,5.4,0.008,0.027,24,79.9,ISO9001,0,0
248,EMEA,2278.68,50.87,4,29.03,1,0.0,912,5.13,0.035,0.014,16,91.72,ISO9001,0,0
248,EMEA,2278.68,50.87,4,24.0,1,0.0,1077,5.42,0.013,0.038,38,77.76,ISO9001+ISO14001,1,0
248,EMEA,2278.68,50.87,4,24.78,1,0.0,1250,5.43,0.0,0.023,24,87.28,ISO9001,1,0
248,EMEA,2278.68,50.87,4,27.51,1,0.0,692,5.57,0.08,0.022,17,82.0,ISO9001+ISO14001,1,0
248,EMEA,2278.68,50.87,4,24.03,1,0.0,1193,4.83,0.056,0.028,29,71.38,ISO9001,1,0
248,EMEA,2278.68,50.87,4,30.33,1,0.0,1179,4.46,0.035,0.038,56,73.62,ISO9001,1,0
248,EMEA,2278.68,50.87,4,25.23,1,0.0,1263,5.17,0.027,0.008,9,83.72,ISO9001+ISO14001,1,0
248,EMEA,2278.68,50.87,4,25.18,0,4.52,881,4.78,0.0,0.039,26,87.51,None,0,0
248,EMEA,2278.68,50.87,4,29.5,0,5.3,813,4.72,0.048,0.021,19,63.62,ISO9001,1,1
248,EMEA,2278.68,50.87,4,23.49,1,0.0,890,4.75,0.037,0.027,17,100.0,None,0,0
248,EMEA,2278.68,50.87,4,29.12,1,0.0,837,3.99,0.051,0.026,23,66.84,ISO9001+ISO14001,0,0
248,EMEA,2278.68,50.87,4,24.11,0,7.5,849,5.58,0.026,0.019,17,56.69,ISO9001,0,1
248,EMEA,2278.68,50.87,4,25.14,0,3.23,1255,5.15,0.03,0.014,12,89.84,ISO9001+ISO14001,1,0
248,EMEA,2278.68,50.87,4,25.55,1,0.0,1117,4.4,0.06,0.015,12,65.75,None,1,0
249,APAC,3683.45,54.39,6,36.41,0,5.65,1237,5.61,0.016,0.017,14,77.89,None,0,0
249,APAC,3683.45,54.39,6,36.67,0,11.7,1248,5.97,0.065,0.005,6,75.78,None,0,0
249,APAC,3683.45,54.39,6,28.03,1,0.0,889,5.62,0.045,0.0,0,67.02,ISO9001,1,0
249,APAC,3683.45,54.39,6,31.47,1,0.0,100,6.04,0.076,0.026,3,77.15,ISO9001,1,0
249,APAC,3683.45,54.39,6,39.87,0,8.09,873,3.49,0.039,0.004,5,90.43,ISO9001+ISO14001,1,0
249,APAC,3683.45,54.39,6,31.58,1,0.0,1166,4.83,0.047,0.031,29,89.74,None,1,0
249,APAC,3683.45,54.39,6,31.13,0,9.68,1093,4.36,0.064,0.007,8,91.54,ISO9001,1,0
249,APAC,3683.45,54.39,6,32.29,1,0.0,1045,3.91,0.012,0.032,37,78.21,ISO9001,0,0
249,APAC,3683.45,54.39,6,29.72,0,5.35,1041,5.66,0.015,0.022,24,67.52,None,0,0
249,APAC,3683.45,54.39,6,31.33,1,0.0,1157,4.21,0.039,0.027,22,80.31,ISO9001,1,0
249,APAC,3683.45,54.39,6,33.88,1,0.0,1092,5.62,0.056,0.008,11,72.16,ISO9001+ISO14001,0,0
249,APAC,3683.45,54.39,6,28.17,1,0.0,830,4.13,0.025,0.023,22,76.57,ISO9001,1,0
249,APAC,3683.45,54.39,6,29.68,1,0.0,943,5.83,0.051,0.004,1,85.38,None,0,0
249,APAC,3683.45,54.39,6,37.5,1,0.0,846,4.28,0.069,0.0,0,73.87,ISO9001,1,0
249,APAC,3683.45,54.39,6,33.07,1,0.0,998,3.88,0.051,0.022,20,84.46,None,0,0
249,APAC,3683.45,54.39,6,30.73,1,0.0,962,4.41,0.047,0.01,11,87.11,None,0,0
249,APAC,3683.45,54.39,6,31.32,0,5.37,1318,5.5,0.038,0.018,22,93.73,ISO9001,1,0
249,APAC,3683.45,54.39,6,31.12,1,0.0,632,4.1,0.052,0.039,31,72.63,None,0,0
250,APAC,4333.67,55.27,2,37.44,0,8.08,1297,4.79,0.0,0.026,38,71.04,ISO9001+ISO14001,1,0
250,APAC,4333.67,55.27,2,34.19,1,0.0,973,5.68,0.053,0.015,18,98.4,None,0,0
250,APAC,4333.67,55.27,2,33.59,1,0.0,1258,4.54,0.048,0.035,36,77.53,ISO9001,0,0
250,APAC,4333.67,55.27,2,34.91,0,7.22,600,4.32,0.04,0.023,15,61.14,None,1,1
250,APAC,4333.67,55.27,2,36.56,1,0.0,1037,5.52,0.028,0.04,45,62.96,ISO9001+ISO14001,1,0
250,APAC,4333.67,55.27,2,36.76,1,0.0,1213,4.48,0.067,0.016,20,72.98,ISO9001,0,0
250,APAC,4333.67,55.27,2,36.83,1,0.0,1017,3.77,0.05,0.024,19,58.07,ISO9001,0,0
250,APAC,4333.67,55.27,2,30.51,1,0.0,819,4.78,0.064,0.026,26,82.33,ISO9001+ISO14001,0,0
250,APAC,4333.67,55.27,2,40.33,1,0.0,965,4.84,0.018,0.028,26,69.54,ISO9001+ISO14001,1,0
250,APAC,4333.67,55.27,2,36.79,0,10.08,1109,4.62,0.024,0.022,25,65.65,None,0,0
250,APAC,4333.67,55.27,2,34.43,0,6.43,1103,5.53,0.003,0.043,48,59.32,ISO9001,0,0
250,APAC,4333.67,55.27,2,34.2,0,6.7,987,5.55,0.044,0.025,16,62.64,ISO9001,1,1
250,APAC,4333.67,55.27,2,32.33,1,0.0,669,4.4,0.052,0.028,16,91.03,None,0,0
250,APAC,4333.67,55.27,2,33.78,0,9.76,1091,4.69,0.083,0.031,30,83.25,ISO9001,1,0
250,APAC,4333.67,55.27,2,34.12,1,0.0,503,5.92,0.093,0.013,5,73.63,ISO9001,0,0
250,APAC,4333.67,55.27,2,35.49,0,1.0,1278,5.43,0.052,0.042,47,84.88,ISO9001+ISO14001,0,0
250,APAC,4333.67,55.27,2,35.72,1,0.0,1051,4.63,0.042,0.034,28,68.39,None,0,0
250,APAC,4333.67,55.27,2,33.13,1,0.0,1046,4.95,0.032,0.014,6,79.97,ISO9001+ISO14001,1,0
250,APAC,4333.67,55.27,2,34.49,1,0.0,831,4.56,0.062,0.049,43,65.46,None,0,0
250,APAC,4333.67,55.27,2,41.28,1,0.0,846,5.12,0.03,0.038,34,84.7,ISO9001,1,0
250,APAC,4333.67,55.27,2,34.32,1,0.0,1375,5.09,0.038,0.033,43,78.71,ISO9001,1,0
250,APAC,4333.67,55.27,2,34.31,1,0.0,971,5.1,0.058,0.011,15,91.24,ISO9001,0,0
250,APAC,4333.67,55.27,2,40.57,1,0.0,1434,5.41,0.011,0.033,57,80.08,ISO9001,1,0
250,APAC,4333.67,55.27,2,30.24,1,0.0,1245,4.22,0.091,0.021,24,87.34,ISO9001+ISO14001,1,0
250,APAC,4333.67,55.27,2,33.61,0,4.17,1133,5.03,0.071,0.01,4,56.85,ISO9001,1,1
250,APAC,4333.67,55.27,2,40.16,0,8.13,883,5.25,0.039,0.019,14,71.08,ISO9001+ISO14001,0,0
250,APAC,4333.67,55.27,2,38.39,0,11.19,978,5.25,0.042,0.013,11,59.98,None,0,1
250,APAC,4333.67,55.27,2,40.6,1,0.0,1065,5.18,0.012,0.005,9,66.65,ISO9001+ISO14001,1,0
250,APAC,4333.67,55.27,2,35.29,1,0.0,1059,5.46,0.032,0.039,43,85.26,ISO9001,0,0
250,APAC,4333.67,55.27,2,34.9,1,0.0,1020,5.41,0.044,0.018,18,60.4,None,0,0
250,APAC,4333.67,55.27,2,34.07,0,8.21,864,5.07,0.041,0.028,27,60.8,ISO9001,1,1
250,APAC,4333.67,55.27,2,34.97,1,0.0,962,5.44,0.037,0.018,19,74.13,None,0,0
250,APAC,4333.67,55.27,2,32.93,1,0.0,341,4.74,0.009,0.046,18,64.83,ISO9001,1,0
250,APAC,4333.67,55.27,2,39.4,1,0.0,1106,4.76,0.024,0.022,27,69.0,ISO9001,1,0
250,APAC,4333.67,55.27,2,37.52,1,0.0,898,4.42,0.018,0.02,14,78.48,ISO9001,0,0
250,APAC,4333.67,55.27,2,38.73,1,0.0,1208,6.07,0.018,0.038,48,86.07,None,0,0
250,APAC,4333.67,55.27,2,31.3,1,0.0,1138,4.83,0.061,0.031,42,90.07,ISO9001,0,0
250,APAC,4333.67,55.27,2,41.9,1,0.0,1169,5.96,0.022,0.037,40,81.39,ISO9001+ISO14001,1,0
250,APAC,4333.67,55.27,2,36.98,1,0.0,867,4.71,0.043,0.032,35,81.87,ISO9001,0,0
250,APAC,4333.67,55.27,2,36.05,1,0.0,1119,5.2,0.04,0.012,17,72.47,ISO9001,0,0
250,APAC,4333.67,55.27,2,38.36,1,0.0,1384,6.16,0.041,0.024,28,85.77,None,1,0
250,APAC,4333.67,55.27,2,42.36,1,0.0,865,4.24,0.088,0.025,19,72.72,ISO9001,1,0
250,APAC,4333.67,55.27,2,41.83,1,0.0,1021,5.45,0.039,0.026,32,70.92,ISO9001+ISO14001,0,0
250,APAC,4333.67,55.27,2,42.71,1,0.0,957,4.68,0.054,0.027,21,77.44,ISO9001+ISO14001,0,0
250,APAC,4333.67,55.27,2,32.73,0,6.0,989,4.82,0.057,0.018,17,93.09,ISO9001,1,0
250,APAC,4333.67,55.27,2,32.19,1,0.0,637,3.75,0.05,0.029,20,63.05,ISO9001,1,0
250,APAC,4333.67,55.27,2,33.55,1,0.0,939,4.72,0.042,0.008,4,84.67,ISO9001,0,0
251,AMER,979.72,67.84,6,23.02,0,6.13,1082,4.48,0.047,0.027,28,82.86,ISO9001,0,0
251,AMER,979.72,67.84,6,20.09,1,0.0,528,5.52,0.034,0.036,26,74.35,ISO9001,1,0
251,AMER,979.72,67.84,6,18.85,1,0.0,628,5.82,0.011,0.024,18,84.27,ISO9001,1,0
251,AMER,979.72,67.84,6,23.35,1,0.0,577,5.22,0.01,0.024,9,88.34,ISO9001+ISO14001,0,0
251,AMER,979.72,67.84,6,21.2,1,0.0,1195,5.38,0.036,0.031,30,65.0,None,0,0
251,AMER,979.72,67.84,6,19.66,1,0.0,1086,4.78,0.059,0.005,6,83.6,ISO9001,1,0
251,AMER,979.72,67.84,6,22.24,1,0.0,1496,3.85,0.036,0.008,14,57.75,ISO9001,1,0
251,AMER,979.72,67.84,6,22.46,0,1.5,1273,4.33,0.079,0.032,40,83.88,None,0,0
251,AMER,979.72,67.84,6,18.39,1,0.0,980,5.83,0.05,0.039,39,75.78,ISO9001,1,0
251,AMER,979.72,67.84,6,19.39,0,3.64,1406,4.7,0.058,0.009,14,73.51,ISO9001,1,0
251,AMER,979.72,67.84,6,23.23,1,0.0,910,4.83,0.027,0.037,31,66.36,ISO9001,1,0
251,AMER,979.72,67.84,6,22.93,1,0.0,1215,4.02,0.056,0.025,39,88.96,ISO9001,0,0
251,AMER,979.72,67.84,6,21.35,1,0.0,1386,5.58,0.021,0.023,27,79.72,ISO9001+ISO14001,1,0
251,AMER,979.72,67.84,6,20.97,1,0.0,1170,4.84,0.035,0.007,6,80.52,ISO9001,0,0
251,AMER,979.72,67.84,6,24.63,0,7.94,1360,4.43,0.007,0.019,13,76.17,ISO9001,0,0
251,AMER,979.72,67.84,6,17.63,1,0.0,1494,6.15,0.035,0.021,21,70.54,ISO9001,1,0
251,AMER,979.72,67.84,6,22.67,1,0.0,791,4.57,0.025,0.004,2,73.58,ISO9001+ISO14001,1,0
251,AMER,979.72,67.84,6,23.67,1,0.0,950,4.1,0.023,0.013,10,84.25,ISO9001,1,0
251,AMER,979.72,67.84,6,24.07,1,0.0,1230,5.64,0.02,0.025,36,80.6,ISO9001,0,0
251,AMER,979.72,67.84,6,20.82,1,0.0,1193,5.14,0.03,0.035,43,74.11,ISO9001,0,0
251,AMER,979.72,67.84,6,24.35,0,4.51,665,4.64,0.011,0.02,11,70.31,ISO9001,0,0
251,AMER,979.72,67.84,6,19.18,1,0.0,882,5.96,0.035,0.001,0,73.69,ISO9001,1,0
251,AMER,979.72,67.84,6,20.0,1,0.0,1062,3.46,0.071,0.019,22,78.77,ISO9001,1,0
251,AMER,979.72,67.84,6,20.37,1,0.0,1116,5.29,0.051,0.032,37,67.54,ISO9001,0,0
251,AMER,979.72,67.84,6,18.13,1,0.0,562,5.72,0.021,0.026,16,62.61,ISO9001+ISO14001,1,0
252,AMER,1165.96,73.63,10,23.99,0,2.58,855,5.67,0.007,0.005,8,77.92,ISO9001,0,0
252,AMER,1165.96,73.63,10,18.11,1,0.0,975,4.24,0.007,0.004,5,55.19,ISO9001+ISO14001,0,0
252,AMER,1165.96,73.63,10,20.49,1,0.0,744,5.35,0.04,0.018,18,61.48,ISO9001,1,0
252,AMER,1165.96,73.63,10,23.53,1,0.0,757,5.9,0.028,0.025,16,75.89,None,0,0
252,AMER,1165.96,73.63,10,18.85,1,0.0,1047,3.95,0.026,0.015,20,81.24,ISO9001,1,0
252,AMER,1165.96,73.63,10,25.86,1,0.0,935,4.75,0.034,0.022,19,78.64,ISO9001,1,0
252,AMER,1165.96,73.63,10,21.96,0,3.25,1475,4.83,0.048,0.027,39,76.29,ISO9001,1,0
252,AMER,1165.96,73.63,10,19.52,1,0.0,492,5.23,0.008,0.008,5,74.56,None,0,0
252,AMER,1165.96,73.63,10,19.97,1,0.0,962,4.79,0.0,0.022,28,71.63,ISO9001+ISO14001,0,0
252,AMER,1165.96,73.63,10,23.58,1,0.0,923,5.36,0.01,0.028,26,78.52,ISO9001+ISO14001,1,0
252,AMER,1165.96,73.63,10,20.75,1,0.0,1038,4.6,0.024,0.024,25,77.43,ISO9001,0,0
252,AMER,1165.96,73.63,10,25.17,1,0.0,905,5.28,0.007,0.008,6,75.33,ISO9001,1,0
252,AMER,1165.96,73.63,10,23.39,1,0.0,1053,5.26,0.017,0.028,29,75.76,ISO9001+ISO14001,1,0
252,AMER,1165.96,73.63,10,20.58,1,0.0,959,4.92,0.002,0.019,14,69.25,ISO9001+ISO14001,1,0
252,AMER,1165.96,73.63,10,21.89,1,0.0,648,4.51,0.044,0.007,4,87.65,ISO9001,1,0
252,AMER,1165.96,73.63,10,23.45,1,0.0,1390,5.49,0.055,0.006,10,92.58,ISO9001,1,0
252,AMER,1165.96,73.63,10,21.37,1,0.0,804,4.96,0.022,0.017,22,47.88,ISO9001,1,0
252,AMER,1165.96,73.63,10,22.33,0,5.33,830,4.54,0.063,0.018,16,85.02,ISO9001+ISO14001,1,0
252,AMER,1165.96,73.63,10,19.97,1,0.0,1144,4.39,0.001,0.009,8,76.96,ISO9001,1,0
252,AMER,1165.96,73.63,10,20.7,1,0.0,993,5.08,0.042,0.008,5,82.98,ISO9001,0,0
252,AMER,1165.96,73.63,10,24.1,1,0.0,1173,5.51,0.033,0.022,13,81.91,ISO9001,0,0
252,AMER,1165.96,73.63,10,26.08,1,0.0,596,4.33,0.092,0.009,4,91.67,ISO9001,0,0
252,AMER,1165.96,73.63,10,19.55,0,7.74,582,4.34,0.001,0.005,1,64.07,None,0,0
252,AMER,1165.96,73.63,10,20.25,1,0.0,967,5.13,0.05,0.0,0,92.81,ISO9001,0,0
252,AMER,1165.96,73.63,10,26.08,1,0.0,481,4.94,0.045,0.0,0,69.85,ISO9001+ISO14001,1,0
253,APAC,3571.51,60.66,5,28.47,0,5.44,706,4.58,0.03,0.037,32,78.87,None,0,0
253,APAC,3571.51,60.66,5,38.03,1,0.0,763,4.91,0.034,0.009,1,93.5,ISO9001,1,0
253,APAC,3571.51,60.66,5,32.37,1,0.0,1142,5.63,0.079,0.014,23,78.57,ISO9001+ISO14001,1,0
253,APAC,3571.51,60.66,5,30.68,1,0.0,1161,4.21,0.044,0.007,6,86.03,ISO9001,0,0
253,APAC,3571.51,60.66,5,33.92,1,0.0,915,5.25,0.045,0.016,17,58.77,None,0,0
253,APAC,3571.51,60.66,5,31.35,1,0.0,998,5.06,0.031,0.024,28,94.46,ISO9001,0,0
253,APAC,3571.51,60.66,5,32.4,1,0.0,1102,5.07,0.037,0.029,35,67.29,None,0,0
253,APAC,3571.51,60.66,5,33.02,1,0.0,1229,3.84,0.012,0.027,37,73.33,None,0,0
253,APAC,3571.51,60.66,5,32.44,1,0.0,1154,4.48,0.007,0.022,27,91.26,ISO9001+ISO14001,1,0
253,APAC,3571.51,60.66,5,34.88,1,0.0,1241,3.89,0.018,0.025,36,71.13,ISO9001,0,0
253,APAC,3571.51,60.66,5,29.56,1,0.0,1018,5.83,0.026,0.003,5,76.98,ISO9001,1,0
253,APAC,3571.51,60.66,5,32.1,1,0.0,1145,5.33,0.039,0.008,8,84.38,None,0,0
253,APAC,3571.51,60.66,5,34.35,0,6.63,1016,4.38,0.033,0.008,6,78.7,ISO9001,1,0
253,APAC,3571.51,60.66,5,33.15,1,0.0,881,5.17,0.077,0.043,40,73.94,ISO9001,1,0
253,APAC,3571.51,60.66,5,33.56,1,0.0,864,5.06,0.0,0.014,15,55.33,ISO9001,1,0
253,APAC,3571.51,60.66,5,30.17,0,3.71,864,5.73,0.056,0.026,24,86.02,ISO9001,1,0
253,APAC,3571.51,60.66,5,31.39,1,0.0,871,4.43,0.002,0.023,15,67.94,ISO9001,0,0
253,APAC,3571.51,60.66,5,33.89,1,0.0,624,4.24,0.014,0.0,0,86.06,None,1,0
253,APAC,3571.51,60.66,5,33.66,1,0.0,1204,4.28,0.026,0.01,10,70.66,None,0,0
253,APAC,3571.51,60.66,5,33.26,1,0.0,1301,5.3,0.054,0.024,27,72.23,ISO9001,0,0
253,APAC,3571.51,60.66,5,31.02,1,0.0,759,4.36,0.007,0.03,22,69.24,ISO9001+ISO14001,1,0
253,APAC,3571.51,60.66,5,31.05,0,5.4,1126,5.8,0.015,0.006,7,81.94,None,0,0
253,APAC,3571.51,60.66,5,35.61,1,0.0,823,4.51,0.036,0.017,18,86.19,None,0,0
254,APAC,3756.89,56.43,3,35.62,0,8.91,1058,5.63,0.017,0.028,28,76.0,ISO9001,1,0
254,APAC,3756.89,56.43,3,32.75,1,0.0,876,5.13,0.031,0.013,12,70.55,ISO9001,0,0
254,APAC,3756.89,56.43,3,37.8,1,0.0,858,6.2,0.046,0.027,22,64.65,ISO9001,1,0
254,APAC,3756.89,56.43,3,37.08,1,0.0,911,4.49,0.073,0.017,17,79.58,None,0,0
254,APAC,3756.89,56.43,3,29.65,1,0.0,1067,5.39,0.045,0.025,24,63.94,ISO9001+ISO14001,0,0
254,APAC,3756.89,56.43,3,29.85,1,0.0,815,4.23,0.048,0.011,8,66.64,ISO9001+ISO14001,1,0
254,APAC,3756.89,56.43,3,30.95,1,0.0,1495,5.78,0.027,0.012,16,92.58,ISO9001,1,0
254,APAC,3756.89,56.43,3,36.82,1,0.0,950,5.15,0.042,0.019,17,73.04,ISO9001,0,0
254,APAC,3756.89,56.43,3,35.94,1,0.0,1107,4.72,0.01,0.026,35,59.78,ISO9001,1,0
254,APAC,3756.89,56.43,3,34.34,1,0.0,891,4.44,0.041,0.021,12,70.35,ISO9001,0,0
254,APAC,3756.89,56.43,3,30.11,1,0.0,871,5.54,0.054,0.029,31,90.15,None,0,0
254,APAC,3756.89,56.43,3,36.18,1,0.0,699,4.91,0.058,0.02,16,79.58,ISO9001+ISO14001,0,0
254,APAC,3756.89,56.43,3,31.07,1,0.0,1004,5.32,0.06,0.021,20,80.01,ISO9001+ISO14001,1,0
254,APAC,3756.89,56.43,3,32.22,0,4.65,1412,4.63,0.054,0.026,38,85.35,ISO9001,0,0
254,APAC,3756.89,56.43,3,36.32,1,0.0,763,4.79,0.015,0.016,10,65.03,ISO9001+ISO14001,1,0
254,APAC,3756.89,56.43,3,35.87,1,0.0,709,3.87,0.055,0.0,0,72.46,ISO9001+ISO14001,0,0
254,APAC,3756.89,56.43,3,32.26,1,0.0,1224,4.62,0.012,0.006,4,88.3,ISO9001+ISO14001,1,0
254,APAC,3756.89,56.43,3,37.01,1,0.0,1078,5.38,0.0,0.02,18,69.55,ISO9001+ISO14001,0,0
254,APAC,3756.89,56.43,3,33.51,1,0.0,893,4.38,0.06,0.017,12,84.32,ISO9001,0,0
254,APAC,3756.89,56.43,3,28.64,1,0.0,1012,3.65,0.039,0.019,23,59.92,ISO9001,1,0
254,APAC,3756.89,56.43,3,28.32,1,0.0,767,3.85,0.005,0.029,24,76.34,ISO9001,1,0
254,APAC,3756.89,56.43,3,35.26,1,0.0,942,4.6,0.057,0.031,36,63.94,None,0,0
254,APAC,3756.89,56.43,3,31.06,1,0.0,1190,5.44,0.049,0.006,7,71.48,ISO9001,1,0
255,EMEA,2199.09,92.16,7,28.83,1,0.0,1011,5.08,0.017,0.004,6,83.6,None,0,0
255,EMEA,2199.09,92.16,7,25.98,1,0.0,808,5.15,0.026,0.0,0,71.69,ISO9001+ISO14001,1,0
255,EMEA,2199.09,92.16,7,22.32,0,6.82,963,5.24,0.012,0.014,7,84.2,ISO9001,1,0
255,EMEA,2199.09,92.16,7,22.67,1,0.0,981,5.36,0.048,0.014,12,91.42,ISO9001+ISO14001,0,0
255,EMEA,2199.09,92.16,7,26.0,1,0.0,927,4.26,0.027,0.016,15,87.87,ISO9001+ISO14001,1,0
255,EMEA,2199.09,92.16,7,26.46,1,0.0,1086,3.75,0.036,0.017,24,65.16,ISO9001,0,0
255,EMEA,2199.09,92.16,7,22.62,1,0.0,491,5.71,0.006,0.008,5,86.96,ISO9001,1,0
255,EMEA,2199.09,92.16,7,26.48,1,0.0,1021,4.53,0.023,0.0,0,77.15,ISO9001,1,0
255,EMEA,2199.09,92.16,7,28.48,1,0.0,1304,4.64,0.053,0.009,12,86.61,None,0,0
255,EMEA,2199.09,92.16,7,29.98,1,0.0,743,4.94,0.051,0.018,15,68.91,ISO9001,1,0
255,EMEA,2199.09,92.16,7,27.53,1,0.0,992,4.17,0.022,0.017,18,79.89,None,0,0
255,EMEA,2199.09,92.16,7,22.36,1,0.0,1043,4.89,0.042,0.019,16,80.72,ISO9001,0,0
255,EMEA,2199.09,92.16,7,27.95,1,0.0,507,6.18,0.008,0.001,0,80.37,ISO9001,1,0
255,EMEA,2199.09,92.16,7,28.33,1,0.0,796,5.41,0.036,0.014,11,80.89,ISO9001,1,0
255,EMEA,2199.09,92.16,7,31.3,1,0.0,994,4.6,0.014,0.009,7,59.8,ISO9001,0,0
255,EMEA,2199.09,92.16,7,29.49,1,0.0,1040,4.49,0.034,0.0,0,81.32,ISO9001,1,0
255,EMEA,2199.09,92.16,7,24.61,0,9.2,1274,5.24,0.027,0.01,8,79.72,None,0,0
255,EMEA,2199.09,92.16,7,32.81,1,0.0,1021,4.9,0.011,0.004,3,70.46,ISO9001+ISO14001,0,0
255,EMEA,2199.09,92.16,7,27.12,1,0.0,443,5.38,0.002,0.022,10,89.24,None,0,0
255,EMEA,2199.09,92.16,7,21.06,0,6.85,1218,6.17,0.0,0.025,24,82.8,ISO9001,0,0
255,EMEA,2199.09,92.16,7,26.22,1,0.0,1085,3.98,0.021,0.0,0,82.1,ISO9001,0,0
255,EMEA,2199.09,92.16,7,21.68,0,1.39,1061,5.11,0.065,0.0,0,100.0,ISO9001+ISO14001,1,0
255,EMEA,2199.09,92.16,7,22.57,1,0.0,709,5.49,0.049,0.015,11,89.85,None,1,0
255,EMEA,2199.09,92.16,7,26.6,1,0.0,1146,4.57,0.072,0.016,22,63.65,None,0,0
255,EMEA,2199.09,92.16,7,25.09,1,0.0,1051,5.11,0.0,0.023,23,92.58,None,0,0
255,EMEA,2199.09,92.16,7,27.57,1,0.0,1011,4.79,0.064,0.004,6,68.6,ISO9001,1,0
255,EMEA,2199.09,92.16,7,32.12,1,0.0,1287,5.94,0.011,0.012,11,77.79,ISO9001,0,0
255,EMEA,2199.09,92.16,7,26.76,1,0.0,1300,6.05,0.002,0.007,12,84.28,ISO9001,1,0
255,EMEA,2199.09,92.16,7,31.83,1,0.0,1208,4.99,0.041,0.008,7,82.03,ISO9001,0,0
255,EMEA,2199.09,92.16,7,28.81,1,0.0,1297,4.35,0.035,0.014,15,95.8,ISO9001,1,0
255,EMEA,2199.09,92.16,7,24.48,1,0.0,1160,4.79,0.048,0.006,10,80.75,ISO9001+ISO14001,0,0
255,EMEA,2199.09,92.16,7,27.33,1,0.0,1022,4.81,0.032,0.031,28,77.39,ISO9001,0,0
255,EMEA,2199.09,92.16,7,25.06,0,3.85,933,5.27,0.026,0.022,21,84.03,ISO9001,1,0
255,EMEA,2199.09,92.16,7,29.73,0,4.34,1110,4.62,0.024,0.023,26,82.91,ISO9001,0,0
255,EMEA,2199.09,92.16,7,26.87,1,0.0,1218,4.52,0.008,0.017,25,87.34,ISO9001,1,0
255,EMEA,2199.09,92.16,7,23.03,1,0.0,1391,4.92,0.047,0.001,1,50.46,ISO9001,0,0
255,EMEA,2199.09,92.16,7,27.32,1,0.0,922,4.56,0.005,0.004,4,74.47,ISO9001+ISO14001,0,0
255,EMEA,2199.09,92.16,7,32.34,1,0.0,919,4.71,0.018,0.001,0,68.38,ISO9001,1,0
255,EMEA,2199.09,92.16,7,26.74,1,0.0,1168,4.26,0.023,0.011,14,81.86,ISO9001+ISO14001,0,0
255,EMEA,2199.09,92.16,7,26.81,1,0.0,1067,4.61,0.028,0.018,22,77.87,None,0,0
255,EMEA,2199.09,92.16,7,26.15,1,0.0,1077,4.71,0.029,0.014,14,77.28,None,0,0
255,EMEA,2199.09,92.16,7,26.29,1,0.0,757,5.71,0.006,0.014,9,91.55,None,0,0
255,EMEA,2199.09,92.16,7,28.94,1,0.0,850,4.82,0.056,0.015,10,85.77,ISO9001,1,0
255,EMEA,2199.09,92.16,7,27.73,1,0.0,842,5.13,0.055,0.017,9,69.33,None,0,0
255,EMEA,2199.09,92.16,7,27.01,1,0.0,1148,4.77,0.022,0.001,2,68.7,ISO9001+ISO14001,0,0
255,EMEA,2199.09,92.16,7,22.85,1,0.0,1153,4.61,0.011,0.013,21,85.08,ISO9001,0,0
255,EMEA,2199.09,92.16,7,26.78,1,0.0,442,5.77,0.018,0.013,10,78.76,ISO9001,1,0
255,EMEA,2199.09,92.16,7,23.66,1,0.0,1266,5.43,0.041,0.014,13,80.13,ISO9001,1,0
255,EMEA,2199.09,92.16,7,33.81,1,0.0,881,4.83,0.068,0.006,7,69.23,None,0,0
255,EMEA,2199.09,92.16,7,27.4,1,0.0,1323,3.68,0.0,0.015,20,80.56,ISO9001,0,0
255,EMEA,2199.09,92.16,7,22.77,1,0.0,525,5.51,0.016,0.001,1,79.95,None,0,0
255,EMEA,2199.09,92.16,7,26.96,0,1.08,1022,4.92,0.02,0.011,7,84.88,ISO9001,0,0
255,EMEA,2199.09,92.16,7,23.97,1,0.0,1093,5.9,0.047,0.014,17,69.91,ISO9001+ISO14001,0,0
255,EMEA,2199.09,92.16,7,23.48,1,0.0,1024,4.21,0.03,0.0,0,86.6,ISO9001,0,0
255,EMEA,2199.09,92.16,7,21.63,1,0.0,1260,4.85,0.015,0.001,0,69.47,ISO9001+ISO14001,1,0
256,EMEA,2357.64,55.12,2,26.9,1,0.0,1185,5.25,0.037,0.026,33,86.54,ISO9001,1,0
256,EMEA,2357.64,55.12,2,30.31,1,0.0,1322,5.29,0.023,0.017,21,64.22,ISO9001,0,0
256,EMEA,2357.64,55.12,2,24.44,1,0.0,1284,4.38,0.06,0.041,54,72.28,ISO9001,0,0
256,EMEA,2357.64,55.12,2,25.98,1,0.0,983,4.7,0.022,0.037,29,73.23,ISO9001,1,0
256,EMEA,2357.64,55.12,2,32.26,0,7.18,894,4.85,0.037,0.031,32,57.68,ISO9001,0,1
256,EMEA,2357.64,55.12,2,29.29,1,0.0,714,5.08,0.046,0.03,15,76.89,ISO9001,1,0
256,EMEA,2357.64,55.12,2,29.19,1,0.0,759,5.62,0.047,0.042,30,93.17,ISO9001,0,0
256,EMEA,2357.64,55.12,2,28.62,1,0.0,926,4.62,0.077,0.04,37,83.42,ISO9001+ISO14001,0,0
256,EMEA,2357.64,55.12,2,27.59,0,6.39,981,3.54,0.051,0.03,32,68.74,None,0,1
256,EMEA,2357.64,55.12,2,28.24,1,0.0,844,4.99,0.034,0.024,13,77.34,ISO9001+ISO14001,1,0
256,EMEA,2357.64,55.12,2,28.68,0,4.8,1046,5.94,0.06,0.025,27,69.4,ISO9001,1,1
256,EMEA,2357.64,55.12,2,28.16,0,5.02,1036,5.74,0.061,0.031,27,50.43,ISO9001,1,1
256,EMEA,2357.64,55.12,2,23.85,0,6.88,1113,4.35,0.032,0.031,47,68.66,ISO9001,1,0
256,EMEA,2357.64,55.12,2,30.98,1,0.0,782,4.59,0.055,0.038,24,67.57,None,1,0
256,EMEA,2357.64,55.12,2,26.24,1,0.0,665,6.17,0.026,0.038,29,87.33,None,0,0
256,EMEA,2357.64,55.12,2,25.79,1,0.0,1226,5.4,0.028,0.026,37,79.61,ISO9001,1,0
256,EMEA,2357.64,55.12,2,23.78,1,0.0,1149,5.18,0.04,0.019,29,73.55,ISO9001,1,0
256,EMEA,2357.64,55.12,2,27.62,1,0.0,1252,4.23,0.021,0.026,28,72.75,ISO9001,1,0
256,EMEA,2357.64,55.12,2,25.24,1,0.0,1081,4.97,0.056,0.039,45,62.04,ISO9001+ISO14001,1,0
256,EMEA,2357.64,55.12,2,27.27,0,6.51,301,4.83,0.06,0.026,7,67.77,None,0,1
256,EMEA,2357.64,55.12,2,25.63,1,0.0,1013,5.96,0.067,0.034,38,81.88,ISO9001,0,0
256,EMEA,2357.64,55.12,2,26.47,1,0.0,746,5.69,0.032,0.025,23,68.85,ISO9001+ISO14001,0,0
256,EMEA,2357.64,55.12,2,26.05,1,0.0,1021,5.21,0.063,0.026,29,58.99,ISO9001+ISO14001,1,0
256,EMEA,2357.64,55.12,2,23.78,1,0.0,1296,4.39,0.032,0.025,31,84.89,ISO9001,0,0
256,EMEA,2357.64,55.12,2,27.67,1,0.0,958,5.17,0.057,0.039,22,67.54,None,0,0
256,EMEA,2357.64,55.12,2,30.16,1,0.0,734,4.73,0.073,0.027,23,66.05,ISO9001,1,0
256,EMEA,2357.64,55.12,2,26.91,0,5.13,668,5.81,0.061,0.02,10,62.16,ISO9001,1,1
256,EMEA,2357.64,55.12,2,26.37,1,0.0,1046,3.87,0.033,0.036,42,71.85,ISO9001,1,0
256,EMEA,2357.64,55.12,2,28.55,1,0.0,662,4.33,0.027,0.033,19,63.74,ISO9001,1,0
256,EMEA,2357.64,55.12,2,24.07,1,0.0,1129,4.65,0.053,0.025,21,86.2,ISO9001,0,0
256,EMEA,2357.64,55.12,2,27.33,1,0.0,1004,5.55,0.058,0.024,34,63.39,None,0,0
257,APAC,3848.99,68.38,9,30.99,1,0.0,972,5.22,0.008,0.049,48,65.68,None,0,0
257,APAC,3848.99,68.38,9,35.07,1,0.0,1900,3.87,0.004,0.017,36,85.32,ISO9001,1,0
257,APAC,3848.99,68.38,9,35.15,1,0.0,780,5.58,0.013,0.02,11,86.39,None,0,0
257,APAC,3848.99,68.38,9,34.62,1,0.0,635,6.01,0.002,0.005,2,84.65,None,0,0
257,APAC,3848.99,68.38,9,33.94,1,0.0,935,4.16,0.032,0.004,4,85.9,None,0,0
257,APAC,3848.99,68.38,9,29.59,1,0.0,1028,6.16,0.066,0.016,14,96.19,ISO9001+ISO14001,0,0
257,APAC,3848.99,68.38,9,27.99,1,0.0,1025,4.98,0.044,0.016,12,90.22,ISO9001+ISO14001,1,0
257,APAC,3848.99,68.38,9,35.18,1,0.0,1200,5.32,0.036,0.017,16,70.84,ISO9001,1,0
257,APAC,3848.99,68.38,9,29.45,0,5.4,990,5.68,0.065,0.015,8,91.02,ISO9001+ISO14001,1,0
257,APAC,3848.99,68.38,9,35.02,0,6.81,946,3.95,0.034,0.027,30,82.81,ISO9001,0,0
257,APAC,3848.99,68.38,9,30.78,1,0.0,1087,5.87,0.028,0.022,26,82.82,None,1,0
257,APAC,3848.99,68.38,9,36.66,1,0.0,841,4.14,0.029,0.003,3,92.12,None,1,0
257,APAC,3848.99,68.38,9,34.41,1,0.0,1233,4.04,0.045,0.018,18,74.08,None,0,0
257,APAC,3848.99,68.38,9,35.31,1,0.0,663,5.04,0.024,0.014,9,61.49,ISO9001,1,0
257,APAC,3848.99,68.38,9,28.9,0,5.06,517,4.48,0.039,0.027,7,85.37,ISO9001+ISO14001,0,0
257,APAC,3848.99,68.38,9,30.76,1,0.0,911,4.36,0.053,0.0,0,69.33,ISO9001,1,0
257,APAC,3848.99,68.38,9,31.57,1,0.0,1291,5.44,0.028,0.001,0,78.89,ISO9001+ISO14001,1,0
257,APAC,3848.99,68.38,9,34.88,1,0.0,833,5.69,0.028,0.013,14,91.12,ISO9001+ISO14001,1,0
257,APAC,3848.99,68.38,9,31.31,1,0.0,1350,4.8,0.031,0.015,26,81.38,ISO9001+ISO14001,1,0
258,AMER,428.41,66.21,1,19.55,1,0.0,1065,5.02,0.031,0.03,36,61.52,ISO9001,1,0
258,AMER,428.41,66.21,1,13.65,1,0.0,820,4.71,0.049,0.032,26,78.12,None,0,0
258,AMER,428.41,66.21,1,19.72,0,2.52,847,4.79,0.073,0.029,25,61.68,ISO9001,0,1
258,AMER,428.41,66.21,1,18.1,0,6.53,1350,4.58,0.047,0.042,43,49.4,ISO9001,1,1
258,AMER,428.41,66.21,1,17.85,1,0.0,900,4.76,0.016,0.025,22,85.59,ISO9001+ISO14001,0,0
258,AMER,428.41,66.21,1,24.51,0,6.6,1167,4.14,0.065,0.019,24,85.43,ISO9001+ISO14001,1,0
258,AMER,428.41,66.21,1,19.59,1,0.0,1368,4.91,0.048,0.032,55,85.55,ISO9001+ISO14001,1,0
258,AMER,428.41,66.21,1,18.39,1,0.0,590,4.26,0.084,0.032,16,78.63,ISO9001,0,0
258,AMER,428.41,66.21,1,21.88,1,0.0,1193,5.16,0.025,0.028,29,82.16,ISO9001,1,0
258,AMER,428.41,66.21,1,21.45,1,0.0,959,4.67,0.04,0.02,18,71.74,ISO9001,1,0
258,AMER,428.41,66.21,1,20.67,1,0.0,796,5.68,0.033,0.044,32,71.47,None,1,0
258,AMER,428.41,66.21,1,14.93,1,0.0,1286,4.92,0.031,0.016,18,75.95,ISO9001,0,0
258,AMER,428.41,66.21,1,21.06,1,0.0,1245,5.1,0.037,0.038,51,83.61,ISO9001,1,0
258,AMER,428.41,66.21,1,19.24,1,0.0,898,4.09,0.002,0.033,33,67.28,None,0,0
258,AMER,428.41,66.21,1,17.64,1,0.0,1103,4.07,0.084,0.02,16,54.22,ISO9001,1,0
258,AMER,428.41,66.21,1,19.23,1,0.0,986,4.71,0.006,0.028,26,65.92,None,0,0
258,AMER,428.41,66.21,1,22.05,1,0.0,1395,4.65,0.029,0.021,38,78.07,ISO9001,1,0
258,AMER,428.41,66.21,1,16.81,1,0.0,1247,5.4,0.003,0.039,43,79.4,ISO9001+ISO14001,1,0
258,AMER,428.41,66.21,1,23.0,1,0.0,1317,4.55,0.043,0.033,43,71.71,ISO9001,1,0
258,AMER,428.41,66.21,1,11.68,1,0.0,853,4.79,0.036,0.009,8,86.66,None,1,0
258,AMER,428.41,66.21,1,20.39,1,0.0,1142,4.76,0.078,0.031,32,95.38,ISO9001,1,0
258,AMER,428.41,66.21,1,23.38,1,0.0,1433,4.85,0.006,0.01,10,87.56,ISO9001,1,0
258,AMER,428.41,66.21,1,16.45,1,0.0,1336,5.21,0.026,0.019,31,80.51,ISO9001,1,0
259,EMEA,2628.61,55.08,4,26.77,1,0.0,759,5.45,0.04,0.018,12,71.97,ISO9001+ISO14001,1,0
259,EMEA,2628.61,55.08,4,27.95,0,5.44,965,5.58,0.058,0.032,34,91.78,ISO9001,0,0
259,EMEA,2628.61,55.08,4,32.36,1,0.0,843,4.57,0.037,0.029,31,69.45,None,1,0
259,EMEA,2628.61,55.08,4,33.17,1,0.0,1010,5.12,0.046,0.032,34,62.62,None,0,0
259,EMEA,2628.61,55.08,4,31.04,1,0.0,887,5.57,0.062,0.025,14,73.03,ISO9001+ISO14001,1,0
259,EMEA,2628.61,55.08,4,29.37,0,3.84,1446,4.94,0.009,0.012,15,82.01,ISO9001,1,0
259,EMEA,2628.61,55.08,4,33.61,1,0.0,845,5.13,0.114,0.034,28,62.19,None,0,0
259,EMEA,2628.61,55.08,4,31.15,1,0.0,549,5.63,0.027,0.048,22,80.23,None,0,0
259,EMEA,2628.61,55.08,4,28.24,1,0.0,1120,5.26,0.036,0.021,23,96.34,ISO9001,1,0
259,EMEA,2628.61,55.08,4,28.04,1,0.0,1624,5.42,0.053,0.024,35,73.33,ISO9001,0,0
259,EMEA,2628.61,55.08,4,24.3,1,0.0,866,4.21,0.052,0.0,0,72.92,ISO9001,1,0
259,EMEA,2628.61,55.08,4,26.37,0,10.91,932,5.18,0.033,0.034,27,69.12,ISO9001,0,0
259,EMEA,2628.61,55.08,4,22.54,1,0.0,1062,4.65,0.017,0.03,30,64.57,ISO9001,1,0
259,EMEA,2628.61,55.08,4,26.56,1,0.0,776,4.45,0.068,0.019,14,78.17,ISO9001+ISO14001,0,0
259,EMEA,2628.61,55.08,4,33.74,1,0.0,1081,4.41,0.04,0.027,40,64.97,None,0,0
259,EMEA,2628.61,55.08,4,31.0,0,7.41,1145,4.44,0.02,0.033,39,61.57,ISO9001+ISO14001,1,0
259,EMEA,2628.61,55.08,4,33.24,1,0.0,1273,4.21,0.065,0.037,46,74.33,ISO9001,1,0
259,EMEA,2628.61,55.08,4,33.41,1,0.0,868,6.44,0.047,0.017,14,69.25,None,0,0
259,EMEA,2628.61,55.08,4,26.36,1,0.0,965,5.29,0.083,0.038,32,84.79,None,1,0
259,EMEA,2628.61,55.08,4,29.25,1,0.0,1422,5.03,0.024,0.029,25,61.05,ISO9001,1,0
259,EMEA,2628.61,55.08,4,31.29,1,0.0,1064,4.58,0.029,0.026,25,76.26,ISO9001+ISO14001,1,0
259,EMEA,2628.61,55.08,4,23.32,1,0.0,1106,5.22,0.062,0.041,46,79.64,ISO9001+ISO14001,1,0
259,EMEA,2628.61,55.08,4,24.07,1,0.0,797,6.01,0.035,0.031,25,57.57,None,0,0
259,EMEA,2628.61,55.08,4,29.07,1,0.0,949,3.95,0.065,0.023,16,70.31,ISO9001,1,0
259,EMEA,2628.61,55.08,4,30.39,1,0.0,1543,5.78,0.0,0.037,52,78.44,ISO9001,1,0
259,EMEA,2628.61,55.08,4,27.98,1,0.0,1187,4.45,0.054,0.04,53,65.87,None,0,0
259,EMEA,2628.61,55.08,4,27.44,1,0.0,1270,5.21,0.067,0.021,29,77.82,ISO9001,1,0
259,EMEA,2628.61,55.08,4,27.24,1,0.0,943,4.49,0.045,0.018,19,99.48,ISO9001,0,0
259,EMEA,2628.61,55.08,4,27.29,1,0.0,1143,5.41,0.033,0.03,33,81.69,ISO9001,0,0
259,EMEA,2628.61,55.08,4,32.18,1,0.0,1203,5.01,0.026,0.039,53,69.68,ISO9001,1,0
259,EMEA,2628.61,55.08,4,24.24,1,0.0,933,5.55,0.006,0.041,40,73.14,None,0,0
259,EMEA,2628.61,55.08,4,31.63,1,0.0,930,5.1,0.042,0.022,17,77.51,None,0,0
260,APAC,3753.77,77.4,6,35.07,1,0.0,1250,5.4,0.066,0.008,10,59.52,ISO9001+ISO14001,1,0
260,APAC,3753.77,77.4,6,36.0,1,0.0,1449,4.76,0.049,0.002,1,66.13,ISO9001+ISO14001,1,0
260,APAC,3753.77,77.4,6,37.3,0,7.81,1033,4.56,0.0,0.008,8,88.8,ISO9001,0,0
260,APAC,3753.77,77.4,6,34.53,1,0.0,999,4.71,0.019,0.019,17,95.96,ISO9001+ISO14001,1,0
260,APAC,3753.77,77.4,6,33.39,1,0.0,1061,4.86,0.046,0.009,7,61.7,None,0,0
260,APAC,3753.77,77.4,6,30.6,1,0.0,934,5.1,0.01,0.004,5,93.34,ISO9001,1,0
260,APAC,3753.77,77.4,6,29.87,1,0.0,1403,5.39,0.015,0.004,4,100.0,ISO9001+ISO14001,1,0
260,APAC,3753.77,77.4,6,37.89,0,5.04,1073,4.98,0.045,0.005,7,76.38,None,0,0
260,APAC,3753.77,77.4,6,27.06,1,0.0,990,6.21,0.02,0.004,0,93.12,ISO9001+ISO14001,1,0
260,APAC,3753.77,77.4,6,35.38,1,0.0,598,5.3,0.038,0.0,0,93.67,ISO9001+ISO14001,1,0
260,APAC,3753.77,77.4,6,34.23,1,0.0,1480,4.75,0.002,0.013,21,75.01,ISO9001,0,0
260,APAC,3753.77,77.4,6,32.34,1,0.0,754,4.29,0.036,0.019,9,80.17,None,0,0
260,APAC,3753.77,77.4,6,34.29,1,0.0,930,5.45,0.038,0.0,0,68.92,ISO9001,1,0
260,APAC,3753.77,77.4,6,29.97,1,0.0,1319,4.65,0.057,0.026,36,80.83,ISO9001,1,0
260,APAC,3753.77,77.4,6,32.4,1,0.0,1063,6.1,0.023,0.015,18,82.42,ISO9001,0,0
260,APAC,3753.77,77.4,6,37.55,0,5.77,1086,5.73,0.022,0.015,12,90.35,ISO9001,1,0
260,APAC,3753.77,77.4,6,37.81,1,0.0,1102,5.28,0.048,0.017,21,72.61,ISO9001,0,0
260,APAC,3753.77,77.4,6,33.59,1,0.0,1439,4.73,0.023,0.016,39,96.16,None,1,0
260,APAC,3753.77,77.4,6,31.37,1,0.0,1036,5.54,0.006,0.004,4,74.55,ISO9001+ISO14001,1,0
260,APAC,3753.77,77.4,6,35.02,1,0.0,1237,3.58,0.0,0.015,21,81.99,ISO9001,0,0
260,APAC,3753.77,77.4,6,31.62,1,0.0,1504,4.27,0.021,0.009,16,82.45,ISO9001+ISO14001,0,0
260,APAC,3753.77,77.4,6,29.25,1,0.0,751,4.96,0.001,0.03,22,84.63,None,0,0
260,APAC,3753.77,77.4,6,30.24,1,0.0,1068,4.21,0.0,0.024,30,65.29,ISO9001,0,0
260,APAC,3753.77,77.4,6,34.54,0,5.02,965,4.73,0.028,0.023,22,87.9,ISO9001,1,0
260,APAC,3753.77,77.4,6,34.31,1,0.0,1200,5.27,0.039,0.0,0,74.3,None,0,0
260,APAC,3753.77,77.4,6,33.03,1,0.0,1308,4.83,0.033,0.021,31,75.01,ISO9001,1,0
260,APAC,3753.77,77.4,6,30.36,1,0.0,953,5.15,0.042,0.021,18,69.39,ISO9001,1,0
260,APAC,3753.77,77.4,6,33.73,1,0.0,1510,4.9,0.001,0.01,12,77.09,ISO9001,0,0
260,APAC,3753.77,77.4,6,32.1,1,0.0,738,5.93,0.01,0.009,5,90.29,None,0,0
260,APAC,3753.77,77.4,6,28.18,1,0.0,1193,6.09,0.016,0.0,0,70.49,ISO9001,1,0
261,AMER,1548.98,53.56,2,27.65,1,0.0,1026,5.09,0.039,0.029,27,64.46,ISO9001+ISO14001,1,0
261,AMER,1548.98,53.56,2,24.63,1,0.0,737,6.01,0.02,0.038,27,61.98,ISO9001+ISO14001,1,0
261,AMER,1548.98,53.56,2,26.56,0,6.15,582,4.81,0.039,0.019,16,61.08,None,0,1
261,AMER,1548.98,53.56,2,24.53,1,0.0,1182,4.97,0.056,0.007,9,59.59,None,0,0
261,AMER,1548.98,53.56,2,21.41,0,4.2,1163,5.01,0.047,0.03,35,72.72,ISO9001,0,0
261,AMER,1548.98,53.56,2,22.1,1,0.0,897,5.02,0.05,0.027,30,75.62,ISO9001,1,0
261,AMER,1548.98,53.56,2,21.05,1,0.0,930,4.98,0.029,0.023,24,69.85,None,0,0
261,AMER,1548.98,53.56,2,25.99,1,0.0,943,5.34,0.041,0.018,16,68.32,ISO9001,0,0
261,AMER,1548.98,53.56,2,25.55,1,0.0,930,4.66,0.043,0.03,28,79.57,ISO9001,0,0
261,AMER,1548.98,53.56,2,24.15,1,0.0,1118,6.09,0.042,0.023,28,60.29,ISO9001+ISO14001,0,0
261,AMER,1548.98,53.56,2,30.17,1,0.0,722,5.34,0.064,0.026,22,65.78,None,0,0
261,AMER,1548.98,53.56,2,25.39,1,0.0,1088,5.42,0.028,0.021,24,63.64,None,0,0
261,AMER,1548.98,53.56,2,28.0,1,0.0,1107,5.77,0.043,0.025,37,87.55,ISO9001,1,0
261,AMER,1548.98,53.56,2,25.31,1,0.0,810,5.16,0.007,0.023,18,86.19,ISO9001+ISO14001,0,0
261,AMER,1548.98,53.56,2,30.57,1,0.0,1220,5.02,0.028,0.014,13,68.84,ISO9001,0,0
261,AMER,1548.98,53.56,2,25.12,1,0.0,1365,5.97,0.002,0.024,27,56.57,ISO9001,1,0
261,AMER,1548.98,53.56,2,26.1,1,0.0,931,5.65,0.016,0.019,11,56.93,ISO9001,0,0
261,AMER,1548.98,53.56,2,23.84,0,1.98,1223,5.03,0.052,0.006,7,69.68,ISO9001+ISO14001,1,0
261,AMER,1548.98,53.56,2,26.9,1,0.0,948,5.66,0.021,0.022,16,69.52,ISO9001+ISO14001,1,0
261,AMER,1548.98,53.56,2,24.72,1,0.0,1090,4.92,0.038,0.029,32,90.64,ISO9001,0,0
261,AMER,1548.98,53.56,2,25.78,1,0.0,711,5.97,0.043,0.034,19,79.0,None,0,0
261,AMER,1548.98,53.56,2,25.82,1,0.0,1099,4.79,0.0,0.023,27,89.54,None,0,0
261,AMER,1548.98,53.56,2,30.96,1,0.0,949,5.43,0.038,0.017,10,63.55,ISO9001+ISO14001,0,0
261,AMER,1548.98,53.56,2,24.99,0,6.81,1037,5.69,0.049,0.031,34,51.96,ISO9001+ISO14001,0,1
261,AMER,1548.98,53.56,2,18.34,1,0.0,912,4.98,0.033,0.015,9,75.23,None,0,0
261,AMER,1548.98,53.56,2,19.81,1,0.0,677,5.75,0.006,0.011,8,79.28,None,0,0
261,AMER,1548.98,53.56,2,22.37,1,0.0,760,6.17,0.034,0.016,15,68.17,None,0,0
261,AMER,1548.98,53.56,2,20.9,1,0.0,627,4.48,0.043,0.014,10,82.86,ISO9001,0,0
262,APAC,4097.57,75.73,7,33.29,1,0.0,1022,4.85,0.065,0.01,8,79.69,ISO9001,1,0
262,APAC,4097.57,75.73,7,38.54,1,0.0,1273,3.89,0.058,0.017,22,67.88,ISO9001,0,0
262,APAC,4097.57,75.73,7,32.21,1,0.0,1317,5.36,0.007,0.009,15,75.63,None,0,0
262,APAC,4097.57,75.73,7,31.86,1,0.0,572,4.92,0.074,0.0,0,78.47,ISO9001+ISO14001,0,0
262,APAC,4097.57,75.73,7,32.58,1,0.0,1161,5.03,0.0,0.022,18,80.93,ISO9001,1,0
262,APAC,4097.57,75.73,7,35.85,0,9.67,699,5.04,0.016,0.028,18,62.91,ISO9001,1,0
262,APAC,4097.57,75.73,7,32.66,1,0.0,1088,5.56,0.033,0.005,11,74.95,ISO9001+ISO14001,1,0
262,APAC,4097.57,75.73,7,29.73,1,0.0,702,5.64,0.05,0.011,6,80.47,ISO9001,1,0
262,APAC,4097.57,75.73,7,35.26,1,0.0,1367,4.94,0.05,0.013,14,96.54,None,0,0
262,APAC,4097.57,75.73,7,31.9,1,0.0,1226,4.9,0.036,0.025,36,94.89,ISO9001,0,0
262,APAC,4097.57,75.73,7,38.29,1,0.0,910,5.31,0.027,0.001,1,75.08,ISO9001+ISO14001,0,0
262,APAC,4097.57,75.73,7,38.82,1,0.0,1021,5.59,0.026,0.016,16,76.09,None,0,0
262,APAC,4097.57,75.73,7,38.04,1,0.0,1031,5.6,0.011,0.001,0,83.98,ISO9001+ISO14001,1,0
262,APAC,4097.57,75.73,7,35.63,1,0.0,637,4.41,0.0,0.019,10,71.85,ISO9001,1,0
262,APAC,4097.57,75.73,7,26.77,1,0.0,1170,5.6,0.029,0.0,0,86.14,ISO9001,0,0
262,APAC,4097.57,75.73,7,36.09,1,0.0,1151,4.52,0.016,0.012,13,88.9,ISO9001,1,0
262,APAC,4097.57,75.73,7,36.16,1,0.0,741,5.78,0.0,0.015,13,88.52,ISO9001,1,0
262,APAC,4097.57,75.73,7,33.4,1,0.0,1000,4.64,0.045,0.008,11,66.79,None,0,0
262,APAC,4097.57,75.73,7,32.23,1,0.0,991,4.86,0.05,0.009,11,66.19,None,0,0
262,APAC,4097.57,75.73,7,35.91,1,0.0,1063,6.56,0.007,0.008,7,96.45,ISO9001,1,0
262,APAC,4097.57,75.73,7,36.2,1,0.0,1200,4.22,0.038,0.015,17,70.2,ISO9001,1,0
262,APAC,4097.57,75.73,7,30.82,1,0.0,1249,4.86,0.038,0.006,8,69.48,ISO9001+ISO14001,1,0
262,APAC,4097.57,75.73,7,35.07,1,0.0,1325,5.3,0.043,0.024,33,81.55,ISO9001+ISO14001,0,0
262,APAC,4097.57,75.73,7,38.15,1,0.0,893,4.73,0.0,0.009,12,73.46,ISO9001,1,0
262,APAC,4097.57,75.73,7,33.51,1,0.0,1209,4.54,0.013,0.014,10,72.6,None,0,0
262,APAC,4097.57,75.73,7,27.47,1,0.0,761,3.92,0.024,0.035,31,68.72,ISO9001,1,0
262,APAC,4097.57,75.73,7,38.81,1,0.0,1402,4.94,0.017,0.009,10,89.28,ISO9001,0,0
262,APAC,4097.57,75.73,7,38.28,1,0.0,1150,4.48,0.017,0.025,33,71.59,ISO9001,0,0
262,APAC,4097.57,75.73,7,40.26,1,0.0,1296,4.91,0.051,0.0,0,88.42,ISO9001,0,0
262,APAC,4097.57,75.73,7,38.15,1,0.0,541,4.74,0.0,0.015,8,83.77,ISO9001,1,0
262,APAC,4097.57,75.73,7,36.4,1,0.0,1142,4.39,0.026,0.004,4,89.39,None,0,0
262,APAC,4097.57,75.73,7,35.43,1,0.0,952,5.17,0.032,0.001,0,70.3,ISO9001,1,0
262,APAC,4097.57,75.73,7,35.49,1,0.0,1592,4.26,0.02,0.001,2,72.54,ISO9001,0,0
262,APAC,4097.57,75.73,7,29.06,1,0.0,1049,5.94,0.017,0.0,0,67.38,ISO9001,1,0
262,APAC,4097.57,75.73,7,27.5,1,0.0,1310,6.42,0.0,0.017,31,77.35,ISO9001,0,0
262,APAC,4097.57,75.73,7,36.15,1,0.0,1202,4.65,0.054,0.007,5,88.69,ISO9001,1,0
262,APAC,4097.57,75.73,7,34.44,1,0.0,1102,4.67,0.057,0.02,19,69.21,ISO9001+ISO14001,1,0
262,APAC,4097.57,75.73,7,35.48,1,0.0,745,5.1,0.036,0.007,7,84.6,ISO9001,1,0
262,APAC,4097.57,75.73,7,39.09,1,0.0,697,5.25,0.034,0.026,20,80.93,ISO9001,1,0
262,APAC,4097.57,75.73,7,33.59,1,0.0,771,4.5,0.028,0.029,20,84.85,ISO9001,1,0
262,APAC,4097.57,75.73,7,39.0,1,0.0,851,5.17,0.029,0.003,3,73.39,ISO9001+ISO14001,1,0
262,APAC,4097.57,75.73,7,37.04,1,0.0,1280,5.45,0.026,0.018,14,67.69,None,0,0
262,APAC,4097.57,75.73,7,31.59,1,0.0,1003,5.06,0.049,0.016,14,77.96,None,1,0
262,APAC,4097.57,75.73,7,34.51,1,0.0,848,5.53,0.033,0.004,3,63.74,None,0,0
262,APAC,4097.57,75.73,7,35.67,1,0.0,1141,6.42,0.021,0.016,19,76.3,ISO9001,0,0
262,APAC,4097.57,75.73,7,33.83,1,0.0,911,4.95,0.033,0.005,5,91.31,ISO9001,1,0
262,APAC,4097.57,75.73,7,31.62,1,0.0,494,5.05,0.046,0.001,0,77.79,ISO9001+ISO14001,0,0
262,APAC,4097.57,75.73,7,33.34,1,0.0,951,6.36,0.05,0.011,8,70.46,ISO9001+ISO14001,0,0
262,APAC,4097.57,75.73,7,32.11,1,0.0,985,4.82,0.049,0.015,13,85.3,ISO9001,1,0
262,APAC,4097.57,75.73,7,34.11,1,0.0,1244,4.83,0.03,0.031,39,74.0,ISO9001,1,0
262,APAC,4097.57,75.73,7,36.8,0,5.97,1241,4.77,0.045,0.006,10,98.02,ISO9001,0,0
262,APAC,4097.57,75.73,7,35.7,1,0.0,993,5.74,0.063,0.003,1,91.94,ISO9001,1,0
262,APAC,4097.57,75.73,7,37.02,1,0.0,439,4.38,0.01,0.012,2,96.65,ISO9001+ISO14001,1,0
262,APAC,4097.57,75.73,7,33.11,1,0.0,515,5.03,0.0,0.008,5,78.05,ISO9001,1,0
262,APAC,4097.57,75.73,7,34.86,1,0.0,1148,5.2,0.079,0.026,35,70.97,ISO9001,1,0
262,APAC,4097.57,75.73,7,32.89,0,6.85,860,4.54,0.031,0.03,25,69.67,ISO9001+ISO14001,1,0
262,APAC,4097.57,75.73,7,35.42,1,0.0,1273,4.16,0.06,0.011,20,90.68,None,0,0
263,EMEA,2182.04,61.56,4,27.99,1,0.0,1553,5.05,0.005,0.004,2,86.43,None,0,0
263,EMEA,2182.04,61.56,4,24.57,1,0.0,719,4.63,0.0,0.0,0,61.46,ISO9001,1,0
263,EMEA,2182.04,61.56,4,24.73,1,0.0,786,5.94,0.042,0.034,28,83.36,ISO9001+ISO14001,1,0
263,EMEA,2182.04,61.56,4,31.46,0,1.0,826,4.97,0.031,0.006,4,79.03,None,0,0
263,EMEA,2182.04,61.56,4,27.63,1,0.0,1014,3.66,0.029,0.011,12,84.79,ISO9001,1,0
263,EMEA,2182.04,61.56,4,27.01,1,0.0,932,4.7,0.041,0.006,5,70.22,None,0,0
263,EMEA,2182.04,61.56,4,26.24,1,0.0,1320,5.02,0.01,0.003,5,71.84,ISO9001,1,0
263,EMEA,2182.04,61.56,4,25.84,1,0.0,471,5.47,0.028,0.026,19,51.84,ISO9001,0,0
263,EMEA,2182.04,61.56,4,33.24,1,0.0,1110,5.79,0.0,0.019,22,87.3,ISO9001,1,0
263,EMEA,2182.04,61.56,4,27.88,1,0.0,961,5.32,0.027,0.022,19,58.89,ISO9001,1,0
263,EMEA,2182.04,61.56,4,26.52,1,0.0,880,4.6,0.036,0.012,12,78.99,ISO9001+ISO14001,0,0
263,EMEA,2182.04,61.56,4,25.25,1,0.0,1028,4.46,0.038,0.007,10,79.89,ISO9001,1,0
263,EMEA,2182.04,61.56,4,25.47,1,0.0,928,4.48,0.0,0.02,19,61.18,ISO9001,1,0
263,EMEA,2182.04,61.56,4,33.88,1,0.0,897,5.48,0.027,0.023,16,79.23,ISO9001,1,0
263,EMEA,2182.04,61.56,4,26.45,0,5.18,764,4.43,0.041,0.007,5,100.0,None,0,0
263,EMEA,2182.04,61.56,4,20.68,1,0.0,436,5.64,0.007,0.014,7,62.45,ISO9001+ISO14001,0,0
263,EMEA,2182.04,61.56,4,28.65,1,0.0,712,5.56,0.033,0.012,9,65.81,ISO9001,1,0
263,EMEA,2182.04,61.56,4,26.86,1,0.0,967,3.23,0.045,0.0,0,93.08,ISO9001,1,0
263,EMEA,2182.04,61.56,4,24.4,1,0.0,1303,5.03,0.065,0.015,18,86.71,ISO9001,1,0
263,EMEA,2182.04,61.56,4,25.95,1,0.0,881,5.77,0.047,0.024,26,72.87,ISO9001+ISO14001,0,0
263,EMEA,2182.04,61.56,4,32.71,1,0.0,842,4.45,0.039,0.0,0,69.86,ISO9001+ISO14001,0,0
263,EMEA,2182.04,61.56,4,24.88,1,0.0,887,5.14,0.048,0.0,0,79.42,None,0,0
263,EMEA,2182.04,61.56,4,27.8,1,0.0,594,5.29,0.039,0.008,5,76.67,ISO9001,0,0
263,EMEA,2182.04,61.56,4,26.42,1,0.0,765,5.03,0.034,0.021,16,94.85,None,0,0
263,EMEA,2182.04,61.56,4,26.26,1,0.0,924,4.14,0.058,0.024,19,77.58,ISO9001,1,0
263,EMEA,2182.04,61.56,4,28.24,1,0.0,1011,4.89,0.02,0.012,14,61.46,ISO9001,1,0
263,EMEA,2182.04,61.56,4,25.88,0,8.07,881,5.39,0.002,0.003,1,73.58,ISO9001+ISO14001,1,0
263,EMEA,2182.04,61.56,4,28.02,1,0.0,586,4.38,0.054,0.002,0,81.96,ISO9001+ISO14001,0,0
263,EMEA,2182.04,61.56,4,26.65,1,0.0,919,5.09,0.027,0.045,39,87.15,ISO9001+ISO14001,1,0
263,EMEA,2182.04,61.56,4,31.39,1,0.0,743,4.92,0.026,0.009,9,83.53,ISO9001,0,0
263,EMEA,2182.04,61.56,4,30.56,1,0.0,1199,4.78,0.033,0.028,33,90.43,None,0,0
263,EMEA,2182.04,61.56,4,23.58,1,0.0,1206,5.02,0.035,0.0,0,83.34,None,0,0
263,EMEA,2182.04,61.56,4,28.05,1,0.0,582,4.48,0.024,0.016,3,74.8,ISO9001,1,0
263,EMEA,2182.04,61.56,4,30.47,1,0.0,1016,5.13,0.055,0.025,24,77.82,ISO9001,1,0
263,EMEA,2182.04,61.56,4,28.42,1,0.0,838,5.28,0.052,0.003,2,86.72,ISO9001,1,0
263,EMEA,2182.04,61.56,4,26.26,1,0.0,710,4.8,0.06,0.007,7,100.0,ISO9001,0,0
263,EMEA,2182.04,61.56,4,26.06,0,3.67,701,4.25,0.033,0.023,12,63.07,ISO9001,1,0
263,EMEA,2182.04,61.56,4,27.05,1,0.0,1375,5.08,0.036,0.029,41,89.69,ISO9001+ISO14001,0,0
263,EMEA,2182.04,61.56,4,23.77,0,4.6,1482,5.42,0.05,0.011,12,80.89,ISO9001,0,0
263,EMEA,2182.04,61.56,4,27.02,0,3.85,1152,5.34,0.042,0.018,25,95.0,None,0,0
263,EMEA,2182.04,61.56,4,23.32,1,0.0,883,4.9,0.032,0.009,6,90.31,ISO9001,1,0
263,EMEA,2182.04,61.56,4,30.03,1,0.0,826,5.09,0.046,0.011,6,73.28,None,0,0
263,EMEA,2182.04,61.56,4,24.59,1,0.0,951,5.04,0.015,0.031,32,93.8,ISO9001+ISO14001,0,0
263,EMEA,2182.04,61.56,4,30.51,1,0.0,781,5.4,0.045,0.027,24,74.96,ISO9001,1,0
263,EMEA,2182.04,61.56,4,26.31,1,0.0,879,4.88,0.033,0.021,21,73.54,None,0,0
263,EMEA,2182.04,61.56,4,24.08,1,0.0,1280,4.73,0.026,0.007,11,74.64,ISO9001,1,0
263,EMEA,2182.04,61.56,4,30.3,1,0.0,1170,4.57,0.041,0.019,24,71.57,ISO9001,1,0
263,EMEA,2182.04,61.56,4,23.18,0,7.97,1597,5.35,0.022,0.02,25,68.82,ISO9001+ISO14001,1,0
263,EMEA,2182.04,61.56,4,24.57,1,0.0,860,4.47,0.022,0.013,10,84.35,ISO9001,0,0
263,EMEA,2182.04,61.56,4,24.47,1,0.0,1143,5.52,0.017,0.005,8,78.5,None,1,0
263,EMEA,2182.04,61.56,4,25.14,1,0.0,947,5.8,0.002,0.013,14,71.75,ISO9001,0,0
263,EMEA,2182.04,61.56,4,23.85,1,0.0,819,3.91,0.047,0.014,12,68.05,None,0,0
263,EMEA,2182.04,61.56,4,23.7,1,0.0,915,3.42,0.008,0.013,13,74.42,ISO9001,0,0
264,AMER,1288.24,58.63,7,22.59,1,0.0,657,5.52,0.033,0.011,8,78.33,ISO9001,1,0
264,AMER,1288.24,58.63,7,25.01,1,0.0,1217,4.18,0.008,0.005,7,77.14,None,0,0
264,AMER,1288.24,58.63,7,22.51,1,0.0,946,5.79,0.0,0.014,17,77.59,ISO9001,1,0
264,AMER,1288.24,58.63,7,29.61,1,0.0,734,4.3,0.061,0.007,2,86.87,None,0,0
264,AMER,1288.24,58.63,7,25.52,1,0.0,613,3.97,0.026,0.008,2,74.77,ISO9001,1,0
264,AMER,1288.24,58.63,7,24.14,1,0.0,854,4.33,0.039,0.009,3,76.77,ISO9001,1,0
264,AMER,1288.24,58.63,7,21.49,1,0.0,1417,5.26,0.019,0.029,30,79.41,ISO9001,0,0
264,AMER,1288.24,58.63,7,26.29,1,0.0,1730,4.24,0.037,0.014,22,71.9,ISO9001,0,0
264,AMER,1288.24,58.63,7,22.61,1,0.0,1365,6.45,0.057,0.006,5,83.93,None,0,0
264,AMER,1288.24,58.63,7,26.89,1,0.0,962,5.75,0.035,0.004,3,55.49,ISO9001,1,0
264,AMER,1288.24,58.63,7,23.02,1,0.0,1124,4.88,0.054,0.008,9,80.9,ISO9001,1,0
264,AMER,1288.24,58.63,7,22.55,1,0.0,898,5.6,0.03,0.0,0,84.24,None,0,0
264,AMER,1288.24,58.63,7,21.08,1,0.0,853,4.66,0.038,0.029,28,67.8,ISO9001,1,0
264,AMER,1288.24,58.63,7,23.43,1,0.0,1199,5.68,0.061,0.01,10,74.43,None,0,0
264,AMER,1288.24,58.63,7,24.2,1,0.0,741,5.17,0.014,0.01,9,92.77,None,0,0
264,AMER,1288.24,58.63,7,23.4,1,0.0,204,4.83,0.024,0.015,3,87.59,None,0,0
264,AMER,1288.24,58.63,7,22.04,0,5.92,968,5.65,0.022,0.001,0,78.03,ISO9001+ISO14001,0,0
264,AMER,1288.24,58.63,7,28.35,1,0.0,1142,4.75,0.011,0.01,11,74.68,ISO9001,0,0
264,AMER,1288.24,58.63,7,24.45,1,0.0,930,5.96,0.041,0.001,1,75.56,None,0,0
264,AMER,1288.24,58.63,7,25.37,1,0.0,823,4.6,0.032,0.0,0,98.31,None,0,0
264,AMER,1288.24,58.63,7,25.04,1,0.0,1015,5.11,0.026,0.023,28,78.71,ISO9001,1,0
264,AMER,1288.24,58.63,7,27.37,1,0.0,785,4.69,0.03,0.022,17,69.58,ISO9001,1,0
264,AMER,1288.24,58.63,7,18.2,1,0.0,1028,4.78,0.04,0.008,9,75.2,ISO9001,0,0
264,AMER,1288.24,58.63,7,26.5,1,0.0,821,5.03,0.047,0.015,12,74.18,ISO9001+ISO14001,1,0
264,AMER,1288.24,58.63,7,23.19,1,0.0,940,4.82,0.049,0.009,4,71.09,ISO9001,1,0
264,AMER,1288.24,58.63,7,20.92,1,0.0,1314,5.73,0.052,0.028,35,83.23,ISO9001+ISO14001,1,0
264,AMER,1288.24,58.63,7,20.72,1,0.0,1090,4.75,0.012,0.017,14,66.22,ISO9001,1,0
264,AMER,1288.24,58.63,7,22.47,1,0.0,813,4.76,0.038,0.0,0,74.1,None,0,0
264,AMER,1288.24,58.63,7,17.15,1,0.0,611,5.15,0.018,0.02,10,84.41,None,0,0
264,AMER,1288.24,58.63,7,25.17,1,0.0,848,4.34,0.012,0.011,8,64.93,ISO9001,1,0
264,AMER,1288.24,58.63,7,23.3,1,0.0,1402,5.51,0.02,0.014,15,85.45,ISO9001,1,0
264,AMER,1288.24,58.63,7,20.11,1,0.0,1107,5.59,0.023,0.022,18,71.03,ISO9001,1,0
264,AMER,1288.24,58.63,7,29.88,1,0.0,910,5.7,0.05,0.013,5,88.2,ISO9001,1,0
264,AMER,1288.24,58.63,7,23.61,1,0.0,1068,4.55,0.023,0.007,12,84.52,ISO9001+ISO14001,1,0
264,AMER,1288.24,58.63,7,26.62,1,0.0,1074,5.6,0.029,0.02,23,81.16,ISO9001,1,0
264,AMER,1288.24,58.63,7,23.11,1,0.0,1210,5.26,0.014,0.001,0,85.16,ISO9001,1,0
264,AMER,1288.24,58.63,7,25.17,1,0.0,1028,5.38,0.023,0.022,22,97.58,ISO9001,1,0
264,AMER,1288.24,58.63,7,20.57,1,0.0,1383,5.7,0.017,0.013,19,79.9,ISO9001+ISO14001,1,0
264,AMER,1288.24,58.63,7,20.64,1,0.0,1057,4.77,0.025,0.008,2,84.04,ISO9001+ISO14001,0,0
264,AMER,1288.24,58.63,7,19.63,1,0.0,1186,5.02,0.059,0.009,9,77.59,None,0,0
265,EMEA,2209.8,65.41,1,20.6,1,0.0,1283,4.82,0.06,0.026,30,83.05,None,1,0
265,EMEA,2209.8,65.41,1,25.78,0,5.42,1053,5.03,0.038,0.029,34,72.36,None,0,0
265,EMEA,2209.8,65.41,1,30.21,1,0.0,1054,4.86,0.057,0.022,27,81.2,None,0,0
265,EMEA,2209.8,65.41,1,30.32,1,0.0,726,4.35,0.025,0.023,19,78.57,None,0,0
265,EMEA,2209.8,65.41,1,25.24,1,0.0,862,4.77,0.038,0.044,39,48.04,ISO9001,0,0
265,EMEA,2209.8,65.41,1,30.79,1,0.0,715,5.53,0.07,0.03,26,78.27,ISO9001,1,0
265,EMEA,2209.8,65.41,1,29.37,0,4.37,1114,4.04,0.055,0.042,44,79.05,None,0,0
265,EMEA,2209.8,65.41,1,27.76,1,0.0,802,4.67,0.038,0.038,35,69.34,ISO9001,1,0
265,EMEA,2209.8,65.41,1,26.8,0,1.52,1209,3.48,0.026,0.042,61,73.42,ISO9001,1,0
265,EMEA,2209.8,65.41,1,28.99,1,0.0,689,5.65,0.054,0.025,13,67.73,ISO9001,1,0
265,EMEA,2209.8,65.41,1,27.13,1,0.0,983,5.22,0.054,0.042,47,65.65,None,0,0
265,EMEA,2209.8,65.41,1,23.63,1,0.0,1159,5.88,0.053,0.037,41,70.65,ISO9001,0,0
265,EMEA,2209.8,65.41,1,28.19,0,5.33,1208,4.44,0.031,0.036,46,60.14,ISO9001+ISO14001,1,0
265,EMEA,2209.8,65.41,1,25.46,1,0.0,1287,4.8,0.086,0.022,34,66.9,ISO9001,0,0
265,EMEA,2209.8,65.41,1,31.78,0,3.48,1433,4.6,0.084,0.015,16,60.37,ISO9001,0,1
265,EMEA,2209.8,65.41,1,26.59,1,0.0,929,3.78,0.039,0.028,24,78.15,ISO9001,1,0
265,EMEA,2209.8,65.41,1,29.07,1,0.0,992,5.42,0.056,0.008,9,69.85,None,0,0
265,EMEA,2209.8,65.41,1,25.01,1,0.0,1313,5.47,0.093,0.032,47,75.25,ISO9001,1,0
265,EMEA,2209.8,65.41,1,28.08,1,0.0,1522,5.15,0.052,0.032,45,78.05,ISO9001+ISO14001,1,0
265,EMEA,2209.8,65.41,1,25.48,1,0.0,1103,4.93,0.045,0.048,58,58.5,ISO9001,0,0
265,EMEA,2209.8,65.41,1,31.71,1,0.0,1598,5.58,0.039,0.028,31,78.31,ISO9001+ISO14001,0,0
265,EMEA,2209.8,65.41,1,24.14,1,0.0,1217,4.97,0.036,0.029,34,73.6,ISO9001,1,0
265,EMEA,2209.8,65.41,1,25.83,1,0.0,1193,5.17,0.026,0.041,57,42.02,ISO9001+ISO14001,0,0
265,EMEA,2209.8,65.41,1,26.62,1,0.0,965,6.1,0.055,0.028,28,88.86,ISO9001,1,0
265,EMEA,2209.8,65.41,1,26.1,1,0.0,1147,4.38,0.016,0.037,48,81.36,ISO9001,1,0
265,EMEA,2209.8,65.41,1,25.14,1,0.0,1580,4.61,0.042,0.024,45,77.38,ISO9001+ISO14001,0,0
265,EMEA,2209.8,65.41,1,32.29,1,0.0,533,5.24,0.023,0.027,9,76.01,ISO9001,1,0
265,EMEA,2209.8,65.41,1,29.74,1,0.0,1218,3.98,0.031,0.039,32,70.12,ISO9001,0,0
265,EMEA,2209.8,65.41,1,32.23,0,4.02,1403,4.62,0.012,0.038,52,91.13,ISO9001,0,0
265,EMEA,2209.8,65.41,1,31.96,1,0.0,796,4.23,0.025,0.038,30,81.95,ISO9001,0,0
265,EMEA,2209.8,65.41,1,26.69,1,0.0,678,5.3,0.02,0.021,17,64.81,ISO9001+ISO14001,1,0
265,EMEA,2209.8,65.41,1,25.68,0,4.87,894,4.36,0.033,0.027,13,77.69,ISO9001,1,0
265,EMEA,2209.8,65.41,1,20.05,0,3.12,1454,4.32,0.085,0.025,46,82.4,ISO9001,1,0
265,EMEA,2209.8,65.41,1,29.8,1,0.0,692,4.77,0.026,0.037,28,65.51,ISO9001,1,0
265,EMEA,2209.8,65.41,1,22.76,1,0.0,759,5.96,0.023,0.039,43,82.89,ISO9001+ISO14001,1,0
265,EMEA,2209.8,65.41,1,24.05,1,0.0,1301,4.91,0.066,0.011,10,67.75,None,1,0
265,EMEA,2209.8,65.41,1,29.18,1,0.0,1096,5.11,0.016,0.025,24,86.25,ISO9001+ISO14001,1,0
265,EMEA,2209.8,65.41,1,25.88,1,0.0,1451,4.71,0.062,0.027,45,82.62,ISO9001,1,0
265,EMEA,2209.8,65.41,1,28.62,1,0.0,876,4.81,0.022,0.027,25,73.59,ISO9001,0,0
265,EMEA,2209.8,65.41,1,30.21,1,0.0,1005,5.34,0.02,0.029,27,68.34,ISO9001,1,0
265,EMEA,2209.8,65.41,1,28.22,1,0.0,1164,4.83,0.018,0.027,21,70.27,ISO9001,1,0
265,EMEA,2209.8,65.41,1,26.21,1,0.0,763,5.49,0.055,0.027,18,55.41,ISO9001+ISO14001,0,0
265,EMEA,2209.8,65.41,1,23.5,1,0.0,554,5.23,0.006,0.03,11,69.39,ISO9001,1,0
265,EMEA,2209.8,65.41,1,21.62,1,0.0,978,3.94,0.056,0.022,21,70.14,None,0,0
265,EMEA,2209.8,65.41,1,24.03,1,0.0,822,4.99,0.067,0.037,31,94.45,None,0,0
265,EMEA,2209.8,65.41,1,21.27,1,0.0,1290,4.58,0.061,0.03,36,79.66,None,0,0
265,EMEA,2209.8,65.41,1,29.03,1,0.0,1048,5.31,0.065,0.021,25,71.14,ISO9001,1,0
265,EMEA,2209.8,65.41,1,23.77,1,0.0,975,4.09,0.067,0.032,35,81.12,None,0,0
265,EMEA,2209.8,65.41,1,28.87,1,0.0,1154,5.04,0.046,0.035,32,81.27,ISO9001+ISO14001,1,0
265,EMEA,2209.8,65.41,1,22.79,1,0.0,990,3.55,0.024,0.011,11,89.28,ISO9001,1,0
265,EMEA,2209.8,65.41,1,32.89,1,0.0,1027,5.5,0.05,0.029,23,64.76,ISO9001,1,0
265,EMEA,2209.8,65.41,1,27.59,1,0.0,872,4.95,0.04,0.028,19,80.87,None,0,0
265,EMEA,2209.8,65.41,1,29.71,1,0.0,790,5.25,0.064,0.025,21,70.87,ISO9001,1,0
265,EMEA,2209.8,65.41,1,26.48,1,0.0,896,4.42,0.03,0.029,27,77.25,ISO9001,0,0
265,EMEA,2209.8,65.41,1,27.29,1,0.0,1249,4.91,0.069,0.043,51,83.92,ISO9001,0,0
265,EMEA,2209.8,65.41,1,23.63,0,6.91,1163,5.87,0.031,0.039,48,65.97,ISO9001,1,0
265,EMEA,2209.8,65.41,1,31.52,1,0.0,599,5.8,0.044,0.021,9,69.98,ISO9001,0,0
265,EMEA,2209.8,65.41,1,23.79,0,4.57,931,5.27,0.034,0.022,22,79.5,ISO9001,1,0
265,EMEA,2209.8,65.41,1,22.73,1,0.0,1184,4.81,0.044,0.027,29,75.12,ISO9001+ISO14001,0,0
266,AMER,1201.79,59.84,5,16.83,1,0.0,969,5.36,0.042,0.027,25,87.22,ISO9001,1,0
266,AMER,1201.79,59.84,5,23.53,1,0.0,666,5.28,0.056,0.008,2,82.48,ISO9001,0,0
266,AMER,1201.79,59.84,5,24.39,1,0.0,434,5.58,0.06,0.012,5,79.06,ISO9001+ISO14001,0,0
266,AMER,1201.79,59.84,5,24.3,1,0.0,951,5.15,0.015,0.01,9,88.18,None,1,0
266,AMER,1201.79,59.84,5,25.43,0,6.61,929,4.87,0.065,0.025,21,84.0,ISO9001,1,0
266,AMER,1201.79,59.84,5,24.87,1,0.0,1011,6.31,0.003,0.0,0,80.47,ISO9001,1,0
266,AMER,1201.79,59.84,5,22.27,1,0.0,839,5.01,0.035,0.01,7,76.84,ISO9001,1,0
266,AMER,1201.79,59.84,5,20.19,1,0.0,766,4.9,0.026,0.025,17,58.98,ISO9001,0,0
266,AMER,1201.79,59.84,5,26.35,1,0.0,1121,5.17,0.0,0.011,16,85.85,None,0,0
266,AMER,1201.79,59.84,5,25.48,0,4.43,1055,5.13,0.052,0.0,0,67.76,None,0,0
266,AMER,1201.79,59.84,5,20.84,1,0.0,1340,4.36,0.054,0.019,33,82.63,ISO9001,0,0
266,AMER,1201.79,59.84,5,22.5,1,0.0,781,5.9,0.056,0.025,15,78.13,ISO9001,0,0
266,AMER,1201.79,59.84,5,20.81,1,0.0,1130,4.83,0.036,0.0,0,63.79,ISO9001,1,0
266,AMER,1201.79,59.84,5,22.13,1,0.0,1110,3.27,0.069,0.004,6,97.13,ISO9001,0,0
266,AMER,1201.79,59.84,5,22.23,1,0.0,564,4.6,0.046,0.019,12,67.1,ISO9001+ISO14001,1,0
266,AMER,1201.79,59.84,5,22.56,1,0.0,935,4.84,0.053,0.012,10,81.6,ISO9001,1,0
266,AMER,1201.79,59.84,5,26.68,1,0.0,1078,5.65,0.03,0.018,24,72.98,ISO9001,0,0
266,AMER,1201.79,59.84,5,25.57,1,0.0,1098,5.26,0.027,0.015,20,69.31,None,0,0
266,AMER,1201.79,59.84,5,26.27,1,0.0,980,5.54,0.047,0.006,9,90.41,None,0,0
266,AMER,1201.79,59.84,5,23.44,1,0.0,1085,5.45,0.01,0.01,6,74.54,ISO9001,1,0
266,AMER,1201.79,59.84,5,25.27,1,0.0,1073,5.41,0.006,0.014,11,81.31,None,1,0
266,AMER,1201.79,59.84,5,22.79,1,0.0,830,5.0,0.033,0.005,6,86.73,ISO9001,1,0
266,AMER,1201.79,59.84,5,30.21,1,0.0,946,5.1,0.013,0.036,32,85.38,None,0,0
266,AMER,1201.79,59.84,5,27.1,0,4.61,590,5.23,0.041,0.021,9,81.61,ISO9001,0,0
266,AMER,1201.79,59.84,5,23.51,1,0.0,638,4.33,0.044,0.016,11,64.0,ISO9001,1,0
266,AMER,1201.79,59.84,5,17.77,1,0.0,627,4.58,0.026,0.023,17,83.4,None,0,0
266,AMER,1201.79,59.84,5,21.09,1,0.0,763,4.62,0.018,0.033,28,69.53,ISO9001+ISO14001,1,0
266,AMER,1201.79,59.84,5,25.8,1,0.0,1139,4.92,0.014,0.012,16,82.89,ISO9001+ISO14001,1,0
266,AMER,1201.79,59.84,5,25.16,1,0.0,996,5.44,0.007,0.02,15,62.62,None,1,0
266,AMER,1201.79,59.84,5,20.11,0,4.12,945,5.59,0.029,0.024,32,85.73,None,0,0
267,AMER,1298.05,43.14,11,25.2,1,0.0,1238,5.2,0.043,0.01,18,80.09,ISO9001,1,0
267,AMER,1298.05,43.14,11,29.02,1,0.0,907,5.88,0.041,0.023,19,74.31,ISO9001,1,0
267,AMER,1298.05,43.14,11,23.32,1,0.0,1370,5.27,0.045,0.015,22,77.08,ISO9001,1,0
267,AMER,1298.05,43.14,11,26.39,1,0.0,1102,4.85,0.077,0.021,20,80.55,ISO9001+ISO14001,0,0
267,AMER,1298.05,43.14,11,25.47,1,0.0,659,5.22,0.035,0.0,0,82.01,ISO9001,1,0
267,AMER,1298.05,43.14,11,20.75,1,0.0,512,5.64,0.049,0.018,9,79.89,ISO9001,1,0
267,AMER,1298.05,43.14,11,26.55,1,0.0,1077,4.08,0.023,0.028,26,68.38,ISO9001,0,0
267,AMER,1298.05,43.14,11,21.21,1,0.0,960,5.18,0.016,0.005,9,90.41,ISO9001,1,0
267,AMER,1298.05,43.14,11,26.6,1,0.0,995,5.93,0.037,0.009,6,75.36,ISO9001,1,0
267,AMER,1298.05,43.14,11,27.06,1,0.0,1267,4.27,0.049,0.007,7,82.16,ISO9001,1,0
267,AMER,1298.05,43.14,11,20.13,1,0.0,782,4.79,0.0,0.029,17,73.83,ISO9001,0,0
267,AMER,1298.05,43.14,11,20.94,1,0.0,1379,3.84,0.043,0.012,15,82.6,ISO9001,1,0
267,AMER,1298.05,43.14,11,21.48,1,0.0,878,5.56,0.055,0.016,6,86.41,ISO9001,1,0
267,AMER,1298.05,43.14,11,19.25,1,0.0,909,4.56,0.022,0.03,20,90.57,None,1,0
267,AMER,1298.05,43.14,11,20.06,1,0.0,1355,5.54,0.081,0.0,0,62.17,ISO9001,1,0
267,AMER,1298.05,43.14,11,24.95,1,0.0,1276,5.24,0.057,0.023,36,70.68,ISO9001,0,0
267,AMER,1298.05,43.14,11,20.37,1,0.0,1069,6.17,0.048,0.012,12,73.75,ISO9001+ISO14001,1,0
267,AMER,1298.05,43.14,11,26.51,1,0.0,1454,5.62,0.047,0.013,20,75.23,ISO9001,0,0
267,AMER,1298.05,43.14,11,20.82,1,0.0,655,4.7,0.016,0.018,16,76.26,ISO9001+ISO14001,1,0
267,AMER,1298.05,43.14,11,23.96,1,0.0,1335,5.24,0.064,0.01,10,75.66,None,0,0
267,AMER,1298.05,43.14,11,14.85,1,0.0,864,5.44,0.039,0.018,9,73.74,ISO9001,0,0
268,EMEA,2227.8,76.37,5,27.13,1,0.0,844,4.79,0.031,0.01,10,88.09,ISO9001+ISO14001,1,0
268,EMEA,2227.8,76.37,5,27.47,1,0.0,963,4.73,0.016,0.017,17,56.85,ISO9001,1,0
268,EMEA,2227.8,76.37,5,24.21,1,0.0,1289,4.22,0.022,0.006,8,77.77,ISO9001+ISO14001,1,0
268,EMEA,2227.8,76.37,5,20.14,1,0.0,1245,6.18,0.011,0.008,3,74.62,ISO9001,1,0
268,EMEA,2227.8,76.37,5,29.46,0,6.96,855,5.44,0.04,0.003,2,87.33,ISO9001+ISO14001,1,0
268,EMEA,2227.8,76.37,5,32.22,1,0.0,926,4.19,0.042,0.023,16,81.45,None,1,0
268,EMEA,2227.8,76.37,5,32.73,1,0.0,924,5.36,0.013,0.035,27,76.44,ISO9001,1,0
268,EMEA,2227.8,76.37,5,29.97,1,0.0,1295,5.44,0.033,0.007,6,90.66,ISO9001+ISO14001,0,0
268,EMEA,2227.8,76.37,5,27.25,1,0.0,1038,4.04,0.025,0.02,19,87.24,ISO9001,1,0
268,EMEA,2227.8,76.37,5,26.94,1,0.0,888,4.78,0.03,0.027,26,86.65,ISO9001,1,0
268,EMEA,2227.8,76.37,5,22.14,1,0.0,1238,5.07,0.057,0.0,0,66.52,ISO9001,0,0
268,EMEA,2227.8,76.37,5,27.62,1,0.0,778,5.0,0.05,0.002,0,77.44,None,0,0
268,EMEA,2227.8,76.37,5,27.14,1,0.0,893,5.82,0.012,0.021,21,87.49,None,0,0
268,EMEA,2227.8,76.37,5,29.57,1,0.0,949,4.43,0.04,0.005,5,75.05,ISO9001+ISO14001,0,0
268,EMEA,2227.8,76.37,5,25.81,1,0.0,1376,5.15,0.024,0.0,0,83.04,None,0,0
268,EMEA,2227.8,76.37,5,22.34,1,0.0,1099,5.7,0.053,0.014,15,89.12,ISO9001,0,0
268,EMEA,2227.8,76.37,5,28.29,1,0.0,1043,4.6,0.012,0.017,21,79.38,ISO9001,0,0
268,EMEA,2227.8,76.37,5,22.62,1,0.0,957,5.49,0.045,0.0,0,87.87,ISO9001+ISO14001,1,0
268,EMEA,2227.8,76.37,5,27.69,1,0.0,1291,5.55,0.031,0.009,10,73.54,None,0,0
268,EMEA,2227.8,76.37,5,26.89,1,0.0,680,4.09,0.042,0.024,17,79.65,ISO9001,0,0
268,EMEA,2227.8,76.37,5,24.46,1,0.0,882,5.21,0.04,0.017,20,100.0,ISO9001,1,0
268,EMEA,2227.8,76.37,5,29.98,1,0.0,1035,5.23,0.019,0.029,17,72.83,ISO9001,0,0
268,EMEA,2227.8,76.37,5,23.01,1,0.0,935,5.3,0.005,0.002,2,100.0,ISO9001,0,0
268,EMEA,2227.8,76.37,5,27.26,1,0.0,1319,4.78,0.015,0.0,0,79.17,ISO9001,1,0
268,EMEA,2227.8,76.37,5,30.9,1,0.0,898,5.08,0.039,0.03,26,56.3,ISO9001+ISO14001,0,0
268,EMEA,2227.8,76.37,5,23.82,1,0.0,656,5.23,0.025,0.014,4,78.16,ISO9001+ISO14001,1,0
268,EMEA,2227.8,76.37,5,23.39,1,0.0,1228,5.1,0.0,0.029,50,79.15,None,0,0
269,EMEA,3136.25,55.77,3,29.9,1,0.0,890,3.24,0.053,0.016,14,79.08,ISO9001,0,0
269,EMEA,3136.25,55.77,3,29.22,1,0.0,877,4.82,0.039,0.029,28,84.98,None,1,0
269,EMEA,3136.25,55.77,3,22.25,0,6.46,1189,4.43,0.044,0.049,60,100.0,ISO9001,1,0
269,EMEA,3136.25,55.77,3,28.43,1,0.0,1075,4.9,0.018,0.012,10,63.14,ISO9001,0,0
269,EMEA,3136.25,55.77,3,34.05,1,0.0,940,5.06,0.056,0.031,19,73.03,ISO9001,1,0
269,EMEA,3136.25,55.77,3,34.27,0,5.34,1315,5.73,0.056,0.024,37,89.73,ISO9001,0,0
269,EMEA,3136.25,55.77,3,31.7,0,3.98,981,4.78,0.037,0.039,32,58.64,ISO9001+ISO14001,1,1
269,EMEA,3136.25,55.77,3,30.94,1,0.0,1073,4.44,0.045,0.014,15,69.04,ISO9001,1,0
269,EMEA,3136.25,55.77,3,30.05,1,0.0,1565,5.3,0.043,0.033,50,76.64,ISO9001,1,0
269,EMEA,3136.25,55.77,3,32.6,1,0.0,456,5.01,0.017,0.021,12,75.25,ISO9001,1,0
269,EMEA,3136.25,55.77,3,32.76,0,5.73,1020,5.06,0.034,0.028,29,83.25,ISO9001,1,0
269,EMEA,3136.25,55.77,3,28.25,0,8.45,1480,5.32,0.041,0.019,29,74.61,ISO9001,0,0
269,EMEA,3136.25,55.77,3,33.02,0,7.71,1165,5.66,0.048,0.018,29,74.28,ISO9001,1,0
269,EMEA,3136.25,55.77,3,21.84,1,0.0,913,5.47,0.004,0.014,15,52.86,ISO9001,1,0
269,EMEA,3136.25,55.77,3,26.72,1,0.0,830,5.45,0.043,0.024,25,67.66,ISO9001,1,0
269,EMEA,3136.25,55.77,3,36.01,1,0.0,1185,4.99,0.031,0.017,26,80.28,ISO9001,0,0
269,EMEA,3136.25,55.77,3,35.26,1,0.0,994,5.42,0.016,0.026,31,61.31,ISO9001,1,0
269,EMEA,3136.25,55.77,3,31.55,1,0.0,952,6.14,0.033,0.03,30,70.21,ISO9001,1,0
269,EMEA,3136.25,55.77,3,28.06,1,0.0,874,4.52,0.037,0.028,23,79.23,ISO9001+ISO14001,0,0
270,EMEA,2312.6,71.09,5,28.09,1,0.0,1156,5.02,0.064,0.009,13,64.32,None,0,0
270,EMEA,2312.6,71.09,5,25.51,1,0.0,1221,5.45,0.008,0.007,12,69.24,ISO9001,0,0
270,EMEA,2312.6,71.09,5,29.1,1,0.0,959,5.31,0.01,0.003,2,83.93,None,1,0
270,EMEA,2312.6,71.09,5,33.07,1,0.0,844,4.6,0.045,0.008,2,93.48,None,0,0
270,EMEA,2312.6,71.09,5,32.54,1,0.0,1311,4.71,0.002,0.013,17,88.27,ISO9001+ISO14001,1,0
270,EMEA,2312.6,71.09,5,22.34,1,0.0,741,4.61,0.004,0.015,11,74.76,ISO9001+ISO14001,0,0
270,EMEA,2312.6,71.09,5,28.43,1,0.0,1145,4.05,0.068,0.029,31,88.24,None,0,0
270,EMEA,2312.6,71.09,5,25.93,1,0.0,979,6.57,0.027,0.021,20,79.16,ISO9001,0,0
270,EMEA,2312.6,71.09,5,29.93,1,0.0,1354,5.6,0.015,0.021,23,93.7,ISO9001+ISO14001,1,0
270,EMEA,2312.6,71.09,5,22.04,1,0.0,510,5.77,0.053,0.001,1,89.56,ISO9001,1,0
270,EMEA,2312.6,71.09,5,33.11,1,0.0,1067,5.23,0.009,0.008,12,75.15,ISO9001,0,0
270,EMEA,2312.6,71.09,5,25.67,1,0.0,1515,4.13,0.012,0.013,18,60.12,ISO9001,1,0
270,EMEA,2312.6,71.09,5,25.7,1,0.0,1072,4.58,0.019,0.0,0,82.45,ISO9001+ISO14001,0,0
270,EMEA,2312.6,71.09,5,28.04,1,0.0,634,4.82,0.05,0.017,9,78.59,ISO9001+ISO14001,1,0
270,EMEA,2312.6,71.09,5,20.75,1,0.0,700,5.02,0.02,0.034,26,67.55,ISO9001,0,0
270,EMEA,2312.6,71.09,5,31.43,1,0.0,1337,4.5,0.053,0.023,28,86.53,None,0,0
270,EMEA,2312.6,71.09,5,33.19,1,0.0,1167,4.99,0.0,0.017,20,81.16,ISO9001,1,0
270,EMEA,2312.6,71.09,5,25.15,1,0.0,865,4.92,0.063,0.0,0,62.91,ISO9001+ISO14001,0,0
270,EMEA,2312.6,71.09,5,25.27,1,0.0,666,5.56,0.022,0.001,2,64.38,None,0,0
270,EMEA,2312.6,71.09,5,23.84,1,0.0,1626,5.35,0.063,0.045,60,92.27,ISO9001+ISO14001,1,0
270,EMEA,2312.6,71.09,5,31.6,1,0.0,1147,4.81,0.057,0.0,0,73.52,ISO9001,0,0
270,EMEA,2312.6,71.09,5,30.94,1,0.0,523,5.37,0.026,0.026,15,63.36,None,0,0
270,EMEA,2312.6,71.09,5,28.89,1,0.0,807,4.28,0.042,0.013,12,74.62,ISO9001+ISO14001,0,0
270,EMEA,2312.6,71.09,5,27.97,1,0.0,813,5.6,0.036,0.024,17,70.95,ISO9001+ISO14001,0,0
270,EMEA,2312.6,71.09,5,25.09,1,0.0,1413,5.22,0.019,0.011,17,81.06,None,0,0
270,EMEA,2312.6,71.09,5,27.34,1,0.0,996,3.96,0.014,0.018,13,80.77,ISO9001+ISO14001,1,0
270,EMEA,2312.6,71.09,5,30.84,0,2.63,1218,4.61,0.025,0.0,0,72.07,ISO9001,0,0
270,EMEA,2312.6,71.09,5,27.76,1,0.0,1278,6.77,0.03,0.0,0,95.35,ISO9001,1,0
270,EMEA,2312.6,71.09,5,34.2,0,7.47,961,4.93,0.061,0.006,6,83.57,ISO9001,0,0
270,EMEA,2312.6,71.09,5,31.51,1,0.0,1149,4.73,0.043,0.027,33,70.94,ISO9001+ISO14001,1,0
270,EMEA,2312.6,71.09,5,26.11,1,0.0,875,5.32,0.024,0.024,18,69.36,ISO9001+ISO14001,0,0
270,EMEA,2312.6,71.09,5,28.59,1,0.0,1105,5.38,0.05,0.004,8,66.12,ISO9001+ISO14001,0,0
270,EMEA,2312.6,71.09,5,25.3,1,0.0,968,4.4,0.003,0.0,0,75.57,None,0,0
270,EMEA,2312.6,71.09,5,26.44,1,0.0,1069,5.69,0.033,0.0,0,72.35,None,0,0
270,EMEA,2312.6,71.09,5,26.51,1,0.0,1314,4.65,0.043,0.013,18,93.17,ISO9001,1,0
270,EMEA,2312.6,71.09,5,24.68,1,0.0,1240,5.52,0.037,0.019,19,90.29,ISO9001,1,0
270,EMEA,2312.6,71.09,5,26.99,1,0.0,623,4.98,0.068,0.02,8,89.66,ISO9001,0,0
270,EMEA,2312.6,71.09,5,27.25,0,7.4,995,5.63,0.027,0.004,5,84.18,ISO9001+ISO14001,1,0
270,EMEA,2312.6,71.09,5,28.97,0,3.55,790,4.85,0.059,0.0,0,79.31,None,0,0
270,EMEA,2312.6,71.09,5,27.01,1,0.0,818,5.02,0.014,0.0,0,97.17,ISO9001,1,0
270,EMEA,2312.6,71.09,5,30.02,1,0.0,859,4.82,0.046,0.0,0,87.68,None,0,0
270,EMEA,2312.6,71.09,5,26.72,1,0.0,1058,5.7,0.072,0.026,31,93.01,ISO9001+ISO14001,0,0
270,EMEA,2312.6,71.09,5,24.96,1,0.0,844,4.56,0.044,0.01,2,62.87,None,0,0
270,EMEA,2312.6,71.09,5,23.74,1,0.0,1113,3.94,0.022,0.016,12,72.54,None,0,0
270,EMEA,2312.6,71.09,5,28.33,1,0.0,750,5.05,0.035,0.023,20,87.86,ISO9001,0,0
270,EMEA,2312.6,71.09,5,24.02,1,0.0,843,6.14,0.023,0.032,30,81.73,ISO9001+ISO14001,0,0
270,EMEA,2312.6,71.09,5,22.27,1,0.0,557,4.9,0.025,0.002,4,80.88,None,0,0
270,EMEA,2312.6,71.09,5,23.83,1,0.0,642,5.34,0.0,0.0,0,87.52,ISO9001,0,0
270,EMEA,2312.6,71.09,5,26.19,0,3.36,926,4.85,0.074,0.011,13,86.69,ISO9001,1,0
270,EMEA,2312.6,71.09,5,27.53,1,0.0,1376,5.24,0.044,0.015,23,83.77,ISO9001,0,0
270,EMEA,2312.6,71.09,5,26.63,1,0.0,826,4.76,0.013,0.0,0,86.78,ISO9001,1,0
270,EMEA,2312.6,71.09,5,27.0,1,0.0,1129,4.46,0.037,0.016,20,100.0,ISO9001,1,0
270,EMEA,2312.6,71.09,5,21.82,1,0.0,959,5.06,0.021,0.002,2,83.87,ISO9001+ISO14001,0,0
270,EMEA,2312.6,71.09,5,28.96,1,0.0,1161,4.92,0.04,0.011,7,72.52,ISO9001,1,0
270,EMEA,2312.6,71.09,5,31.91,1,0.0,1124,5.0,0.035,0.012,15,82.24,ISO9001,1,0
270,EMEA,2312.6,71.09,5,25.68,1,0.0,440,5.78,0.018,0.0,0,79.42,ISO9001,1,0
270,EMEA,2312.6,71.09,5,26.03,1,0.0,915,5.27,0.045,0.014,15,73.47,ISO9001+ISO14001,1,0
271,APAC,3855.37,62.28,1,30.68,1,0.0,972,5.22,0.013,0.017,14,75.04,None,1,0
271,APAC,3855.37,62.28,1,31.44,1,0.0,618,4.45,0.054,0.034,21,80.08,None,1,0
271,APAC,3855.37,62.28,1,33.55,1,0.0,590,4.35,0.016,0.033,24,76.71,ISO9001+ISO14001,1,0
271,APAC,3855.37,62.28,1,31.64,1,0.0,887,5.99,0.064,0.01,9,68.65,ISO9001,0,0
271,APAC,3855.37,62.28,1,34.1,1,0.0,848,5.03,0.063,0.021,24,71.13,ISO9001,1,0
271,APAC,3855.37,62.28,1,31.32,1,0.0,605,5.91,0.017,0.011,14,63.19,ISO9001,1,0
271,APAC,3855.37,62.28,1,35.96,1,0.0,957,3.89,0.053,0.036,46,79.1,None,0,0
271,APAC,3855.37,62.28,1,34.79,1,0.0,875,4.18,0.059,0.036,33,61.67,ISO9001,1,0
271,APAC,3855.37,62.28,1,29.51,1,0.0,1309,4.85,0.052,0.023,22,82.5,ISO9001,1,0
271,APAC,3855.37,62.28,1,34.06,1,0.0,1066,5.76,0.059,0.042,48,80.52,ISO9001,1,0
271,APAC,3855.37,62.28,1,32.87,0,5.0,569,4.7,0.006,0.012,5,66.57,ISO9001,1,0
271,APAC,3855.37,62.28,1,34.77,0,7.08,855,4.67,0.027,0.029,25,82.52,ISO9001,1,0
271,APAC,3855.37,62.28,1,32.32,1,0.0,1128,4.43,0.059,0.013,15,79.43,ISO9001,1,0
271,APAC,3855.37,62.28,1,33.42,1,0.0,894,3.76,0.037,0.024,22,69.64,None,0,0
271,APAC,3855.37,62.28,1,28.38,1,0.0,1385,4.41,0.058,0.033,46,70.15,ISO9001+ISO14001,0,0
271,APAC,3855.37,62.28,1,37.89,1,0.0,704,5.19,0.096,0.022,14,72.65,None,0,0
271,APAC,3855.37,62.28,1,39.19,1,0.0,1360,4.49,0.056,0.025,34,78.81,ISO9001,1,0
271,APAC,3855.37,62.28,1,32.88,1,0.0,410,5.64,0.039,0.028,6,82.4,ISO9001,0,0
271,APAC,3855.37,62.28,1,39.51,0,10.79,769,5.07,0.027,0.022,12,65.69,ISO9001,0,0
271,APAC,3855.37,62.28,1,27.98,1,0.0,592,5.45,0.038,0.033,19,73.16,ISO9001,1,0
271,APAC,3855.37,62.28,1,32.13,1,0.0,1207,4.38,0.054,0.042,56,78.01,ISO9001+ISO14001,1,0
271,APAC,3855.37,62.28,1,31.14,1,0.0,1316,5.2,0.062,0.027,35,76.71,ISO9001,1,0
271,APAC,3855.37,62.28,1,33.74,0,6.92,1210,4.86,0.021,0.029,31,68.14,ISO9001+ISO14001,0,0
271,APAC,3855.37,62.28,1,36.09,1,0.0,1199,5.52,0.041,0.023,22,86.97,ISO9001+ISO14001,0,0
272,APAC,4277.33,80.44,9,39.29,1,0.0,832,5.14,0.046,0.013,11,59.15,None,0,0
272,APAC,4277.33,80.44,9,36.87,1,0.0,721,5.55,0.029,0.013,9,70.02,ISO9001,1,0
272,APAC,4277.33,80.44,9,37.27,0,7.78,667,4.81,0.037,0.008,6,84.6,ISO9001+ISO14001,0,0
272,APAC,4277.33,80.44,9,33.17,1,0.0,630,4.72,0.025,0.015,7,83.21,ISO9001,1,0
272,APAC,4277.33,80.44,9,34.58,1,0.0,966,5.74,0.026,0.021,25,84.91,ISO9001,1,0
272,APAC,4277.33,80.44,9,41.36,1,0.0,887,5.98,0.035,0.028,27,82.32,None,0,0
272,APAC,4277.33,80.44,9,35.03,1,0.0,812,5.02,0.028,0.02,23,84.46,ISO9001,1,0
272,APAC,4277.33,80.44,9,28.27,1,0.0,1363,5.18,0.021,0.015,16,74.8,None,0,0
272,APAC,4277.33,80.44,9,35.87,1,0.0,928,6.04,0.054,0.011,15,73.24,ISO9001,0,0
272,APAC,4277.33,80.44,9,37.26,1,0.0,1095,5.67,0.003,0.025,26,68.06,None,1,0
272,APAC,4277.33,80.44,9,30.86,0,7.75,1260,4.59,0.05,0.028,40,78.57,ISO9001,1,0
272,APAC,4277.33,80.44,9,38.42,1,0.0,797,4.77,0.048,0.004,3,73.52,ISO9001,0,0
272,APAC,4277.33,80.44,9,38.98,1,0.0,1375,5.93,0.032,0.025,37,65.51,None,0,0
272,APAC,4277.33,80.44,9,33.11,1,0.0,1380,5.17,0.013,0.021,28,59.74,ISO9001,1,0
272,APAC,4277.33,80.44,9,34.08,1,0.0,1089,5.11,0.014,0.01,15,83.89,None,0,0
272,APAC,4277.33,80.44,9,33.07,1,0.0,1046,4.95,0.0,0.013,17,58.31,ISO9001+ISO14001,0,0
272,APAC,4277.33,80.44,9,36.16,1,0.0,831,4.67,0.024,0.024,13,67.44,ISO9001+ISO14001,1,0
272,APAC,4277.33,80.44,9,36.05,1,0.0,1435,5.71,0.003,0.007,11,79.73,ISO9001+ISO14001,0,0
272,APAC,4277.33,80.44,9,33.01,0,6.83,771,5.25,0.011,0.002,0,75.38,None,1,0
272,APAC,4277.33,80.44,9,35.2,1,0.0,757,5.46,0.021,0.037,27,75.36,None,0,0
272,APAC,4277.33,80.44,9,37.72,0,9.77,1223,5.25,0.038,0.015,24,82.54,ISO9001+ISO14001,0,0
272,APAC,4277.33,80.44,9,35.32,1,0.0,1082,4.99,0.04,0.023,26,63.42,ISO9001,0,0
272,APAC,4277.33,80.44,9,37.22,1,0.0,1187,4.99,0.024,0.023,30,81.69,ISO9001,1,0
272,APAC,4277.33,80.44,9,32.08,1,0.0,851,4.91,0.039,0.008,10,72.83,ISO9001,0,0
272,APAC,4277.33,80.44,9,32.69,1,0.0,692,5.22,0.053,0.017,15,84.86,ISO9001,1,0
272,APAC,4277.33,80.44,9,40.0,1,0.0,985,5.34,0.068,0.0,0,83.95,ISO9001+ISO14001,1,0
272,APAC,4277.33,80.44,9,31.17,1,0.0,617,5.73,0.043,0.013,11,74.07,None,0,0
272,APAC,4277.33,80.44,9,33.04,1,0.0,1038,4.79,0.025,0.03,21,73.73,None,0,0
272,APAC,4277.33,80.44,9,38.42,1,0.0,1105,5.77,0.011,0.007,4,78.43,ISO9001,1,0
272,APAC,4277.33,80.44,9,34.94,1,0.0,687,4.8,0.024,0.026,18,85.89,ISO9001,1,0
272,APAC,4277.33,80.44,9,33.88,1,0.0,972,4.52,0.027,0.024,20,81.35,None,0,0
272,APAC,4277.33,80.44,9,33.99,1,0.0,1031,4.5,0.02,0.007,9,76.23,None,0,0
272,APAC,4277.33,80.44,9,35.16,1,0.0,996,4.75,0.028,0.028,30,51.22,ISO9001,1,0
272,APAC,4277.33,80.44,9,34.42,1,0.0,1593,5.05,0.002,0.014,21,73.67,ISO9001+ISO14001,1,0
272,APAC,4277.33,80.44,9,38.23,0,7.35,1059,5.4,0.066,0.0,0,80.68,ISO9001,0,0
273,APAC,3623.51,67.81,4,40.2,1,0.0,1138,5.08,0.048,0.013,13,73.74,None,0,0
273,APAC,3623.51,67.81,4,36.39,0,6.91,1346,3.96,0.041,0.024,28,69.73,ISO9001,1,0
273,APAC,3623.51,67.81,4,27.33,1,0.0,1247,5.49,0.069,0.026,29,78.26,ISO9001,0,0
273,APAC,3623.51,67.81,4,30.94,0,5.81,658,5.89,0.005,0.016,11,78.69,ISO9001,0,0
273,APAC,3623.51,67.81,4,32.52,1,0.0,1176,4.17,0.043,0.022,29,80.83,ISO9001,1,0
273,APAC,3623.51,67.81,4,36.86,1,0.0,815,4.76,0.048,0.023,22,72.3,ISO9001,1,0
273,APAC,3623.51,67.81,4,28.91,1,0.0,763,4.82,0.066,0.014,10,72.51,ISO9001,0,0
273,APAC,3623.51,67.81,4,32.87,1,0.0,514,3.91,0.017,0.036,17,81.05,ISO9001+ISO14001,0,0
273,APAC,3623.51,67.81,4,30.15,0,5.94,848,4.42,0.017,0.012,11,75.62,None,0,0
273,APAC,3623.51,67.81,4,34.12,1,0.0,830,4.24,0.022,0.007,3,84.65,ISO9001,0,0
273,APAC,3623.51,67.81,4,31.23,1,0.0,605,4.35,0.037,0.018,13,79.92,ISO9001,0,0
273,APAC,3623.51,67.81,4,27.19,1,0.0,1092,5.11,0.048,0.022,23,76.81,ISO9001,1,0
273,APAC,3623.51,67.81,4,27.13,0,8.21,923,4.5,0.009,0.021,18,64.15,None,0,0
273,APAC,3623.51,67.81,4,29.32,1,0.0,928,4.99,0.072,0.006,4,70.5,ISO9001+ISO14001,1,0
273,APAC,3623.51,67.81,4,31.44,1,0.0,444,5.37,0.056,0.019,10,86.91,ISO9001+ISO14001,0,0
273,APAC,3623.51,67.81,4,31.33,1,0.0,1504,5.28,0.057,0.01,10,67.99,ISO9001,1,0
273,APAC,3623.51,67.81,4,23.85,1,0.0,826,4.5,0.06,0.021,18,98.11,None,0,0
273,APAC,3623.51,67.81,4,33.6,0,8.16,886,5.49,0.0,0.014,11,76.47,None,0,0
273,APAC,3623.51,67.81,4,24.88,0,2.99,893,4.6,0.01,0.04,43,66.83,ISO9001,0,0
273,APAC,3623.51,67.81,4,30.37,1,0.0,1092,4.85,0.054,0.026,29,81.42,ISO9001,1,0
273,APAC,3623.51,67.81,4,34.51,0,9.34,1309,4.84,0.041,0.018,13,66.76,ISO9001,0,0
273,APAC,3623.51,67.81,4,37.29,1,0.0,706,5.15,0.027,0.033,19,83.26,ISO9001,0,0
273,APAC,3623.51,67.81,4,32.12,1,0.0,250,4.11,0.044,0.019,2,75.44,ISO9001,1,0
273,APAC,3623.51,67.81,4,35.29,1,0.0,1004,5.5,0.057,0.043,52,85.7,ISO9001,0,0
274,APAC,3908.41,65.85,6,31.47,1,0.0,1013,5.51,0.037,0.017,15,86.14,ISO9001,1,0
274,APAC,3908.41,65.85,6,28.88,1,0.0,1127,5.83,0.058,0.007,7,73.82,ISO9001+ISO14001,1,0
274,APAC,3908.41,65.85,6,32.8,1,0.0,768,4.31,0.035,0.0,0,86.32,ISO9001,1,0
274,APAC,3908.41,65.85,6,40.57,0,5.21,490,5.49,0.06,0.018,14,82.65,ISO9001,1,0
274,APAC,3908.41,65.85,6,31.84,1,0.0,1094,4.95,0.009,0.012,13,95.14,ISO9001+ISO14001,1,0
274,APAC,3908.41,65.85,6,34.32,1,0.0,873,4.22,0.05,0.006,5,76.95,ISO9001,1,0
274,APAC,3908.41,65.85,6,36.25,1,0.0,1223,5.05,0.037,0.0,0,84.27,ISO9001,1,0
274,APAC,3908.41,65.85,6,35.37,1,0.0,1000,5.1,0.035,0.013,14,83.48,ISO9001,0,0
274,APAC,3908.41,65.85,6,38.25,1,0.0,1167,5.53,0.026,0.016,17,69.37,None,0,0
274,APAC,3908.41,65.85,6,28.34,1,0.0,1464,4.72,0.051,0.025,34,73.65,ISO9001+ISO14001,1,0
274,APAC,3908.41,65.85,6,35.99,1,0.0,1153,4.92,0.004,0.0,2,70.28,ISO9001+ISO14001,0,0
274,APAC,3908.41,65.85,6,32.53,1,0.0,988,4.68,0.017,0.026,22,60.87,ISO9001,0,0
274,APAC,3908.41,65.85,6,37.7,1,0.0,1401,4.62,0.039,0.002,1,81.8,ISO9001+ISO14001,0,0
274,APAC,3908.41,65.85,6,33.09,1,0.0,1598,4.43,0.06,0.007,10,59.72,None,0,0
274,APAC,3908.41,65.85,6,35.16,0,6.72,815,4.97,0.049,0.011,8,78.08,ISO9001,0,0
274,APAC,3908.41,65.85,6,32.6,0,8.37,940,5.33,0.024,0.0,0,87.43,ISO9001,0,0
274,APAC,3908.41,65.85,6,29.56,1,0.0,889,5.21,0.021,0.001,1,78.28,ISO9001,1,0
274,APAC,3908.41,65.85,6,32.07,1,0.0,895,3.86,0.038,0.022,21,84.93,ISO9001,0,0
274,APAC,3908.41,65.85,6,33.4,1,0.0,520,4.28,0.026,0.029,15,61.34,None,0,0
274,APAC,3908.41,65.85,6,33.4,0,8.16,943,4.95,0.0,0.017,7,78.9,None,0,0
274,APAC,3908.41,65.85,6,30.05,1,0.0,1164,6.04,0.019,0.017,24,83.69,ISO9001,1,0
274,APAC,3908.41,65.85,6,34.07,1,0.0,1192,4.52,0.037,0.018,23,84.5,ISO9001,1,0
274,APAC,3908.41,65.85,6,31.97,0,8.49,895,4.52,0.002,0.017,15,79.81,None,0,0
274,APAC,3908.41,65.85,6,33.41,1,0.0,832,5.51,0.043,0.011,13,75.45,ISO9001,1,0
274,APAC,3908.41,65.85,6,33.6,1,0.0,1375,4.84,0.035,0.006,6,71.02,None,0,0
274,APAC,3908.41,65.85,6,41.07,1,0.0,1306,4.96,0.037,0.008,9,84.04,ISO9001+ISO14001,1,0
274,APAC,3908.41,65.85,6,34.05,1,0.0,754,4.29,0.04,0.022,24,81.59,ISO9001,1,0
274,APAC,3908.41,65.85,6,31.9,1,0.0,1005,4.34,0.034,0.006,5,76.83,ISO9001+ISO14001,1,0
274,APAC,3908.41,65.85,6,33.46,1,0.0,1250,5.98,0.022,0.006,5,68.91,ISO9001+ISO14001,1,0
274,APAC,3908.41,65.85,6,34.07,1,0.0,1098,4.5,0.002,0.006,6,75.86,None,0,0
274,APAC,3908.41,65.85,6,29.0,1,0.0,1272,5.09,0.02,0.013,17,77.17,ISO9001,1,0
274,APAC,3908.41,65.85,6,34.04,1,0.0,981,4.91,0.048,0.009,2,69.15,None,0,0
274,APAC,3908.41,65.85,6,33.3,1,0.0,846,5.02,0.019,0.0,0,67.62,None,0,0
274,APAC,3908.41,65.85,6,34.24,1,0.0,801,3.18,0.024,0.016,14,71.95,None,0,0
274,APAC,3908.41,65.85,6,37.5,1,0.0,1033,4.4,0.048,0.025,20,60.27,ISO9001,1,0
274,APAC,3908.41,65.85,6,32.36,1,0.0,961,5.98,0.022,0.023,25,88.81,ISO9001,1,0
274,APAC,3908.41,65.85,6,35.15,1,0.0,862,4.94,0.053,0.009,10,78.05,ISO9001+ISO14001,1,0
274,APAC,3908.41,65.85,6,32.03,1,0.0,802,5.1,0.037,0.014,9,82.45,ISO9001,1,0
274,APAC,3908.41,65.85,6,34.33,1,0.0,976,5.12,0.0,0.024,22,75.13,ISO9001,0,0
274,APAC,3908.41,65.85,6,33.57,1,0.0,626,5.42,0.045,0.007,8,73.31,ISO9001,0,0
274,APAC,3908.41,65.85,6,29.86,1,0.0,673,5.19,0.024,0.033,21,91.35,ISO9001,0,0
274,APAC,3908.41,65.85,6,31.26,1,0.0,778,5.51,0.062,0.005,6,72.41,ISO9001,1,0
274,APAC,3908.41,65.85,6,32.41,1,0.0,1346,5.94,0.045,0.003,3,97.09,ISO9001,1,0
274,APAC,3908.41,65.85,6,32.54,1,0.0,721,5.81,0.03,0.031,22,67.49,ISO9001,0,0
274,APAC,3908.41,65.85,6,31.79,1,0.0,1103,4.66,0.03,0.02,26,63.92,ISO9001,1,0
274,APAC,3908.41,65.85,6,32.48,1,0.0,1405,4.47,0.024,0.025,33,64.61,ISO9001,1,0
274,APAC,3908.41,65.85,6,31.11,1,0.0,593,5.7,0.028,0.021,12,88.05,ISO9001,0,0
274,APAC,3908.41,65.85,6,25.29,0,5.83,1126,5.82,0.05,0.01,11,95.6,ISO9001,1,0
274,APAC,3908.41,65.85,6,33.27,1,0.0,1298,5.86,0.035,0.018,28,66.92,ISO9001+ISO14001,0,0
274,APAC,3908.41,65.85,6,35.28,1,0.0,1007,5.01,0.031,0.025,25,79.85,ISO9001,1,0
274,APAC,3908.41,65.85,6,36.29,1,0.0,982,5.0,0.025,0.02,25,94.98,ISO9001,0,0
274,APAC,3908.41,65.85,6,35.96,1,0.0,1103,5.19,0.035,0.002,2,72.53,None,0,0
274,APAC,3908.41,65.85,6,35.98,1,0.0,1052,4.95,0.038,0.027,35,89.85,ISO9001+ISO14001,0,0
274,APAC,3908.41,65.85,6,33.68,1,0.0,1398,4.91,0.039,0.007,11,74.78,ISO9001,1,0
274,APAC,3908.41,65.85,6,32.29,1,0.0,981,5.07,0.001,0.007,7,71.44,ISO9001,0,0
274,APAC,3908.41,65.85,6,33.43,1,0.0,1061,4.85,0.052,0.008,13,90.15,ISO9001,0,0
274,APAC,3908.41,65.85,6,37.98,1,0.0,1047,4.2,0.049,0.03,32,73.88,ISO9001,1,0
274,APAC,3908.41,65.85,6,29.96,1,0.0,1007,4.69,0.022,0.009,8,72.21,ISO9001,0,0
274,APAC,3908.41,65.85,6,32.75,1,0.0,604,5.2,0.007,0.014,11,70.29,ISO9001+ISO14001,1,0
275,EMEA,3218.23,76.6,8,30.97,1,0.0,869,5.56,0.03,0.01,12,89.96,None,0,0
275,EMEA,3218.23,76.6,8,32.25,1,0.0,1160,3.4,0.064,0.019,23,82.65,ISO9001,0,0
275,EMEA,3218.23,76.6,8,35.14,1,0.0,1049,5.06,0.041,0.024,21,66.98,ISO9001+ISO14001,0,0
275,EMEA,3218.23,76.6,8,29.31,1,0.0,779,6.74,0.03,0.008,3,93.45,ISO9001,1,0
275,EMEA,3218.23,76.6,8,28.79,1,0.0,374,5.46,0.05,0.019,7,67.78,None,0,0
275,EMEA,3218.23,76.6,8,30.88,1,0.0,1064,4.63,0.052,0.018,20,77.58,None,0,0
275,EMEA,3218.23,76.6,8,34.2,1,0.0,1204,5.56,0.014,0.0,0,86.46,None,0,0
275,EMEA,3218.23,76.6,8,31.71,1,0.0,1300,3.34,0.053,0.0,0,95.33,ISO9001,0,0
275,EMEA,3218.23,76.6,8,29.83,1,0.0,1301,3.71,0.023,0.019,19,76.41,ISO9001,0,0
275,EMEA,3218.23,76.6,8,28.36,1,0.0,792,5.77,0.021,0.004,2,95.54,ISO9001+ISO14001,0,0
275,EMEA,3218.23,76.6,8,30.18,1,0.0,1360,5.23,0.055,0.019,14,86.01,ISO9001+ISO14001,1,0
275,EMEA,3218.23,76.6,8,32.44,1,0.0,1045,6.57,0.045,0.011,8,86.26,None,0,0
275,EMEA,3218.23,76.6,8,26.65,1,0.0,1063,4.95,0.0,0.01,15,80.92,ISO9001,0,0
275,EMEA,3218.23,76.6,8,26.89,1,0.0,725,5.81,0.013,0.006,5,77.48,ISO9001,0,0
275,EMEA,3218.23,76.6,8,31.39,1,0.0,1382,5.31,0.044,0.005,5,70.45,ISO9001+ISO14001,1,0
275,EMEA,3218.23,76.6,8,28.83,1,0.0,582,4.47,0.021,0.01,7,87.13,ISO9001,1,0
275,EMEA,3218.23,76.6,8,29.03,0,6.1,1029,5.9,0.006,0.011,12,79.18,ISO9001,1,0
275,EMEA,3218.23,76.6,8,31.58,1,0.0,1232,5.38,0.01,0.004,2,94.04,ISO9001,1,0
275,EMEA,3218.23,76.6,8,30.08,0,4.25,1242,4.55,0.012,0.016,21,56.2,ISO9001+ISO14001,0,0
275,EMEA,3218.23,76.6,8,32.58,1,0.0,853,3.77,0.06,0.002,4,69.75,ISO9001,1,0
275,EMEA,3218.23,76.6,8,34.69,1,0.0,502,4.34,0.041,0.02,6,77.8,ISO9001,0,0
275,EMEA,3218.23,76.6,8,30.97,1,0.0,1379,5.0,0.066,0.004,5,59.76,ISO9001,1,0
276,EMEA,2255.5,72.06,2,29.86,1,0.0,828,4.64,0.011,0.018,15,88.05,ISO9001+ISO14001,1,0
276,EMEA,2255.5,72.06,2,23.68,1,0.0,562,4.41,0.038,0.024,13,87.71,ISO9001,1,0
276,EMEA,2255.5,72.06,2,27.98,1,0.0,1190,4.1,0.026,0.034,34,79.52,ISO9001,0,0
276,EMEA,2255.5,72.06,2,27.71,1,0.0,670,4.88,0.046,0.005,2,67.26,ISO9001,0,0
276,EMEA,2255.5,72.06,2,28.56,1,0.0,1425,4.86,0.072,0.029,34,66.97,None,0,0
276,EMEA,2255.5,72.06,2,28.07,0,6.93,1123,5.71,0.054,0.013,12,72.61,ISO9001+ISO14001,1,0
276,EMEA,2255.5,72.06,2,23.67,1,0.0,667,5.99,0.023,0.012,10,66.99,None,1,0
276,EMEA,2255.5,72.06,2,26.91,1,0.0,910,6.22,0.034,0.019,34,70.11,ISO9001,0,0
276,EMEA,2255.5,72.06,2,25.62,1,0.0,873,5.08,0.031,0.021,27,77.56,ISO9001,1,0
276,EMEA,2255.5,72.06,2,26.43,1,0.0,825,4.43,0.054,0.037,24,54.38,ISO9001,0,0
276,EMEA,2255.5,72.06,2,24.01,1,0.0,1079,4.11,0.012,0.002,2,91.11,None,0,0
276,EMEA,2255.5,72.06,2,29.84,1,0.0,950,5.4,0.008,0.015,10,81.36,None,0,0
276,EMEA,2255.5,72.06,2,25.11,1,0.0,699,5.74,0.054,0.041,27,85.87,None,0,0
276,EMEA,2255.5,72.06,2,20.0,1,0.0,887,5.56,0.026,0.02,17,71.87,ISO9001,0,0
276,EMEA,2255.5,72.06,2,20.74,0,3.99,916,5.39,0.072,0.019,21,83.49,ISO9001,0,0
276,EMEA,2255.5,72.06,2,27.66,1,0.0,1017,5.25,0.056,0.007,8,67.85,ISO9001+ISO14001,1,0
276,EMEA,2255.5,72.06,2,25.09,1,0.0,1031,5.45,0.026,0.009,11,74.12,None,1,0
276,EMEA,2255.5,72.06,2,22.06,1,0.0,741,4.2,0.04,0.031,23,63.7,ISO9001,0,0
276,EMEA,2255.5,72.06,2,27.52,0,6.02,866,5.05,0.006,0.018,14,70.08,ISO9001,1,0
276,EMEA,2255.5,72.06,2,25.22,0,5.98,847,5.44,0.025,0.003,4,59.83,ISO9001,0,0
276,EMEA,2255.5,72.06,2,30.71,0,6.39,1394,5.24,0.054,0.02,33,65.77,ISO9001,1,0
276,EMEA,2255.5,72.06,2,28.44,1,0.0,1149,3.77,0.047,0.016,18,94.65,ISO9001,0,0
276,EMEA,2255.5,72.06,2,32.83,0,8.89,952,5.7,0.031,0.023,23,73.59,None,0,0
276,EMEA,2255.5,72.06,2,26.39,1,0.0,1093,4.91,0.047,0.02,29,66.84,ISO9001,1,0
276,EMEA,2255.5,72.06,2,24.5,1,0.0,901,5.16,0.039,0.02,19,79.28,ISO9001,1,0
276,EMEA,2255.5,72.06,2,27.46,1,0.0,780,5.23,0.034,0.003,0,80.56,ISO9001+ISO14001,1,0
276,EMEA,2255.5,72.06,2,27.7,1,0.0,904,4.54,0.042,0.039,37,63.11,None,0,0
276,EMEA,2255.5,72.06,2,30.3,1,0.0,871,4.83,0.041,0.038,21,74.77,ISO9001,1,0
276,EMEA,2255.5,72.06,2,27.04,1,0.0,776,4.64,0.044,0.023,18,82.76,None,0,0
276,EMEA,2255.5,72.06,2,27.62,1,0.0,903,4.65,0.037,0.026,18,93.54,ISO9001,0,0
276,EMEA,2255.5,72.06,2,28.1,1,0.0,1105,5.6,0.014,0.018,15,88.07,ISO9001+ISO14001,1,0
276,EMEA,2255.5,72.06,2,25.77,1,0.0,798,4.68,0.033,0.014,14,50.95,ISO9001+ISO14001,0,0
276,EMEA,2255.5,72.06,2,25.88,1,0.0,782,5.61,0.073,0.004,2,77.11,ISO9001,0,0
276,EMEA,2255.5,72.06,2,27.0,1,0.0,1113,4.89,0.039,0.003,4,84.23,ISO9001,1,0
276,EMEA,2255.5,72.06,2,30.42,1,0.0,1374,5.24,0.051,0.016,20,93.12,ISO9001,1,0
276,EMEA,2255.5,72.06,2,25.76,1,0.0,1174,4.92,0.037,0.019,18,80.64,ISO9001+ISO14001,1,0
276,EMEA,2255.5,72.06,2,22.81,1,0.0,1112,4.69,0.054,0.013,14,72.66,ISO9001,1,0
276,EMEA,2255.5,72.06,2,20.78,0,4.38,1067,4.22,0.055,0.013,16,53.79,ISO9001+ISO14001,1,0
277,AMER,1275.96,72.17,7,21.25,1,0.0,709,5.64,0.007,0.028,13,68.42,ISO9001,1,0
277,AMER,1275.96,72.17,7,22.46,1,0.0,939,5.01,0.026,0.005,4,68.61,None,0,0
277,AMER,1275.96,72.17,7,24.99,1,0.0,789,5.14,0.062,0.025,19,91.3,None,0,0
277,AMER,1275.96,72.17,7,26.75,1,0.0,576,5.5,0.006,0.024,17,77.53,ISO9001,1,0
277,AMER,1275.96,72.17,7,24.43,1,0.0,674,5.0,0.058,0.016,13,77.14,ISO9001,1,0
277,AMER,1275.96,72.17,7,23.1,1,0.0,857,4.0,0.003,0.014,22,86.33,ISO9001,0,0
277,AMER,1275.96,72.17,7,21.28,1,0.0,894,4.29,0.013,0.0,0,75.49,ISO9001,0,0
277,AMER,1275.96,72.17,7,20.88,1,0.0,790,5.21,0.002,0.008,4,69.6,ISO9001,1,0
277,AMER,1275.96,72.17,7,19.64,1,0.0,856,5.02,0.006,0.024,23,78.52,ISO9001,0,0
277,AMER,1275.96,72.17,7,26.8,1,0.0,1153,6.79,0.002,0.015,15,75.93,ISO9001,0,0
277,AMER,1275.96,72.17,7,22.29,1,0.0,1636,4.15,0.025,0.005,9,95.08,None,0,0
277,AMER,1275.96,72.17,7,29.0,1,0.0,946,4.29,0.015,0.004,4,79.04,ISO9001,1,0
277,AMER,1275.96,72.17,7,23.7,1,0.0,1258,5.0,0.048,0.008,6,77.89,None,0,0
277,AMER,1275.96,72.17,7,20.61,1,0.0,645,5.23,0.021,0.005,2,99.36,ISO9001+ISO14001,0,0
277,AMER,1275.96,72.17,7,25.27,1,0.0,942,5.72,0.01,0.005,5,64.59,ISO9001,0,0
277,AMER,1275.96,72.17,7,20.41,1,0.0,830,3.5,0.034,0.009,8,64.53,ISO9001+ISO14001,1,0
277,AMER,1275.96,72.17,7,22.45,1,0.0,1269,4.74,0.017,0.019,23,66.45,ISO9001,0,0
277,AMER,1275.96,72.17,7,20.59,0,5.29,926,4.57,0.002,0.017,20,67.41,ISO9001+ISO14001,1,0
277,AMER,1275.96,72.17,7,21.3,1,0.0,859,4.1,0.034,0.0,0,89.09,None,0,0
277,AMER,1275.96,72.17,7,22.65,1,0.0,1123,4.25,0.018,0.008,7,65.0,None,0,0
277,AMER,1275.96,72.17,7,22.59,1,0.0,817,4.53,0.032,0.0,0,77.64,ISO9001,1,0
277,AMER,1275.96,72.17,7,23.34,0,2.7,995,4.14,0.023,0.022,14,88.82,ISO9001,0,0
277,AMER,1275.96,72.17,7,25.65,1,0.0,964,4.12,0.01,0.007,6,78.36,ISO9001,1,0
277,AMER,1275.96,72.17,7,22.5,1,0.0,1130,5.57,0.014,0.008,11,100.0,ISO9001+ISO14001,0,0
277,AMER,1275.96,72.17,7,23.22,1,0.0,1164,4.72,0.032,0.0,0,84.95,ISO9001,0,0
277,AMER,1275.96,72.17,7,29.58,1,0.0,1305,4.77,0.015,0.001,0,62.43,ISO9001+ISO14001,1,0
277,AMER,1275.96,72.17,7,22.66,1,0.0,921,5.29,0.002,0.022,22,97.44,ISO9001,1,0
277,AMER,1275.96,72.17,7,23.11,1,0.0,992,4.91,0.011,0.0,1,86.44,None,0,0
277,AMER,1275.96,72.17,7,21.6,1,0.0,613,4.38,0.035,0.025,14,72.6,ISO9001+ISO14001,0,0
277,AMER,1275.96,72.17,7,22.69,1,0.0,610,4.99,0.0,0.0,0,84.15,None,0,0
277,AMER,1275.96,72.17,7,17.1,1,0.0,640,6.16,0.051,0.006,4,61.71,ISO9001,0,0
277,AMER,1275.96,72.17,7,23.84,1,0.0,912,5.68,0.035,0.003,1,84.0,None,0,0
277,AMER,1275.96,72.17,7,20.83,1,0.0,1063,3.86,0.005,0.007,8,94.5,ISO9001+ISO14001,1,0
277,AMER,1275.96,72.17,7,18.87,1,0.0,761,6.04,0.039,0.011,6,87.63,ISO9001,1,0
277,AMER,1275.96,72.17,7,22.76,1,0.0,924,4.73,0.041,0.0,0,85.72,ISO9001,0,0
277,AMER,1275.96,72.17,7,21.3,1,0.0,815,5.28,0.0,0.024,17,75.47,ISO9001,1,0
277,AMER,1275.96,72.17,7,24.48,1,0.0,426,5.39,0.052,0.023,4,83.27,None,0,0
277,AMER,1275.96,72.17,7,24.44,1,0.0,918,4.68,0.018,0.005,7,96.17,None,0,0
277,AMER,1275.96,72.17,7,23.47,1,0.0,733,5.0,0.005,0.027,20,80.92,ISO9001,0,0
277,AMER,1275.96,72.17,7,25.2,1,0.0,1228,4.19,0.024,0.002,2,74.16,ISO9001+ISO14001,1,0
277,AMER,1275.96,72.17,7,21.77,1,0.0,1267,4.48,0.0,0.011,14,68.33,None,0,0
277,AMER,1275.96,72.17,7,21.21,1,0.0,1185,4.74,0.002,0.0,0,85.12,ISO9001,1,0
277,AMER,1275.96,72.17,7,18.43,1,0.0,1153,4.87,0.049,0.01,12,90.58,ISO9001+ISO14001,1,0
277,AMER,1275.96,72.17,7,23.16,1,0.0,1119,4.34,0.052,0.021,18,74.48,None,0,0
277,AMER,1275.96,72.17,7,25.42,1,0.0,911,5.07,0.037,0.027,27,84.55,ISO9001,1,0
277,AMER,1275.96,72.17,7,22.85,1,0.0,1109,5.26,0.021,0.024,32,84.97,ISO9001,1,0
277,AMER,1275.96,72.17,7,22.57,0,4.72,950,4.63,0.046,0.014,7,71.59,ISO9001+ISO14001,1,0
277,AMER,1275.96,72.17,7,20.95,1,0.0,790,5.4,0.032,0.004,4,74.32,ISO9001+ISO14001,0,0
277,AMER,1275.96,72.17,7,23.31,1,0.0,1206,5.0,0.033,0.01,13,78.78,None,1,0
277,AMER,1275.96,72.17,7,18.72,1,0.0,905,4.95,0.024,0.01,6,77.07,ISO9001,1,0
277,AMER,1275.96,72.17,7,23.09,1,0.0,924,5.14,0.034,0.02,16,78.06,ISO9001+ISO14001,0,0
277,AMER,1275.96,72.17,7,25.95,1,0.0,1358,4.53,0.018,0.016,16,75.38,None,0,0
277,AMER,1275.96,72.17,7,25.43,1,0.0,1129,4.45,0.023,0.004,5,75.38,ISO9001,1,0
277,AMER,1275.96,72.17,7,20.05,1,0.0,664,5.12,0.062,0.008,4,79.14,None,0,0
277,AMER,1275.96,72.17,7,19.56,1,0.0,1154,4.69,0.046,0.013,13,82.7,ISO9001,0,0
277,AMER,1275.96,72.17,7,22.91,1,0.0,865,3.99,0.013,0.021,20,85.83,ISO9001,1,0
277,AMER,1275.96,72.17,7,26.6,1,0.0,1104,4.69,0.044,0.01,13,88.17,ISO9001,1,0
278,APAC,4030.48,84.23,8,35.82,0,10.6,875,5.11,0.036,0.007,9,87.13,ISO9001+ISO14001,1,0
278,APAC,4030.48,84.23,8,34.07,1,0.0,712,5.38,0.042,0.02,17,74.6,ISO9001,0,0
278,APAC,4030.48,84.23,8,33.85,1,0.0,712,5.11,0.058,0.015,10,68.2,None,0,0
278,APAC,4030.48,84.23,8,31.34,1,0.0,1062,4.89,0.039,0.016,13,71.07,None,0,0
278,APAC,4030.48,84.23,8,33.54,1,0.0,1108,4.63,0.047,0.03,37,75.73,ISO9001,1,0
278,APAC,4030.48,84.23,8,34.78,1,0.0,811,4.49,0.066,0.012,6,92.97,ISO9001+ISO14001,0,0
278,APAC,4030.48,84.23,8,36.81,1,0.0,906,5.14,0.022,0.018,17,76.42,None,0,0
278,APAC,4030.48,84.23,8,34.06,1,0.0,1125,5.21,0.046,0.017,20,63.25,ISO9001,0,0
278,APAC,4030.48,84.23,8,34.41,1,0.0,1072,5.51,0.048,0.019,26,72.28,ISO9001,1,0
278,APAC,4030.48,84.23,8,33.99,1,0.0,1072,5.79,0.017,0.011,18,85.91,ISO9001,1,0
278,APAC,4030.48,84.23,8,37.44,1,0.0,928,4.75,0.04,0.019,17,84.15,ISO9001,0,0
278,APAC,4030.48,84.23,8,32.87,1,0.0,1167,4.89,0.03,0.006,9,72.39,ISO9001,0,0
278,APAC,4030.48,84.23,8,34.77,1,0.0,1204,5.54,0.068,0.02,28,77.03,ISO9001,1,0
278,APAC,4030.48,84.23,8,33.18,0,10.26,963,5.35,0.053,0.011,6,67.67,ISO9001,1,0
278,APAC,4030.48,84.23,8,37.55,1,0.0,1089,4.94,0.005,0.01,9,56.09,ISO9001,0,0
278,APAC,4030.48,84.23,8,34.62,1,0.0,1323,5.16,0.0,0.0,0,90.94,ISO9001,1,0
278,APAC,4030.48,84.23,8,33.45,1,0.0,550,5.64,0.02,0.008,6,89.06,ISO9001,1,0
278,APAC,4030.48,84.23,8,33.43,1,0.0,973,5.09,0.043,0.017,15,82.57,None,0,0
278,APAC,4030.48,84.23,8,29.82,1,0.0,1044,4.32,0.046,0.022,29,84.65,ISO9001,1,0
278,APAC,4030.48,84.23,8,31.38,1,0.0,1260,5.7,0.009,0.015,23,74.33,ISO9001,1,0
278,APAC,4030.48,84.23,8,35.1,0,5.75,831,4.13,0.022,0.0,0,75.2,ISO9001+ISO14001,1,0
278,APAC,4030.48,84.23,8,35.26,0,10.07,805,4.59,0.036,0.01,5,100.0,None,0,0
278,APAC,4030.48,84.23,8,32.24,1,0.0,1428,5.45,0.045,0.016,21,64.7,ISO9001+ISO14001,0,0
278,APAC,4030.48,84.23,8,36.23,1,0.0,1036,5.26,0.011,0.032,36,69.41,None,0,0
278,APAC,4030.48,84.23,8,34.61,1,0.0,976,5.94,0.031,0.008,12,83.59,None,0,0
278,APAC,4030.48,84.23,8,38.22,1,0.0,1150,4.85,0.009,0.011,17,53.14,ISO9001,0,0
278,APAC,4030.48,84.23,8,31.02,1,0.0,1229,5.18,0.026,0.033,45,95.28,None,0,0
278,APAC,4030.48,84.23,8,28.9,1,0.0,1232,4.66,0.026,0.017,21,65.11,ISO9001,0,0
278,APAC,4030.48,84.23,8,34.3,1,0.0,1075,5.1,0.049,0.011,10,72.9,ISO9001,1,0
278,APAC,4030.48,84.23,8,31.17,1,0.0,953,4.29,0.052,0.004,1,89.68,ISO9001,0,0
278,APAC,4030.48,84.23,8,29.97,1,0.0,954,4.14,0.049,0.003,6,68.64,ISO9001,0,0
278,APAC,4030.48,84.23,8,34.32,1,0.0,1436,5.0,0.041,0.008,9,100.0,ISO9001+ISO14001,1,0
278,APAC,4030.48,84.23,8,31.81,1,0.0,1421,4.82,0.001,0.015,24,68.54,ISO9001,1,0
278,APAC,4030.48,84.23,8,29.64,1,0.0,792,4.53,0.019,0.0,0,83.67,ISO9001,1,0
278,APAC,4030.48,84.23,8,33.95,1,0.0,1244,5.39,0.024,0.036,37,68.63,ISO9001+ISO14001,1,0
278,APAC,4030.48,84.23,8,32.71,1,0.0,978,5.21,0.054,0.012,12,82.55,ISO9001,1,0
278,APAC,4030.48,84.23,8,33.69,1,0.0,1055,4.83,0.043,0.019,23,95.74,ISO9001,1,0
278,APAC,4030.48,84.23,8,41.18,0,8.51,1189,5.23,0.033,0.007,14,76.45,None,0,0
279,EMEA,2321.15,93.43,4,22.34,1,0.0,1316,4.14,0.031,0.025,41,91.62,ISO9001,0,0
279,EMEA,2321.15,93.43,4,28.5,1,0.0,1168,5.21,0.057,0.019,24,87.32,None,1,0
279,EMEA,2321.15,93.43,4,28.49,1,0.0,1003,4.96,0.005,0.032,33,73.0,None,0,0
279,EMEA,2321.15,93.43,4,28.6,1,0.0,1041,5.38,0.037,0.023,25,74.14,ISO9001,1,0
279,EMEA,2321.15,93.43,4,28.83,1,0.0,1332,4.62,0.026,0.025,30,83.74,ISO9001,1,0
279,EMEA,2321.15,93.43,4,27.85,1,0.0,1140,3.96,0.04,0.021,21,76.67,ISO9001,1,0
279,EMEA,2321.15,93.43,4,29.1,1,0.0,1093,5.15,0.048,0.015,11,100.0,None,0,0
279,EMEA,2321.15,93.43,4,26.35,1,0.0,1103,5.21,0.019,0.028,39,87.78,ISO9001+ISO14001,0,0
279,EMEA,2321.15,93.43,4,32.94,1,0.0,1068,5.11,0.039,0.01,14,70.62,ISO9001+ISO14001,0,0
279,EMEA,2321.15,93.43,4,28.01,1,0.0,759,5.6,0.008,0.014,16,75.36,None,1,0
279,EMEA,2321.15,93.43,4,26.41,1,0.0,602,4.87,0.05,0.015,8,61.79,ISO9001,1,0
279,EMEA,2321.15,93.43,4,24.62,1,0.0,1004,4.48,0.025,0.0,0,70.95,ISO9001,0,0
279,EMEA,2321.15,93.43,4,23.77,1,0.0,1196,4.87,0.004,0.02,23,79.28,ISO9001+ISO14001,0,0
279,EMEA,2321.15,93.43,4,28.71,1,0.0,1106,3.98,0.032,0.014,11,73.06,ISO9001+ISO14001,1,0
279,EMEA,2321.15,93.43,4,28.16,1,0.0,1065,5.62,0.006,0.014,9,77.16,ISO9001,0,0
279,EMEA,2321.15,93.43,4,36.28,1,0.0,1107,5.28,0.057,0.018,18,100.0,ISO9001,1,0
279,EMEA,2321.15,93.43,4,26.5,1,0.0,1264,4.99,0.034,0.014,11,61.16,ISO9001,0,0
279,EMEA,2321.15,93.43,4,29.97,1,0.0,710,5.87,0.042,0.018,7,87.36,ISO9001,0,0
279,EMEA,2321.15,93.43,4,23.28,1,0.0,1034,4.44,0.048,0.018,16,78.39,ISO9001,0,0
279,EMEA,2321.15,93.43,4,29.35,0,8.99,664,4.86,0.06,0.026,27,78.33,None,0,0
279,EMEA,2321.15,93.43,4,27.36,1,0.0,1149,5.07,0.033,0.028,29,86.21,ISO9001,1,0
279,EMEA,2321.15,93.43,4,25.73,1,0.0,1328,4.6,0.021,0.02,31,85.23,None,0,0
279,EMEA,2321.15,93.43,4,27.46,1,0.0,988,4.95,0.022,0.013,7,71.95,ISO9001,1,0
279,EMEA,2321.15,93.43,4,25.58,1,0.0,929,4.01,0.003,0.011,13,77.31,ISO9001,0,0
279,EMEA,2321.15,93.43,4,25.78,1,0.0,1071,4.84,0.057,0.016,21,81.57,ISO9001+ISO14001,1,0
279,EMEA,2321.15,93.43,4,29.87,1,0.0,1110,5.41,0.047,0.032,29,85.69,ISO9001,0,0
279,EMEA,2321.15,93.43,4,30.41,1,0.0,745,5.8,0.061,0.012,5,83.74,ISO9001,0,0
279,EMEA,2321.15,93.43,4,23.32,0,5.54,978,4.89,0.019,0.012,8,62.49,ISO9001,0,0
279,EMEA,2321.15,93.43,4,27.58,0,7.25,1209,5.46,0.043,0.021,28,83.67,ISO9001,1,0
279,EMEA,2321.15,93.43,4,24.72,1,0.0,572,6.36,0.05,0.022,14,72.34,None,0,0
279,EMEA,2321.15,93.43,4,24.08,1,0.0,1227,5.42,0.008,0.018,25,85.31,None,1,0
279,EMEA,2321.15,93.43,4,24.11,1,0.0,955,4.66,0.06,0.006,8,76.22,ISO9001,1,0
279,EMEA,2321.15,93.43,4,32.31,0,6.51,1031,5.24,0.007,0.022,21,64.93,None,1,0
279,EMEA,2321.15,93.43,4,28.03,1,0.0,560,5.49,0.022,0.007,1,58.39,None,0,0
279,EMEA,2321.15,93.43,4,30.21,1,0.0,891,4.47,0.033,0.014,16,70.24,ISO9001+ISO14001,0,0
279,EMEA,2321.15,93.43,4,26.55,1,0.0,1189,5.4,0.045,0.004,2,73.02,ISO9001,1,0
279,EMEA,2321.15,93.43,4,30.39,1,0.0,888,4.78,0.007,0.009,10,62.4,ISO9001,1,0
279,EMEA,2321.15,93.43,4,24.91,1,0.0,896,3.83,0.008,0.023,24,82.55,ISO9001+ISO14001,1,0
279,EMEA,2321.15,93.43,4,28.19,1,0.0,1096,4.31,0.03,0.017,20,87.25,ISO9001+ISO14001,0,0
279,EMEA,2321.15,93.43,4,28.47,1,0.0,637,5.95,0.036,0.01,5,64.88,None,1,0
279,EMEA,2321.15,93.43,4,29.27,1,0.0,894,5.5,0.031,0.006,6,56.37,ISO9001+ISO14001,1,0
279,EMEA,2321.15,93.43,4,23.03,1,0.0,796,4.46,0.023,0.018,15,100.0,None,0,0
279,EMEA,2321.15,93.43,4,28.24,1,0.0,1145,4.54,0.016,0.026,30,76.17,ISO9001,1,0
279,EMEA,2321.15,93.43,4,22.48,1,0.0,817,4.24,0.0,0.029,20,88.69,ISO9001,0,0
279,EMEA,2321.15,93.43,4,24.52,1,0.0,965,4.96,0.052,0.0,0,77.28,ISO9001,0,0
279,EMEA,2321.15,93.43,4,28.39,1,0.0,1321,4.84,0.028,0.027,36,87.42,ISO9001+ISO14001,1,0
279,EMEA,2321.15,93.43,4,27.0,1,0.0,496,4.44,0.08,0.019,10,82.38,ISO9001,0,0
279,EMEA,2321.15,93.43,4,27.48,1,0.0,607,5.13,0.051,0.023,8,76.45,ISO9001,0,0
279,EMEA,2321.15,93.43,4,25.77,1,0.0,1007,4.87,0.039,0.005,8,80.54,ISO9001,0,0
279,EMEA,2321.15,93.43,4,25.54,1,0.0,1110,4.45,0.028,0.016,16,66.75,ISO9001,1,0
279,EMEA,2321.15,93.43,4,25.16,1,0.0,393,4.41,0.055,0.005,3,77.65,ISO9001,1,0
279,EMEA,2321.15,93.43,4,29.74,1,0.0,1172,4.83,0.017,0.003,4,88.23,None,0,0
279,EMEA,2321.15,93.43,4,24.55,1,0.0,710,4.83,0.038,0.034,23,71.66,ISO9001,1,0
279,EMEA,2321.15,93.43,4,29.34,1,0.0,1096,5.76,0.012,0.003,1,75.95,ISO9001,1,0
279,EMEA,2321.15,93.43,4,25.22,1,0.0,801,5.16,0.026,0.01,3,71.6,None,0,0
280,EMEA,3246.19,85.87,5,36.3,1,0.0,1611,5.23,0.036,0.015,28,71.88,None,0,0
280,EMEA,3246.19,85.87,5,33.0,0,9.19,805,4.89,0.03,0.0,0,61.84,ISO9001,0,0
280,EMEA,3246.19,85.87,5,33.28,1,0.0,680,4.7,0.048,0.013,8,91.09,ISO9001,1,0
280,EMEA,3246.19,85.87,5,35.19,1,0.0,1130,5.1,0.026,0.007,14,76.95,None,1,0
280,EMEA,3246.19,85.87,5,29.67,1,0.0,786,6.14,0.021,0.032,21,91.56,ISO9001,1,0
280,EMEA,3246.19,85.87,5,33.07,1,0.0,649,5.79,0.028,0.014,9,73.21,ISO9001,1,0
280,EMEA,3246.19,85.87,5,29.43,1,0.0,868,5.62,0.036,0.026,25,75.2,ISO9001,0,0
280,EMEA,3246.19,85.87,5,29.5,1,0.0,777,6.53,0.0,0.009,9,90.82,None,0,0
280,EMEA,3246.19,85.87,5,26.0,1,0.0,1054,5.05,0.06,0.029,25,72.83,ISO9001,0,0
280,EMEA,3246.19,85.87,5,33.75,1,0.0,1095,6.08,0.04,0.015,17,73.45,ISO9001,0,0
280,EMEA,3246.19,85.87,5,32.27,1,0.0,853,5.48,0.098,0.021,23,81.25,ISO9001,1,0
280,EMEA,3246.19,85.87,5,29.34,1,0.0,948,4.18,0.037,0.01,10,81.18,None,0,0
280,EMEA,3246.19,85.87,5,37.88,1,0.0,1257,5.33,0.055,0.022,33,72.22,ISO9001+ISO14001,0,0
280,EMEA,3246.19,85.87,5,35.94,1,0.0,411,4.45,0.019,0.01,3,76.47,ISO9001+ISO14001,0,0
280,EMEA,3246.19,85.87,5,34.73,1,0.0,886,4.68,0.044,0.015,11,67.88,ISO9001,1,0
280,EMEA,3246.19,85.87,5,36.54,1,0.0,1070,4.99,0.05,0.022,16,85.55,ISO9001,1,0
280,EMEA,3246.19,85.87,5,26.95,1,0.0,951,6.13,0.006,0.025,24,82.72,ISO9001,0,0
280,EMEA,3246.19,85.87,5,31.34,1,0.0,752,4.66,0.02,0.001,0,63.71,None,1,0
280,EMEA,3246.19,85.87,5,28.6,1,0.0,1026,4.4,0.023,0.008,7,86.86,ISO9001,1,0
280,EMEA,3246.19,85.87,5,29.45,1,0.0,1022,4.83,0.018,0.016,14,80.8,ISO9001,1,0
280,EMEA,3246.19,85.87,5,28.89,1,0.0,1094,4.64,0.0,0.0,0,75.76,ISO9001,1,0
280,EMEA,3246.19,85.87,5,30.93,1,0.0,705,5.76,0.012,0.021,14,75.05,ISO9001,1,0
280,EMEA,3246.19,85.87,5,30.83,1,0.0,870,4.36,0.071,0.008,5,66.93,ISO9001,1,0
280,EMEA,3246.19,85.87,5,27.2,1,0.0,1155,4.69,0.045,0.025,33,96.5,ISO9001,0,0
280,EMEA,3246.19,85.87,5,28.07,1,0.0,1027,5.04,0.049,0.017,15,78.09,ISO9001+ISO14001,1,0
280,EMEA,3246.19,85.87,5,33.77,1,0.0,1135,4.16,0.038,0.018,16,72.48,ISO9001,1,0
280,EMEA,3246.19,85.87,5,33.48,1,0.0,1267,6.03,0.028,0.009,10,67.09,None,1,0
280,EMEA,3246.19,85.87,5,31.72,1,0.0,1442,5.02,0.034,0.019,26,71.43,ISO9001,1,0
280,EMEA,3246.19,85.87,5,27.81,1,0.0,768,5.13,0.035,0.0,0,78.4,None,1,0
280,EMEA,3246.19,85.87,5,29.62,1,0.0,1052,4.43,0.023,0.026,26,73.73,ISO9001+ISO14001,1,0
280,EMEA,3246.19,85.87,5,24.05,1,0.0,1014,4.26,0.05,0.015,13,100.0,ISO9001+ISO14001,0,0
280,EMEA,3246.19,85.87,5,21.48,0,3.68,914,4.68,0.039,0.005,5,94.77,ISO9001,1,0
280,EMEA,3246.19,85.87,5,30.51,1,0.0,1241,4.69,0.04,0.007,7,74.3,ISO9001,1,0
280,EMEA,3246.19,85.87,5,28.33,1,0.0,1697,5.35,0.005,0.021,35,80.11,None,0,0
280,EMEA,3246.19,85.87,5,31.28,1,0.0,990,5.19,0.021,0.0,0,82.1,None,0,0
280,EMEA,3246.19,85.87,5,31.67,1,0.0,490,5.55,0.01,0.012,4,58.36,None,1,0
280,EMEA,3246.19,85.87,5,33.09,1,0.0,1128,5.26,0.052,0.016,17,80.61,None,0,0
280,EMEA,3246.19,85.87,5,29.4,1,0.0,1090,4.73,0.031,0.017,17,70.55,ISO9001,1,0
280,EMEA,3246.19,85.87,5,30.72,1,0.0,1210,5.09,0.052,0.0,0,68.0,ISO9001,0,0
280,EMEA,3246.19,85.87,5,29.27,1,0.0,332,3.38,0.028,0.02,8,79.41,ISO9001+ISO14001,0,0
280,EMEA,3246.19,85.87,5,35.84,1,0.0,893,5.37,0.038,0.0,0,83.88,ISO9001+ISO14001,1,0
280,EMEA,3246.19,85.87,5,31.51,1,0.0,1205,4.93,0.016,0.021,31,84.88,ISO9001,1,0
280,EMEA,3246.19,85.87,5,33.41,1,0.0,837,5.09,0.046,0.013,16,58.63,None,1,0
280,EMEA,3246.19,85.87,5,26.43,1,0.0,1649,4.72,0.026,0.017,30,85.59,ISO9001+ISO14001,1,0
280,EMEA,3246.19,85.87,5,30.54,1,0.0,1078,5.25,0.044,0.002,7,65.45,ISO9001,1,0
280,EMEA,3246.19,85.87,5,25.3,1,0.0,1386,5.83,0.038,0.014,14,67.16,ISO9001+ISO14001,1,0
280,EMEA,3246.19,85.87,5,33.4,1,0.0,589,4.74,0.011,0.0,0,80.15,ISO9001,1,0
280,EMEA,3246.19,85.87,5,29.08,1,0.0,806,4.33,0.036,0.029,24,78.21,ISO9001,0,0
280,EMEA,3246.19,85.87,5,32.21,1,0.0,867,5.13,0.038,0.014,11,67.13,ISO9001,1,0
280,EMEA,3246.19,85.87,5,36.6,1,0.0,987,5.5,0.049,0.014,14,92.47,None,0,0
280,EMEA,3246.19,85.87,5,27.71,0,7.12,1141,4.76,0.005,0.023,27,93.65,ISO9001+ISO14001,1,0
280,EMEA,3246.19,85.87,5,30.49,1,0.0,1407,5.64,0.055,0.012,18,87.67,None,0,0
280,EMEA,3246.19,85.87,5,33.66,1,0.0,729,4.96,0.052,0.014,7,75.51,ISO9001+ISO14001,1,0
280,EMEA,3246.19,85.87,5,28.51,1,0.0,1307,4.8,0.021,0.028,37,70.68,None,0,0
280,EMEA,3246.19,85.87,5,28.25,1,0.0,680,4.76,0.039,0.009,6,65.22,ISO9001+ISO14001,1,0
281,APAC,3908.03,79.42,4,29.59,1,0.0,658,5.39,0.047,0.014,4,79.6,ISO9001,1,0
281,APAC,3908.03,79.42,4,35.4,1,0.0,1158,5.51,0.015,0.013,19,68.58,ISO9001,0,0
281,APAC,3908.03,79.42,4,34.45,1,0.0,1018,5.05,0.025,0.019,14,96.14,ISO9001,1,0
281,APAC,3908.03,79.42,4,31.97,1,0.0,732,3.8,0.005,0.026,14,93.73,None,1,0
281,APAC,3908.03,79.42,4,32.32,1,0.0,1221,4.66,0.021,0.026,27,77.87,ISO9001+ISO14001,1,0
281,APAC,3908.03,79.42,4,26.11,1,0.0,1472,4.62,0.02,0.031,37,73.34,None,0,0
281,APAC,3908.03,79.42,4,31.83,1,0.0,979,3.99,0.024,0.017,12,75.41,None,0,0
281,APAC,3908.03,79.42,4,33.76,0,6.16,871,4.4,0.037,0.023,21,62.25,ISO9001,1,0
281,APAC,3908.03,79.42,4,35.32,1,0.0,1021,5.55,0.008,0.011,12,75.2,None,0,0
281,APAC,3908.03,79.42,4,33.13,1,0.0,1102,6.43,0.027,0.021,22,83.13,ISO9001,1,0
281,APAC,3908.03,79.42,4,29.07,1,0.0,1101,5.18,0.05,0.02,24,83.01,ISO9001+ISO14001,1,0
281,APAC,3908.03,79.42,4,29.05,1,0.0,934,4.84,0.016,0.025,20,78.13,None,0,0
281,APAC,3908.03,79.42,4,35.92,1,0.0,768,4.71,0.043,0.023,16,65.98,ISO9001,0,0
281,APAC,3908.03,79.42,4,31.85,1,0.0,1082,4.39,0.059,0.022,25,79.73,ISO9001,1,0
281,APAC,3908.03,79.42,4,37.88,1,0.0,1281,4.32,0.001,0.031,43,76.17,ISO9001,1,0
281,APAC,3908.03,79.42,4,29.22,1,0.0,1114,6.09,0.042,0.024,22,85.78,ISO9001+ISO14001,0,0
281,APAC,3908.03,79.42,4,34.26,1,0.0,1095,3.92,0.01,0.016,16,67.15,ISO9001+ISO14001,0,0
281,APAC,3908.03,79.42,4,33.72,1,0.0,1162,3.6,0.034,0.008,12,81.17,ISO9001,1,0
281,APAC,3908.03,79.42,4,36.39,1,0.0,1293,3.94,0.044,0.0,0,74.75,ISO9001,0,0
281,APAC,3908.03,79.42,4,34.56,1,0.0,1160,4.64,0.002,0.009,9,92.78,ISO9001,1,0
281,APAC,3908.03,79.42,4,35.86,1,0.0,1386,4.13,0.052,0.012,13,77.08,ISO9001,0,0
281,APAC,3908.03,79.42,4,40.42,0,6.39,1806,5.46,0.059,0.016,31,76.22,None,0,0
281,APAC,3908.03,79.42,4,35.34,1,0.0,801,5.27,0.028,0.014,15,81.87,ISO9001,0,0
281,APAC,3908.03,79.42,4,32.9,1,0.0,1303,4.89,0.017,0.024,33,74.09,None,0,0
281,APAC,3908.03,79.42,4,36.66,1,0.0,834,5.36,0.023,0.032,22,74.9,ISO9001,1,0
281,APAC,3908.03,79.42,4,31.75,1,0.0,732,4.82,0.013,0.026,26,79.35,ISO9001,0,0
281,APAC,3908.03,79.42,4,32.43,1,0.0,868,5.83,0.013,0.0,0,61.91,ISO9001,1,0
281,APAC,3908.03,79.42,4,31.16,0,4.93,1342,4.41,0.062,0.016,25,67.74,ISO9001,1,0
281,APAC,3908.03,79.42,4,37.2,1,0.0,594,5.35,0.016,0.012,4,91.32,ISO9001+ISO14001,0,0
281,APAC,3908.03,79.42,4,32.62,1,0.0,1156,4.48,0.044,0.014,30,76.81,ISO9001,0,0
281,APAC,3908.03,79.42,4,29.5,1,0.0,792,6.13,0.025,0.008,11,66.27,ISO9001+ISO14001,1,0
281,APAC,3908.03,79.42,4,33.04,1,0.0,1158,4.36,0.041,0.009,12,85.95,None,1,0
281,APAC,3908.03,79.42,4,35.44,1,0.0,1054,5.21,0.063,0.02,26,99.42,ISO9001,1,0
281,APAC,3908.03,79.42,4,34.49,1,0.0,1106,6.2,0.0,0.022,29,78.16,ISO9001+ISO14001,1,0
281,APAC,3908.03,79.42,4,31.42,1,0.0,1066,5.0,0.037,0.009,8,76.17,None,1,0
281,APAC,3908.03,79.42,4,33.17,1,0.0,1053,4.97,0.008,0.016,14,87.44,None,0,0
281,APAC,3908.03,79.42,4,31.66,1,0.0,790,5.77,0.054,0.016,10,78.92,ISO9001+ISO14001,0,0
281,APAC,3908.03,79.42,4,39.26,1,0.0,1214,4.8,0.041,0.035,47,55.33,ISO9001,1,0
281,APAC,3908.03,79.42,4,33.34,1,0.0,1352,4.37,0.041,0.031,41,82.29,ISO9001,0,0
281,APAC,3908.03,79.42,4,31.36,1,0.0,1071,5.65,0.062,0.022,18,76.74,ISO9001,1,0
281,APAC,3908.03,79.42,4,35.45,1,0.0,945,4.78,0.05,0.027,13,74.65,ISO9001,0,0
281,APAC,3908.03,79.42,4,36.66,1,0.0,817,5.49,0.017,0.014,14,76.39,ISO9001+ISO14001,0,0
281,APAC,3908.03,79.42,4,38.33,1,0.0,868,5.14,0.035,0.032,31,76.21,ISO9001+ISO14001,1,0
281,APAC,3908.03,79.42,4,29.4,1,0.0,1175,3.5,0.067,0.028,23,75.92,ISO9001,0,0
281,APAC,3908.03,79.42,4,30.19,1,0.0,387,5.91,0.011,0.033,16,71.52,ISO9001,0,0
281,APAC,3908.03,79.42,4,31.94,1,0.0,773,4.8,0.015,0.034,24,83.18,ISO9001,0,0
281,APAC,3908.03,79.42,4,39.8,1,0.0,813,5.73,0.038,0.023,16,83.2,None,0,0
281,APAC,3908.03,79.42,4,31.53,1,0.0,1114,3.91,0.03,0.002,1,82.03,None,0,0
281,APAC,3908.03,79.42,4,28.98,1,0.0,1007,5.0,0.041,0.036,37,81.58,ISO9001+ISO14001,1,0
282,EMEA,3176.95,88.31,6,29.79,1,0.0,613,5.53,0.01,0.017,6,75.69,ISO9001+ISO14001,0,0
282,EMEA,3176.95,88.31,6,30.77,1,0.0,1272,3.96,0.03,0.033,37,61.46,ISO9001+ISO14001,1,0
282,EMEA,3176.95,88.31,6,32.9,1,0.0,921,5.22,0.047,0.009,11,72.21,ISO9001+ISO14001,1,0
282,EMEA,3176.95,88.31,6,33.67,1,0.0,878,4.72,0.04,0.011,7,84.72,ISO9001+ISO14001,1,0
282,EMEA,3176.95,88.31,6,35.62,1,0.0,957,5.11,0.024,0.026,14,68.26,None,0,0
282,EMEA,3176.95,88.31,6,30.73,1,0.0,857,4.77,0.052,0.0,0,79.0,ISO9001,1,0
282,EMEA,3176.95,88.31,6,36.68,1,0.0,919,5.79,0.031,0.007,8,84.1,None,1,0
282,EMEA,3176.95,88.31,6,28.09,1,0.0,1116,4.16,0.033,0.041,45,83.03,ISO9001+ISO14001,0,0
282,EMEA,3176.95,88.31,6,32.99,1,0.0,612,4.98,0.057,0.036,30,66.49,None,0,0
282,EMEA,3176.95,88.31,6,28.37,1,0.0,1589,4.15,0.016,0.027,34,77.81,ISO9001+ISO14001,1,0
282,EMEA,3176.95,88.31,6,34.34,1,0.0,1066,5.29,0.009,0.013,16,82.81,ISO9001,0,0
282,EMEA,3176.95,88.31,6,26.0,1,0.0,682,5.63,0.055,0.008,6,71.11,None,0,0
282,EMEA,3176.95,88.31,6,35.15,1,0.0,853,5.62,0.04,0.011,9,65.0,ISO9001,1,0
282,EMEA,3176.95,88.31,6,29.54,0,7.67,714,6.15,0.042,0.003,4,74.4,ISO9001,1,0
282,EMEA,3176.95,88.31,6,30.53,1,0.0,1318,4.13,0.063,0.012,13,86.62,ISO9001,1,0
282,EMEA,3176.95,88.31,6,27.73,1,0.0,1251,4.68,0.043,0.016,11,74.12,ISO9001,1,0
282,EMEA,3176.95,88.31,6,27.47,1,0.0,489,4.64,0.04,0.004,0,74.58,None,1,0
282,EMEA,3176.95,88.31,6,27.1,1,0.0,1201,4.54,0.002,0.0,1,84.91,ISO9001,0,0
282,EMEA,3176.95,88.31,6,33.51,1,0.0,638,5.09,0.037,0.016,5,85.59,ISO9001,0,0
282,EMEA,3176.95,88.31,6,27.29,1,0.0,872,5.2,0.029,0.009,6,83.67,ISO9001+ISO14001,1,0
282,EMEA,3176.95,88.31,6,27.97,0,4.66,1059,5.54,0.001,0.011,18,64.8,ISO9001,0,0
282,EMEA,3176.95,88.31,6,32.44,1,0.0,916,5.54,0.0,0.026,24,80.84,ISO9001+ISO14001,1,0
282,EMEA,3176.95,88.31,6,30.97,1,0.0,1289,4.29,0.015,0.006,5,74.65,None,0,0
282,EMEA,3176.95,88.31,6,30.17,1,0.0,1025,4.59,0.053,0.016,19,67.2,ISO9001,1,0
282,EMEA,3176.95,88.31,6,28.88,1,0.0,1366,5.45,0.017,0.009,8,91.56,ISO9001+ISO14001,1,0
282,EMEA,3176.95,88.31,6,28.91,1,0.0,345,4.15,0.073,0.005,2,84.49,ISO9001+ISO14001,1,0
282,EMEA,3176.95,88.31,6,35.31,1,0.0,717,4.92,0.004,0.009,10,83.89,ISO9001+ISO14001,1,0
282,EMEA,3176.95,88.31,6,30.34,1,0.0,773,4.64,0.051,0.005,3,66.33,None,0,0
282,EMEA,3176.95,88.31,6,34.12,1,0.0,1139,5.54,0.042,0.012,15,74.32,ISO9001,1,0
282,EMEA,3176.95,88.31,6,32.56,1,0.0,1425,4.87,0.022,0.008,9,72.55,ISO9001+ISO14001,1,0
282,EMEA,3176.95,88.31,6,28.0,0,9.83,1098,5.02,0.07,0.0,0,85.86,None,0,0
282,EMEA,3176.95,88.31,6,30.55,1,0.0,982,5.19,0.017,0.004,5,82.35,None,0,0
282,EMEA,3176.95,88.31,6,27.65,1,0.0,572,4.43,0.035,0.013,8,93.18,ISO9001,1,0
282,EMEA,3176.95,88.31,6,28.39,1,0.0,672,4.21,0.041,0.02,14,82.83,None,0,0
282,EMEA,3176.95,88.31,6,34.38,1,0.0,1102,4.58,0.026,0.033,37,83.85,ISO9001,1,0
282,EMEA,3176.95,88.31,6,30.09,1,0.0,735,5.84,0.044,0.011,8,88.15,ISO9001+ISO14001,0,0
282,EMEA,3176.95,88.31,6,32.19,1,0.0,1287,4.26,0.002,0.016,19,89.35,ISO9001,1,0
282,EMEA,3176.95,88.31,6,28.94,1,0.0,1110,4.97,0.021,0.007,9,71.02,ISO9001,0,0
282,EMEA,3176.95,88.31,6,25.8,1,0.0,1028,5.22,0.029,0.024,23,68.64,ISO9001,1,0
282,EMEA,3176.95,88.31,6,37.03,0,5.11,748,5.09,0.013,0.024,17,78.02,ISO9001,0,0
282,EMEA,3176.95,88.31,6,28.92,1,0.0,1138,4.77,0.041,0.012,11,87.5,None,0,0
282,EMEA,3176.95,88.31,6,31.17,1,0.0,1307,5.38,0.069,0.0,0,74.91,ISO9001,1,0
282,EMEA,3176.95,88.31,6,33.04,1,0.0,831,5.25,0.0,0.015,14,73.46,None,0,0
282,EMEA,3176.95,88.31,6,27.51,1,0.0,1060,5.24,0.037,0.017,23,77.71,ISO9001,1,0
282,EMEA,3176.95,88.31,6,23.8,1,0.0,1092,5.2,0.01,0.018,23,90.47,ISO9001,0,0
282,EMEA,3176.95,88.31,6,28.39,1,0.0,1371,5.21,0.028,0.014,18,71.79,ISO9001,0,0
282,EMEA,3176.95,88.31,6,27.97,1,0.0,1200,4.26,0.031,0.015,23,91.96,ISO9001+ISO14001,1,0
282,EMEA,3176.95,88.31,6,30.1,1,0.0,1189,4.71,0.026,0.011,15,73.63,ISO9001+ISO14001,0,0
283,APAC,3924.56,95.26,3,29.31,1,0.0,753,4.51,0.058,0.026,20,71.54,ISO9001,0,0
283,APAC,3924.56,95.26,3,30.29,1,0.0,743,5.03,0.043,0.034,26,78.34,None,1,0
283,APAC,3924.56,95.26,3,32.94,1,0.0,1388,5.32,0.028,0.03,34,65.23,ISO9001,1,0
283,APAC,3924.56,95.26,3,31.75,1,0.0,1507,5.71,0.018,0.013,26,72.5,None,0,0
283,APAC,3924.56,95.26,3,35.09,1,0.0,988,4.7,0.031,0.043,44,79.5,ISO9001,0,0
283,APAC,3924.56,95.26,3,36.16,1,0.0,1254,4.48,0.006,0.03,33,58.96,ISO9001,1,0
283,APAC,3924.56,95.26,3,37.18,0,11.82,1364,5.38,0.019,0.013,15,69.88,ISO9001,1,0
283,APAC,3924.56,95.26,3,37.87,1,0.0,1165,4.52,0.034,0.029,47,82.24,ISO9001,0,0
283,APAC,3924.56,95.26,3,32.33,0,5.43,1122,5.44,0.045,0.023,29,81.74,ISO9001+ISO14001,1,0
283,APAC,3924.56,95.26,3,33.81,1,0.0,1156,3.53,0.066,0.03,32,78.83,ISO9001,1,0
283,APAC,3924.56,95.26,3,32.33,1,0.0,1471,5.11,0.023,0.03,53,69.3,ISO9001,0,0
283,APAC,3924.56,95.26,3,33.43,1,0.0,1554,5.23,0.031,0.035,49,67.72,ISO9001+ISO14001,0,0
283,APAC,3924.56,95.26,3,31.21,1,0.0,673,5.88,0.052,0.023,15,81.19,ISO9001,1,0
283,APAC,3924.56,95.26,3,44.3,1,0.0,1245,5.12,0.05,0.017,25,77.67,ISO9001,1,0
283,APAC,3924.56,95.26,3,28.71,1,0.0,1243,4.48,0.083,0.022,24,67.96,ISO9001,1,0
283,APAC,3924.56,95.26,3,31.25,1,0.0,717,5.34,0.047,0.023,12,64.74,ISO9001,1,0
283,APAC,3924.56,95.26,3,34.24,1,0.0,1049,5.68,0.028,0.037,38,78.2,ISO9001,0,0
283,APAC,3924.56,95.26,3,34.96,1,0.0,1018,5.71,0.016,0.028,31,100.0,None,1,0
283,APAC,3924.56,95.26,3,34.65,1,0.0,573,5.29,0.075,0.04,26,75.21,ISO9001,1,0
283,APAC,3924.56,95.26,3,32.08,1,0.0,822,5.24,0.044,0.041,36,56.76,ISO9001+ISO14001,1,0
283,APAC,3924.56,95.26,3,30.65,1,0.0,870,5.01,0.037,0.016,23,73.87,ISO9001,1,0
283,APAC,3924.56,95.26,3,34.9,1,0.0,1158,4.96,0.05,0.038,44,89.16,ISO9001,0,0
283,APAC,3924.56,95.26,3,36.45,1,0.0,200,4.46,0.072,0.035,9,70.73,ISO9001,1,0
283,APAC,3924.56,95.26,3,35.92,0,9.59,992,5.46,0.034,0.009,10,84.09,ISO9001,1,0
283,APAC,3924.56,95.26,3,37.22,1,0.0,1175,5.57,0.016,0.016,24,68.39,ISO9001+ISO14001,0,0
283,APAC,3924.56,95.26,3,34.1,1,0.0,634,4.78,0.003,0.046,28,69.69,ISO9001+ISO14001,0,0
283,APAC,3924.56,95.26,3,33.48,1,0.0,891,4.99,0.019,0.018,20,73.57,ISO9001,0,0
283,APAC,3924.56,95.26,3,32.51,1,0.0,800,5.0,0.018,0.042,43,69.9,ISO9001,1,0
283,APAC,3924.56,95.26,3,34.14,1,0.0,1204,5.69,0.017,0.011,20,79.9,ISO9001,0,0
283,APAC,3924.56,95.26,3,33.91,1,0.0,704,5.62,0.062,0.024,19,94.59,ISO9001,1,0
283,APAC,3924.56,95.26,3,38.05,1,0.0,1074,5.15,0.031,0.031,29,72.26,ISO9001,1,0
283,APAC,3924.56,95.26,3,37.02,1,0.0,1464,4.48,0.024,0.035,70,73.07,ISO9001,1,0
283,APAC,3924.56,95.26,3,35.49,1,0.0,1287,6.3,0.031,0.038,46,93.08,None,0,0
283,APAC,3924.56,95.26,3,35.67,0,6.3,1209,5.59,0.059,0.019,27,70.11,ISO9001+ISO14001,1,0
283,APAC,3924.56,95.26,3,36.78,1,0.0,676,4.7,0.031,0.028,21,81.54,ISO9001,0,0
283,APAC,3924.56,95.26,3,34.05,1,0.0,949,4.97,0.016,0.012,14,64.21,None,0,0
283,APAC,3924.56,95.26,3,34.21,0,8.7,1459,4.41,0.055,0.022,31,87.18,None,0,0
283,APAC,3924.56,95.26,3,30.22,0,6.25,1371,4.3,0.0,0.021,25,82.35,ISO9001+ISO14001,0,0
283,APAC,3924.56,95.26,3,39.27,1,0.0,911,5.41,0.028,0.023,23,77.13,None,0,0
283,APAC,3924.56,95.26,3,37.89,1,0.0,1077,4.82,0.004,0.012,29,65.33,ISO9001,1,0
284,AMER,2043.4,65.23,2,26.61,1,0.0,699,5.07,0.006,0.03,22,79.22,ISO9001,1,0
284,AMER,2043.4,65.23,2,24.37,1,0.0,581,4.52,0.036,0.015,6,61.5,None,0,0
284,AMER,2043.4,65.23,2,24.43,1,0.0,896,4.89,0.045,0.012,14,89.92,ISO9001,1,0
284,AMER,2043.4,65.23,2,33.69,1,0.0,768,5.03,0.027,0.028,28,73.47,ISO9001+ISO14001,1,0
284,AMER,2043.4,65.23,2,28.4,1,0.0,823,5.45,0.029,0.024,16,66.27,ISO9001+ISO14001,1,0
284,AMER,2043.4,65.23,2,22.04,0,6.13,1011,4.77,0.034,0.013,9,81.74,ISO9001+ISO14001,0,0
284,AMER,2043.4,65.23,2,23.15,1,0.0,945,5.39,0.034,0.013,11,77.6,ISO9001,0,0
284,AMER,2043.4,65.23,2,31.74,1,0.0,601,5.74,0.048,0.036,31,79.12,ISO9001,1,0
284,AMER,2043.4,65.23,2,20.37,1,0.0,682,5.15,0.045,0.025,23,83.73,ISO9001+ISO14001,0,0
284,AMER,2043.4,65.23,2,25.7,1,0.0,1232,4.94,0.031,0.011,13,77.19,None,0,0
284,AMER,2043.4,65.23,2,30.13,1,0.0,923,3.7,0.016,0.025,22,83.17,ISO9001,0,0
284,AMER,2043.4,65.23,2,29.61,1,0.0,1336,6.45,0.043,0.048,64,85.08,ISO9001,0,0
284,AMER,2043.4,65.23,2,26.43,1,0.0,879,4.97,0.056,0.012,13,72.78,ISO9001+ISO14001,0,0
284,AMER,2043.4,65.23,2,26.7,1,0.0,676,4.59,0.062,0.03,20,73.52,ISO9001,1,0
284,AMER,2043.4,65.23,2,28.25,1,0.0,915,4.68,0.049,0.015,17,68.28,ISO9001,1,0
284,AMER,2043.4,65.23,2,27.26,1,0.0,711,5.51,0.028,0.027,23,81.28,None,1,0
284,AMER,2043.4,65.23,2,26.42,1,0.0,1398,4.43,0.02,0.018,28,73.73,ISO9001,1,0
284,AMER,2043.4,65.23,2,28.95,1,0.0,1059,6.21,0.04,0.021,30,75.06,None,1,0
284,AMER,2043.4,65.23,2,24.37,1,0.0,1487,4.71,0.052,0.017,20,77.36,ISO9001,0,0
284,AMER,2043.4,65.23,2,25.35,0,5.1,886,5.09,0.0,0.008,5,75.87,ISO9001,0,0
284,AMER,2043.4,65.23,2,23.46,1,0.0,732,5.22,0.051,0.011,5,79.21,ISO9001,1,0
284,AMER,2043.4,65.23,2,25.8,1,0.0,947,5.72,0.069,0.023,14,87.36,ISO9001+ISO14001,0,0
284,AMER,2043.4,65.23,2,29.28,1,0.0,1085,5.02,0.045,0.037,42,70.36,ISO9001,0,0
284,AMER,2043.4,65.23,2,26.1,1,0.0,714,4.88,0.034,0.017,12,75.48,ISO9001+ISO14001,0,0
284,AMER,2043.4,65.23,2,24.93,1,0.0,975,5.46,0.076,0.03,29,69.24,None,0,0
284,AMER,2043.4,65.23,2,25.49,1,0.0,1017,6.14,0.032,0.012,18,55.17,ISO9001+ISO14001,1,0
284,AMER,2043.4,65.23,2,25.24,1,0.0,1382,4.3,0.0,0.038,55,65.47,ISO9001,1,0
284,AMER,2043.4,65.23,2,28.24,1,0.0,939,3.69,0.05,0.029,32,90.14,ISO9001,0,0
284,AMER,2043.4,65.23,2,19.9,1,0.0,1522,6.35,0.008,0.027,38,74.78,ISO9001,1,0
284,AMER,2043.4,65.23,2,30.17,1,0.0,1267,5.17,0.06,0.008,5,72.94,None,0,0
284,AMER,2043.4,65.23,2,34.47,1,0.0,1456,4.33,0.062,0.028,38,72.03,ISO9001+ISO14001,0,0
284,AMER,2043.4,65.23,2,25.62,1,0.0,1308,4.62,0.051,0.01,22,89.85,None,0,0
284,AMER,2043.4,65.23,2,28.2,1,0.0,1097,4.87,0.032,0.029,20,79.95,None,0,0
284,AMER,2043.4,65.23,2,24.82,1,0.0,1128,5.38,0.029,0.019,26,64.24,None,1,0
284,AMER,2043.4,65.23,2,26.61,1,0.0,1048,5.3,0.036,0.024,29,88.73,ISO9001,1,0
284,AMER,2043.4,65.23,2,29.22,1,0.0,974,5.02,0.001,0.032,27,73.96,ISO9001,0,0
284,AMER,2043.4,65.23,2,25.64,1,0.0,883,5.04,0.001,0.048,52,85.89,ISO9001,0,0
284,AMER,2043.4,65.23,2,29.28,1,0.0,1038,5.52,0.051,0.024,26,77.35,ISO9001,1,0
284,AMER,2043.4,65.23,2,23.91,1,0.0,1273,4.16,0.018,0.022,20,57.93,ISO9001,1,0
284,AMER,2043.4,65.23,2,27.05,1,0.0,1002,5.17,0.029,0.023,17,60.08,ISO9001,0,0
284,AMER,2043.4,65.23,2,24.44,1,0.0,894,4.02,0.049,0.036,28,67.02,ISO9001+ISO14001,1,0
285,EMEA,2489.74,63.99,10,24.24,1,0.0,1450,5.93,0.049,0.02,20,95.82,ISO9001+ISO14001,1,0
285,EMEA,2489.74,63.99,10,28.75,1,0.0,821,4.67,0.04,0.022,16,73.19,None,1,0
285,EMEA,2489.74,63.99,10,27.07,1,0.0,901,4.89,0.079,0.018,21,64.33,ISO9001+ISO14001,0,0
285,EMEA,2489.74,63.99,10,27.21,1,0.0,878,4.53,0.024,0.034,27,87.69,None,1,0
285,EMEA,2489.74,63.99,10,30.23,1,0.0,1051,4.54,0.048,0.007,7,73.9,ISO9001+ISO14001,0,0
285,EMEA,2489.74,63.99,10,28.38,1,0.0,1084,5.44,0.044,0.019,24,79.15,None,0,0
285,EMEA,2489.74,63.99,10,24.03,1,0.0,812,5.1,0.049,0.047,39,68.84,None,0,0
285,EMEA,2489.74,63.99,10,27.4,1,0.0,1143,4.12,0.039,0.001,2,81.9,ISO9001,0,0
285,EMEA,2489.74,63.99,10,22.41,0,2.91,808,5.74,0.04,0.042,40,84.26,ISO9001,1,0
285,EMEA,2489.74,63.99,10,29.73,1,0.0,1279,4.91,0.036,0.028,35,63.25,ISO9001,1,0
285,EMEA,2489.74,63.99,10,26.03,0,6.57,654,5.23,0.054,0.024,13,73.77,ISO9001,1,0
285,EMEA,2489.74,63.99,10,23.65,1,0.0,1314,5.44,0.047,0.02,34,61.49,ISO9001+ISO14001,1,0
285,EMEA,2489.74,63.99,10,26.18,1,0.0,658,4.13,0.036,0.023,7,77.66,ISO9001,0,0
285,EMEA,2489.74,63.99,10,28.04,1,0.0,585,5.26,0.014,0.008,4,71.39,ISO9001,0,0
285,EMEA,2489.74,63.99,10,29.87,1,0.0,1200,4.68,0.053,0.02,28,65.9,ISO9001,0,0
285,EMEA,2489.74,63.99,10,28.25,1,0.0,1078,3.84,0.08,0.016,12,83.83,None,0,0
285,EMEA,2489.74,63.99,10,28.43,1,0.0,1187,4.45,0.043,0.023,29,76.79,None,0,0
285,EMEA,2489.74,63.99,10,31.81,0,5.2,530,4.74,0.056,0.036,23,88.0,ISO9001+ISO14001,1,0
285,EMEA,2489.74,63.99,10,28.93,1,0.0,1210,5.07,0.039,0.023,37,69.47,ISO9001,0,0
285,EMEA,2489.74,63.99,10,28.17,1,0.0,1469,5.04,0.035,0.004,3,79.31,ISO9001,1,0
285,EMEA,2489.74,63.99,10,26.66,1,0.0,798,4.71,0.052,0.011,12,87.57,None,0,0
285,EMEA,2489.74,63.99,10,29.64,1,0.0,962,5.26,0.045,0.025,22,72.71,None,0,0
285,EMEA,2489.74,63.99,10,26.36,1,0.0,873,4.95,0.001,0.038,24,91.43,ISO9001+ISO14001,0,0
285,EMEA,2489.74,63.99,10,26.32,1,0.0,879,4.56,0.068,0.023,22,71.57,ISO9001,0,0
285,EMEA,2489.74,63.99,10,23.01,1,0.0,1322,4.68,0.017,0.023,32,72.11,None,0,0
285,EMEA,2489.74,63.99,10,27.64,1,0.0,994,5.17,0.033,0.036,36,84.21,ISO9001,0,0
285,EMEA,2489.74,63.99,10,25.08,1,0.0,1177,4.0,0.028,0.009,10,99.98,ISO9001+ISO14001,0,0
285,EMEA,2489.74,63.99,10,25.78,1,0.0,1054,5.54,0.013,0.016,19,74.58,ISO9001+ISO14001,1,0
285,EMEA,2489.74,63.99,10,30.6,1,0.0,834,4.18,0.06,0.031,25,70.15,None,0,0
285,EMEA,2489.74,63.99,10,25.51,1,0.0,1135,6.0,0.047,0.02,17,77.94,ISO9001,1,0
285,EMEA,2489.74,63.99,10,27.57,1,0.0,1075,4.73,0.036,0.038,49,71.25,None,0,0
285,EMEA,2489.74,63.99,10,27.32,1,0.0,1063,5.8,0.01,0.022,24,63.12,ISO9001,1,0
285,EMEA,2489.74,63.99,10,24.91,1,0.0,1192,4.86,0.027,0.022,30,72.59,ISO9001+ISO14001,1,0
285,EMEA,2489.74,63.99,10,29.07,1,0.0,1486,6.26,0.05,0.013,34,63.71,ISO9001,1,0
285,EMEA,2489.74,63.99,10,27.95,1,0.0,948,4.53,0.066,0.036,24,63.46,ISO9001,1,0
285,EMEA,2489.74,63.99,10,32.07,1,0.0,701,4.68,0.027,0.022,11,72.86,ISO9001,1,0
285,EMEA,2489.74,63.99,10,33.13,1,0.0,1244,4.31,0.015,0.019,20,89.48,ISO9001,1,0
285,EMEA,2489.74,63.99,10,27.01,1,0.0,862,4.67,0.027,0.017,13,59.72,None,0,0
285,EMEA,2489.74,63.99,10,27.48,1,0.0,920,4.55,0.022,0.021,16,71.04,ISO9001+ISO14001,0,0
285,EMEA,2489.74,63.99,10,29.37,1,0.0,652,4.77,0.025,0.003,0,87.83,ISO9001+ISO14001,0,0
285,EMEA,2489.74,63.99,10,26.21,1,0.0,1417,5.53,0.036,0.036,65,91.77,None,0,0
285,EMEA,2489.74,63.99,10,29.37,1,0.0,587,5.01,0.031,0.012,6,70.75,None,0,0
285,EMEA,2489.74,63.99,10,29.52,1,0.0,1125,4.45,0.018,0.044,42,75.81,ISO9001,0,0
285,EMEA,2489.74,63.99,10,31.87,1,0.0,655,4.81,0.054,0.023,18,66.73,ISO9001,1,0
285,EMEA,2489.74,63.99,10,27.96,0,4.96,1100,4.85,0.035,0.025,32,78.74,None,0,0
285,EMEA,2489.74,63.99,10,30.52,1,0.0,683,4.42,0.029,0.032,22,68.42,ISO9001,1,0
285,EMEA,2489.74,63.99,10,25.46,1,0.0,543,4.94,0.028,0.037,22,74.47,None,1,0
285,EMEA,2489.74,63.99,10,29.18,1,0.0,1141,4.37,0.057,0.034,46,81.85,ISO9001,0,0
285,EMEA,2489.74,63.99,10,27.28,1,0.0,854,4.79,0.017,0.028,21,82.38,None,0,0
285,EMEA,2489.74,63.99,10,29.18,1,0.0,1141,6.45,0.049,0.0,0,78.57,ISO9001,1,0
285,EMEA,2489.74,63.99,10,29.58,0,4.05,816,4.73,0.058,0.024,20,66.58,ISO9001,1,0
285,EMEA,2489.74,63.99,10,26.64,1,0.0,1209,4.66,0.064,0.009,13,80.85,ISO9001,0,0
286,APAC,4195.6,72.08,7,33.72,1,0.0,872,4.95,0.0,0.013,15,90.7,ISO9001,1,0
286,APAC,4195.6,72.08,7,36.79,1,0.0,578,4.13,0.056,0.014,8,91.86,ISO9001+ISO14001,1,0
286,APAC,4195.6,72.08,7,32.99,1,0.0,690,5.17,0.0,0.011,9,76.58,ISO9001+ISO14001,1,0
286,APAC,4195.6,72.08,7,31.88,1,0.0,1379,6.09,0.043,0.02,22,76.81,None,0,0
286,APAC,4195.6,72.08,7,35.15,1,0.0,933,4.74,0.049,0.01,10,71.04,ISO9001,0,0
286,APAC,4195.6,72.08,7,33.33,1,0.0,1019,4.5,0.0,0.007,12,74.23,ISO9001+ISO14001,1,0
286,APAC,4195.6,72.08,7,36.36,1,0.0,1301,6.11,0.04,0.013,21,86.08,ISO9001,1,0
286,APAC,4195.6,72.08,7,37.83,1,0.0,1308,6.29,0.044,0.022,31,65.8,ISO9001,1,0
286,APAC,4195.6,72.08,7,35.51,1,0.0,705,5.48,0.042,0.016,12,66.84,ISO9001+ISO14001,1,0
286,APAC,4195.6,72.08,7,36.07,1,0.0,917,5.79,0.043,0.017,20,83.92,ISO9001,1,0
286,APAC,4195.6,72.08,7,33.15,1,0.0,1115,4.88,0.064,0.01,16,79.35,ISO9001,0,0
286,APAC,4195.6,72.08,7,37.8,1,0.0,1202,5.31,0.021,0.004,3,93.76,ISO9001,1,0
286,APAC,4195.6,72.08,7,37.82,1,0.0,1356,4.81,0.046,0.002,4,73.15,ISO9001,1,0
286,APAC,4195.6,72.08,7,33.88,1,0.0,677,5.52,0.048,0.007,7,98.84,None,0,0
286,APAC,4195.6,72.08,7,33.47,1,0.0,1034,4.37,0.04,0.007,6,72.61,ISO9001,0,0
286,APAC,4195.6,72.08,7,37.43,1,0.0,1225,4.41,0.01,0.033,35,71.71,None,0,0
286,APAC,4195.6,72.08,7,34.98,1,0.0,610,4.62,0.003,0.003,1,71.88,ISO9001+ISO14001,1,0
286,APAC,4195.6,72.08,7,33.66,1,0.0,986,5.83,0.038,0.005,5,84.57,None,0,0
286,APAC,4195.6,72.08,7,35.28,1,0.0,1016,3.85,0.078,0.016,14,82.5,ISO9001,0,0
286,APAC,4195.6,72.08,7,36.55,1,0.0,785,5.61,0.049,0.0,0,85.12,ISO9001,1,0
286,APAC,4195.6,72.08,7,33.27,1,0.0,1073,6.08,0.018,0.018,20,89.39,ISO9001+ISO14001,0,0
286,APAC,4195.6,72.08,7,31.41,0,5.31,1251,5.76,0.061,0.017,31,73.69,None,0,0
286,APAC,4195.6,72.08,7,31.63,1,0.0,821,4.95,0.024,0.005,3,80.34,None,0,0
286,APAC,4195.6,72.08,7,37.26,1,0.0,1187,4.0,0.009,0.0,0,75.4,None,1,0
286,APAC,4195.6,72.08,7,31.91,1,0.0,735,4.78,0.02,0.01,6,72.86,None,0,0
286,APAC,4195.6,72.08,7,33.65,1,0.0,1110,5.37,0.065,0.017,17,83.95,ISO9001+ISO14001,1,0
286,APAC,4195.6,72.08,7,34.11,1,0.0,844,5.52,0.022,0.014,5,76.45,ISO9001,1,0
286,APAC,4195.6,72.08,7,33.32,1,0.0,1281,5.06,0.019,0.006,15,74.67,ISO9001,0,0
286,APAC,4195.6,72.08,7,32.37,1,0.0,733,4.19,0.041,0.008,5,74.5,ISO9001,1,0
286,APAC,4195.6,72.08,7,31.3,1,0.0,933,5.69,0.02,0.001,1,86.61,ISO9001,0,0
286,APAC,4195.6,72.08,7,30.67,1,0.0,1241,5.03,0.02,0.0,0,87.04,ISO9001,1,0
286,APAC,4195.6,72.08,7,34.83,1,0.0,687,5.74,0.035,0.017,6,83.14,ISO9001,0,0
286,APAC,4195.6,72.08,7,34.26,1,0.0,994,4.35,0.061,0.01,7,77.18,ISO9001,1,0
286,APAC,4195.6,72.08,7,33.43,1,0.0,1137,5.07,0.04,0.019,25,74.84,ISO9001,1,0
287,AMER,1239.73,85.99,7,23.42,0,6.85,831,5.42,0.057,0.012,8,80.61,ISO9001+ISO14001,0,0
287,AMER,1239.73,85.99,7,24.88,1,0.0,1137,4.37,0.0,0.001,0,89.27,ISO9001,1,0
287,AMER,1239.73,85.99,7,23.31,0,4.22,1205,5.56,0.036,0.007,6,73.38,ISO9001,1,0
287,AMER,1239.73,85.99,7,22.61,1,0.0,932,4.0,0.037,0.014,14,91.93,ISO9001,0,0
287,AMER,1239.73,85.99,7,22.85,1,0.0,1196,4.51,0.007,0.0,0,83.2,ISO9001,1,0
287,AMER,1239.73,85.99,7,19.43,1,0.0,867,5.19,0.054,0.011,8,76.2,ISO9001,1,0
287,AMER,1239.73,85.99,7,21.38,1,0.0,785,5.38,0.034,0.022,21,86.97,None,0,0
287,AMER,1239.73,85.99,7,24.82,1,0.0,669,5.54,0.027,0.005,7,66.32,ISO9001,0,0
287,AMER,1239.73,85.99,7,25.12,1,0.0,1481,5.39,0.028,0.006,7,71.71,ISO9001,1,0
287,AMER,1239.73,85.99,7,32.31,0,5.69,900,4.29,0.04,0.015,17,78.77,None,1,0
287,AMER,1239.73,85.99,7,22.31,0,2.87,1273,4.93,0.045,0.006,14,66.1,ISO9001,1,0
287,AMER,1239.73,85.99,7,24.98,1,0.0,883,4.46,0.02,0.01,9,76.27,ISO9001,1,0
287,AMER,1239.73,85.99,7,25.82,1,0.0,1136,4.81,0.022,0.012,14,100.0,ISO9001,1,0
287,AMER,1239.73,85.99,7,23.01,1,0.0,852,5.36,0.054,0.004,1,87.8,ISO9001,0,0
287,AMER,1239.73,85.99,7,19.66,1,0.0,1044,5.59,0.0,0.024,42,78.11,ISO9001+ISO14001,0,0
287,AMER,1239.73,85.99,7,18.75,1,0.0,1058,4.24,0.037,0.0,0,71.07,ISO9001+ISO14001,1,0
287,AMER,1239.73,85.99,7,19.18,1,0.0,1587,5.96,0.052,0.01,10,83.48,ISO9001,1,0
287,AMER,1239.73,85.99,7,23.54,1,0.0,1163,4.99,0.031,0.006,10,98.9,ISO9001,1,0
287,AMER,1239.73,85.99,7,21.1,1,0.0,1267,5.46,0.01,0.005,7,76.92,ISO9001,1,0
287,AMER,1239.73,85.99,7,23.46,1,0.0,794,5.23,0.03,0.014,9,69.23,None,1,0
287,AMER,1239.73,85.99,7,21.91,1,0.0,1142,4.02,0.047,0.004,7,95.25,ISO9001,0,0
287,AMER,1239.73,85.99,7,19.95,1,0.0,1125,3.92,0.047,0.001,0,82.04,ISO9001,1,0
287,AMER,1239.73,85.99,7,24.86,1,0.0,1120,4.36,0.036,0.0,0,80.52,ISO9001,0,0
287,AMER,1239.73,85.99,7,18.53,1,0.0,1160,6.03,0.026,0.024,29,89.93,ISO9001+ISO14001,1,0
287,AMER,1239.73,85.99,7,22.63,1,0.0,1546,5.67,0.03,0.012,14,63.61,ISO9001+ISO14001,0,0
287,AMER,1239.73,85.99,7,22.61,1,0.0,762,4.33,0.013,0.005,3,90.57,ISO9001,1,0
287,AMER,1239.73,85.99,7,16.69,1,0.0,1032,4.99,0.028,0.026,26,83.94,ISO9001+ISO14001,1,0
287,AMER,1239.73,85.99,7,21.44,1,0.0,844,5.2,0.0,0.0,0,81.63,ISO9001,1,0
287,AMER,1239.73,85.99,7,22.46,0,4.49,1352,4.61,0.025,0.03,38,69.72,ISO9001,1,0
287,AMER,1239.73,85.99,7,21.39,1,0.0,1292,5.21,0.058,0.005,5,95.06,ISO9001+ISO14001,1,0
287,AMER,1239.73,85.99,7,25.77,1,0.0,1139,5.9,0.021,0.005,7,80.16,ISO9001,1,0
287,AMER,1239.73,85.99,7,24.33,1,0.0,994,5.03,0.026,0.001,3,85.1,ISO9001,1,0
287,AMER,1239.73,85.99,7,23.44,1,0.0,965,4.63,0.047,0.009,5,83.84,ISO9001,1,0
287,AMER,1239.73,85.99,7,19.64,1,0.0,810,5.63,0.029,0.003,3,61.32,ISO9001,1,0
287,AMER,1239.73,85.99,7,27.08,1,0.0,1062,5.88,0.023,0.006,9,84.55,None,0,0
287,AMER,1239.73,85.99,7,25.54,1,0.0,955,4.86,0.023,0.007,11,76.52,None,0,0
287,AMER,1239.73,85.99,7,25.97,1,0.0,730,5.08,0.032,0.008,7,83.4,ISO9001,0,0
287,AMER,1239.73,85.99,7,20.66,1,0.0,877,4.63,0.046,0.0,0,79.06,ISO9001,0,0
287,AMER,1239.73,85.99,7,19.85,1,0.0,1179,5.17,0.03,0.0,0,65.74,None,0,0
287,AMER,1239.73,85.99,7,22.1,1,0.0,1069,4.09,0.034,0.002,1,71.05,None,0,0
287,AMER,1239.73,85.99,7,22.56,0,2.65,1094,4.31,0.045,0.001,0,74.46,ISO9001,0,0
287,AMER,1239.73,85.99,7,16.04,1,0.0,786,5.68,0.015,0.055,34,78.15,None,0,0
287,AMER,1239.73,85.99,7,24.85,1,0.0,1482,4.82,0.016,0.001,0,67.28,ISO9001,1,0
287,AMER,1239.73,85.99,7,27.17,1,0.0,1275,4.59,0.044,0.0,0,84.53,ISO9001+ISO14001,1,0
287,AMER,1239.73,85.99,7,19.65,1,0.0,894,4.44,0.012,0.002,3,84.0,ISO9001,0,0
287,AMER,1239.73,85.99,7,14.1,1,0.0,609,6.0,0.048,0.018,12,73.24,ISO9001+ISO14001,1,0
287,AMER,1239.73,85.99,7,30.96,1,0.0,673,5.17,0.042,0.031,8,85.81,ISO9001,0,0
287,AMER,1239.73,85.99,7,26.61,0,3.78,687,4.3,0.018,0.002,2,72.03,None,0,0
287,AMER,1239.73,85.99,7,21.26,1,0.0,991,3.18,0.038,0.001,0,83.1,ISO9001+ISO14001,0,0
287,AMER,1239.73,85.99,7,19.68,1,0.0,921,4.31,0.042,0.021,9,72.58,ISO9001,1,0
287,AMER,1239.73,85.99,7,19.51,1,0.0,862,4.99,0.032,0.017,11,88.93,None,0,0
287,AMER,1239.73,85.99,7,24.71,1,0.0,936,5.43,0.007,0.009,8,61.79,None,0,0
287,AMER,1239.73,85.99,7,15.94,1,0.0,955,4.99,0.032,0.021,29,84.7,ISO9001+ISO14001,1,0
287,AMER,1239.73,85.99,7,23.65,1,0.0,1235,5.68,0.047,0.004,1,70.48,ISO9001,0,0
287,AMER,1239.73,85.99,7,24.33,1,0.0,810,4.77,0.082,0.0,0,90.61,None,0,0
287,AMER,1239.73,85.99,7,18.39,1,0.0,1000,5.73,0.017,0.016,17,87.42,ISO9001+ISO14001,1,0
287,AMER,1239.73,85.99,7,18.98,1,0.0,790,5.28,0.037,0.021,13,100.0,ISO9001,0,0
288,EMEA,1536.5,68.71,6,23.45,1,0.0,1321,5.55,0.035,0.025,39,83.83,None,1,0
288,EMEA,1536.5,68.71,6,21.25,1,0.0,519,4.68,0.056,0.02,11,93.23,ISO9001,1,0
288,EMEA,1536.5,68.71,6,21.08,1,0.0,1271,4.83,0.045,0.008,13,71.77,ISO9001+ISO14001,0,0
288,EMEA,1536.5,68.71,6,20.8,0,3.66,1068,4.44,0.042,0.014,18,76.21,ISO9001,0,0
288,EMEA,1536.5,68.71,6,23.79,1,0.0,624,4.7,0.033,0.026,16,73.76,ISO9001,1,0
288,EMEA,1536.5,68.71,6,21.27,1,0.0,828,5.51,0.062,0.028,21,76.72,None,0,0
288,EMEA,1536.5,68.71,6,27.42,1,0.0,985,4.5,0.026,0.027,28,63.27,None,0,0
288,EMEA,1536.5,68.71,6,28.32,1,0.0,1004,6.04,0.023,0.026,20,100.0,None,0,0
288,EMEA,1536.5,68.71,6,27.43,0,3.12,851,4.52,0.049,0.018,13,78.75,ISO9001,1,0
288,EMEA,1536.5,68.71,6,20.26,0,3.27,990,4.6,0.033,0.028,16,83.13,ISO9001,0,0
288,EMEA,1536.5,68.71,6,25.58,1,0.0,970,5.16,0.033,0.014,20,62.08,ISO9001,1,0
288,EMEA,1536.5,68.71,6,22.5,1,0.0,1232,5.69,0.058,0.0,0,85.54,ISO9001+ISO14001,0,0
288,EMEA,1536.5,68.71,6,23.6,1,0.0,1160,5.07,0.032,0.026,21,96.83,ISO9001,1,0
288,EMEA,1536.5,68.71,6,21.72,0,6.5,713,4.82,0.03,0.016,19,82.57,ISO9001,1,0
288,EMEA,1536.5,68.71,6,24.32,0,3.79,1337,5.65,0.045,0.014,20,88.18,None,0,0
288,EMEA,1536.5,68.71,6,19.61,1,0.0,1085,4.11,0.026,0.023,28,80.32,None,0,0
288,EMEA,1536.5,68.71,6,23.7,1,0.0,811,4.61,0.039,0.009,8,86.57,None,0,0
288,EMEA,1536.5,68.71,6,26.37,1,0.0,932,4.99,0.041,0.016,16,62.1,None,0,0
288,EMEA,1536.5,68.71,6,24.92,1,0.0,886,5.92,0.018,0.011,15,80.81,None,0,0
288,EMEA,1536.5,68.71,6,28.08,1,0.0,1055,4.54,0.031,0.006,10,82.05,ISO9001,1,0
288,EMEA,1536.5,68.71,6,22.63,1,0.0,1247,3.97,0.033,0.018,21,68.87,ISO9001,0,0
288,EMEA,1536.5,68.71,6,23.69,1,0.0,963,5.26,0.024,0.017,25,66.49,ISO9001,0,0
288,EMEA,1536.5,68.71,6,23.6,1,0.0,1309,5.0,0.024,0.024,26,80.45,None,0,0
288,EMEA,1536.5,68.71,6,22.09,1,0.0,786,5.58,0.06,0.0,0,68.24,None,1,0
288,EMEA,1536.5,68.71,6,22.32,1,0.0,1064,4.76,0.057,0.003,6,74.16,ISO9001,0,0
288,EMEA,1536.5,68.71,6,21.76,1,0.0,827,4.74,0.048,0.015,11,77.82,None,0,0
288,EMEA,1536.5,68.71,6,22.32,1,0.0,1043,5.51,0.027,0.018,23,73.03,None,0,0
288,EMEA,1536.5,68.71,6,21.71,1,0.0,1355,4.64,0.034,0.017,20,97.36,ISO9001,1,0
288,EMEA,1536.5,68.71,6,24.74,0,6.24,1151,5.72,0.075,0.027,25,71.15,ISO9001+ISO14001,0,0
288,EMEA,1536.5,68.71,6,23.12,1,0.0,913,5.11,0.034,0.014,10,64.3,ISO9001,1,0
288,EMEA,1536.5,68.71,6,28.6,0,4.27,756,5.21,0.009,0.017,15,80.14,ISO9001+ISO14001,0,0
288,EMEA,1536.5,68.71,6,18.34,1,0.0,1289,4.51,0.038,0.022,27,73.19,None,0,0
288,EMEA,1536.5,68.71,6,24.0,0,4.19,1013,4.42,0.018,0.021,16,59.39,ISO9001,1,0
288,EMEA,1536.5,68.71,6,22.29,1,0.0,1095,4.64,0.037,0.019,18,81.8,None,0,0
288,EMEA,1536.5,68.71,6,27.39,1,0.0,1382,4.13,0.063,0.02,25,85.86,None,0,0
288,EMEA,1536.5,68.71,6,24.52,1,0.0,648,5.01,0.0,0.008,8,82.03,ISO9001,1,0
288,EMEA,1536.5,68.71,6,27.35,1,0.0,785,5.81,0.026,0.021,16,71.36,None,1,0
288,EMEA,1536.5,68.71,6,28.33,1,0.0,911,4.64,0.054,0.018,18,80.29,ISO9001+ISO14001,1,0
288,EMEA,1536.5,68.71,6,25.85,0,5.49,1045,5.87,0.055,0.01,12,91.35,ISO9001,1,0
288,EMEA,1536.5,68.71,6,23.5,1,0.0,1053,4.84,0.039,0.016,16,71.53,ISO9001,0,0
288,EMEA,1536.5,68.71,6,24.9,1,0.0,874,4.49,0.065,0.016,17,71.6,ISO9001,1,0
288,EMEA,1536.5,68.71,6,27.48,1,0.0,969,4.65,0.015,0.027,22,79.45,ISO9001,1,0
288,EMEA,1536.5,68.71,6,26.41,1,0.0,749,4.81,0.038,0.021,12,75.15,None,0,0
288,EMEA,1536.5,68.71,6,26.96,1,0.0,881,3.98,0.056,0.0,0,66.41,ISO9001,0,0
288,EMEA,1536.5,68.71,6,26.57,1,0.0,975,4.11,0.012,0.019,27,86.6,ISO9001,1,0
288,EMEA,1536.5,68.71,6,23.61,1,0.0,863,6.03,0.04,0.016,9,66.2,ISO9001,1,0
288,EMEA,1536.5,68.71,6,22.29,0,6.62,621,5.0,0.034,0.033,16,76.46,None,0,0
288,EMEA,1536.5,68.71,6,19.12,1,0.0,1222,5.17,0.024,0.014,12,59.41,ISO9001+ISO14001,1,0
288,EMEA,1536.5,68.71,6,23.58,1,0.0,651,5.02,0.011,0.011,8,92.85,None,0,0
288,EMEA,1536.5,68.71,6,23.9,1,0.0,1335,4.91,0.052,0.005,6,49.41,ISO9001,1,0
288,EMEA,1536.5,68.71,6,23.03,1,0.0,1110,5.41,0.0,0.012,15,71.77,None,1,0
288,EMEA,1536.5,68.71,6,25.78,0,6.43,528,4.6,0.007,0.016,6,84.93,ISO9001,0,0
288,EMEA,1536.5,68.71,6,22.33,1,0.0,1056,3.91,0.059,0.009,11,62.08,ISO9001,1,0
288,EMEA,1536.5,68.71,6,24.81,1,0.0,920,5.5,0.04,0.021,10,94.81,ISO9001+ISO14001,0,0
289,EMEA,2205.0,68.01,7,25.89,1,0.0,1109,4.72,0.044,0.013,16,95.49,ISO9001,1,0
289,EMEA,2205.0,68.01,7,32.92,1,0.0,926,4.25,0.043,0.018,16,85.34,ISO9001+ISO14001,0,0
289,EMEA,2205.0,68.01,7,24.32,1,0.0,925,5.01,0.036,0.005,10,84.73,ISO9001,1,0
289,EMEA,2205.0,68.01,7,32.2,1,0.0,1039,4.96,0.034,0.018,20,83.44,ISO9001,0,0
289,EMEA,2205.0,68.01,7,27.88,1,0.0,1006,4.99,0.024,0.015,10,77.18,None,0,0
289,EMEA,2205.0,68.01,7,27.96,1,0.0,906,5.08,0.0,0.011,13,80.18,ISO9001+ISO14001,1,0
289,EMEA,2205.0,68.01,7,25.36,1,0.0,1266,5.22,0.037,0.018,25,91.55,ISO9001+ISO14001,0,0
289,EMEA,2205.0,68.01,7,28.99,0,5.31,1049,5.51,0.004,0.002,3,80.6,ISO9001,1,0
289,EMEA,2205.0,68.01,7,27.6,0,4.48,1072,4.02,0.016,0.015,18,72.73,ISO9001+ISO14001,0,0
289,EMEA,2205.0,68.01,7,32.46,1,0.0,575,4.38,0.045,0.0,0,71.62,None,0,0
289,EMEA,2205.0,68.01,7,27.7,0,4.97,918,4.91,0.02,0.008,7,85.57,ISO9001+ISO14001,0,0
289,EMEA,2205.0,68.01,7,28.15,1,0.0,735,6.28,0.058,0.001,0,84.54,ISO9001+ISO14001,1,0
289,EMEA,2205.0,68.01,7,27.42,1,0.0,786,5.41,0.059,0.009,6,82.03,ISO9001,0,0
289,EMEA,2205.0,68.01,7,25.37,1,0.0,1211,4.77,0.0,0.03,37,80.76,None,0,0
289,EMEA,2205.0,68.01,7,26.22,1,0.0,1102,5.13,0.058,0.014,20,78.42,ISO9001,1,0
289,EMEA,2205.0,68.01,7,25.69,1,0.0,1136,4.83,0.039,0.006,5,84.34,ISO9001,1,0
289,EMEA,2205.0,68.01,7,29.58,1,0.0,1359,5.5,0.028,0.014,20,100.0,ISO9001,1,0
289,EMEA,2205.0,68.01,7,18.88,1,0.0,1262,6.38,0.038,0.004,2,94.82,ISO9001,0,0
289,EMEA,2205.0,68.01,7,25.76,1,0.0,748,5.23,0.034,0.023,15,89.46,ISO9001,1,0
289,EMEA,2205.0,68.01,7,31.77,1,0.0,1257,4.39,0.03,0.018,17,80.56,ISO9001,1,0
289,EMEA,2205.0,68.01,7,24.04,1,0.0,1368,5.76,0.023,0.008,11,89.83,ISO9001,0,0
289,EMEA,2205.0,68.01,7,26.1,1,0.0,748,5.1,0.013,0.02,9,89.09,ISO9001+ISO14001,1,0
289,EMEA,2205.0,68.01,7,26.79,1,0.0,1081,5.06,0.037,0.009,5,85.2,ISO9001,1,0
289,EMEA,2205.0,68.01,7,29.04,1,0.0,756,4.7,0.0,0.014,7,90.57,None,0,0
289,EMEA,2205.0,68.01,7,23.72,1,0.0,658,4.25,0.04,0.015,9,86.8,ISO9001,1,0
289,EMEA,2205.0,68.01,7,22.96,1,0.0,582,4.61,0.045,0.031,17,74.88,None,0,0
289,EMEA,2205.0,68.01,7,25.78,1,0.0,845,5.01,0.049,0.022,18,77.94,None,0,0
289,EMEA,2205.0,68.01,7,26.46,1,0.0,1263,5.12,0.005,0.033,40,84.15,ISO9001,1,0
289,EMEA,2205.0,68.01,7,29.73,1,0.0,1432,5.27,0.011,0.02,26,94.87,ISO9001+ISO14001,1,0
289,EMEA,2205.0,68.01,7,27.59,1,0.0,1151,5.12,0.023,0.002,4,62.34,ISO9001,0,0
289,EMEA,2205.0,68.01,7,23.68,1,0.0,918,4.86,0.037,0.0,0,100.0,ISO9001+ISO14001,0,0
290,APAC,3440.78,53.19,6,29.9,1,0.0,1097,4.95,0.051,0.009,8,100.0,ISO9001,0,0
290,APAC,3440.78,53.19,6,31.77,1,0.0,782,6.09,0.009,0.011,12,72.06,ISO9001,1,0
290,APAC,3440.78,53.19,6,33.49,1,0.0,1308,4.84,0.054,0.015,19,73.89,ISO9001,1,0
290,APAC,3440.78,53.19,6,25.81,1,0.0,1166,4.2,0.026,0.008,11,87.09,ISO9001,1,0
290,APAC,3440.78,53.19,6,30.85,1,0.0,1158,5.37,0.029,0.02,20,79.58,ISO9001+ISO14001,0,0
290,APAC,3440.78,53.19,6,25.76,0,5.96,1105,5.2,0.056,0.018,13,85.99,ISO9001,1,0
290,APAC,3440.78,53.19,6,34.95,1,0.0,1368,4.91,0.037,0.011,12,78.44,ISO9001+ISO14001,0,0
290,APAC,3440.78,53.19,6,24.63,1,0.0,1304,4.84,0.038,0.01,11,66.85,ISO9001,1,0
290,APAC,3440.78,53.19,6,31.65,0,7.43,1212,5.57,0.04,0.011,13,77.15,ISO9001+ISO14001,0,0
290,APAC,3440.78,53.19,6,35.95,1,0.0,810,4.31,0.019,0.006,1,83.15,ISO9001,1,0
290,APAC,3440.78,53.19,6,34.87,1,0.0,866,5.11,0.035,0.009,13,63.28,None,0,0
290,APAC,3440.78,53.19,6,34.55,0,5.67,801,4.62,0.069,0.007,10,58.95,ISO9001+ISO14001,0,1
290,APAC,3440.78,53.19,6,30.9,1,0.0,1107,4.72,0.078,0.022,31,79.88,None,0,0
290,APAC,3440.78,53.19,6,32.61,0,7.37,1253,6.11,0.022,0.007,11,72.0,None,0,0
290,APAC,3440.78,53.19,6,30.95,1,0.0,670,5.4,0.033,0.021,12,100.0,ISO9001,0,0
290,APAC,3440.78,53.19,6,29.5,1,0.0,987,4.29,0.065,0.016,16,62.65,ISO9001,0,0
290,APAC,3440.78,53.19,6,35.27,1,0.0,1236,4.21,0.059,0.032,44,72.05,ISO9001+ISO14001,1,0
290,APAC,3440.78,53.19,6,33.14,1,0.0,612,4.81,0.01,0.012,4,73.25,ISO9001,1,0
290,APAC,3440.78,53.19,6,32.16,1,0.0,1440,5.02,0.038,0.017,28,69.58,ISO9001,1,0
290,APAC,3440.78,53.19,6,35.99,1,0.0,941,4.73,0.02,0.011,6,88.78,ISO9001,1,0
290,APAC,3440.78,53.19,6,31.17,1,0.0,697,5.31,0.028,0.029,16,75.08,None,0,0
290,APAC,3440.78,53.19,6,33.58,1,0.0,1030,5.83,0.018,0.013,19,82.51,ISO9001+ISO14001,1,0
290,APAC,3440.78,53.19,6,29.01,1,0.0,1413,4.7,0.052,0.0,0,89.68,None,0,0
290,APAC,3440.78,53.19,6,33.29,1,0.0,719,4.8,0.052,0.007,9,82.78,ISO9001,0,0
290,APAC,3440.78,53.19,6,39.78,1,0.0,1260,5.49,0.04,0.0,0,70.58,ISO9001,0,0
290,APAC,3440.78,53.19,6,30.95,1,0.0,1087,5.57,0.047,0.01,12,58.65,ISO9001,1,0
290,APAC,3440.78,53.19,6,30.87,1,0.0,686,4.83,0.022,0.004,3,73.48,ISO9001,0,0
290,APAC,3440.78,53.19,6,36.67,1,0.0,970,5.21,0.02,0.007,9,76.71,None,1,0
290,APAC,3440.78,53.19,6,30.18,1,0.0,642,5.45,0.034,0.027,12,78.59,None,0,0
290,APAC,3440.78,53.19,6,34.83,1,0.0,1284,4.96,0.058,0.025,36,59.3,ISO9001,0,0
290,APAC,3440.78,53.19,6,35.01,1,0.0,812,5.34,0.055,0.022,16,84.86,ISO9001+ISO14001,0,0
290,APAC,3440.78,53.19,6,35.09,1,0.0,1269,4.32,0.034,0.011,14,91.49,None,0,0
290,APAC,3440.78,53.19,6,30.64,0,3.79,598,5.0,0.026,0.006,4,77.85,ISO9001,0,0
291,AMER,1159.24,85.43,11,27.79,1,0.0,1104,4.78,0.086,0.0,0,80.17,ISO9001,0,0
291,AMER,1159.24,85.43,11,23.0,0,1.21,904,6.3,0.026,0.0,0,89.98,None,0,0
291,AMER,1159.24,85.43,11,23.94,1,0.0,658,4.63,0.043,0.011,9,79.52,None,0,0
291,AMER,1159.24,85.43,11,20.7,1,0.0,889,4.57,0.027,0.0,0,81.45,ISO9001+ISO14001,0,0
291,AMER,1159.24,85.43,11,19.66,1,0.0,1387,5.82,0.045,0.009,13,83.06,ISO9001,1,0
291,AMER,1159.24,85.43,11,25.04,1,0.0,1055,4.93,0.019,0.014,18,71.97,ISO9001+ISO14001,1,0
291,AMER,1159.24,85.43,11,16.67,1,0.0,1345,4.65,0.032,0.016,20,52.38,ISO9001,0,0
291,AMER,1159.24,85.43,11,26.09,1,0.0,728,4.32,0.031,0.009,9,72.24,None,0,0
291,AMER,1159.24,85.43,11,23.42,0,4.66,873,4.94,0.025,0.011,11,87.73,None,0,0
291,AMER,1159.24,85.43,11,21.09,1,0.0,841,5.86,0.027,0.013,10,100.0,ISO9001+ISO14001,1,0
291,AMER,1159.24,85.43,11,21.26,1,0.0,964,5.41,0.025,0.004,6,85.97,ISO9001,0,0
291,AMER,1159.24,85.43,11,25.59,1,0.0,744,4.66,0.021,0.004,3,82.42,ISO9001,0,0
291,AMER,1159.24,85.43,11,24.71,1,0.0,882,3.51,0.023,0.009,5,93.68,ISO9001,1,0
291,AMER,1159.24,85.43,11,25.2,1,0.0,897,3.99,0.049,0.005,5,84.94,ISO9001,0,0
291,AMER,1159.24,85.43,11,29.28,1,0.0,877,6.06,0.003,0.024,26,89.99,ISO9001,1,0
291,AMER,1159.24,85.43,11,22.93,1,0.0,1174,5.38,0.047,0.02,22,74.83,None,0,0
291,AMER,1159.24,85.43,11,26.23,1,0.0,448,5.8,0.032,0.017,7,82.87,None,0,0
291,AMER,1159.24,85.43,11,24.99,1,0.0,938,3.96,0.046,0.008,7,74.72,ISO9001,1,0
291,AMER,1159.24,85.43,11,24.55,1,0.0,831,4.19,0.037,0.002,0,87.69,None,0,0
291,AMER,1159.24,85.43,11,23.44,1,0.0,694,5.88,0.011,0.024,18,69.59,ISO9001,0,0
291,AMER,1159.24,85.43,11,26.26,1,0.0,1202,3.91,0.032,0.018,13,96.47,ISO9001,1,0
291,AMER,1159.24,85.43,11,19.59,0,2.53,1012,5.58,0.029,0.014,16,91.43,None,0,0
291,AMER,1159.24,85.43,11,21.4,1,0.0,1418,4.8,0.047,0.003,6,98.73,ISO9001,1,0
291,AMER,1159.24,85.43,11,25.07,1,0.0,872,5.32,0.023,0.005,6,51.83,ISO9001,1,0
291,AMER,1159.24,85.43,11,27.45,1,0.0,1347,4.21,0.035,0.019,29,69.63,ISO9001,1,0
291,AMER,1159.24,85.43,11,25.71,1,0.0,851,4.91,0.045,0.0,0,79.35,ISO9001,1,0
291,AMER,1159.24,85.43,11,18.97,1,0.0,1263,4.87,0.029,0.003,4,73.9,ISO9001,1,0
291,AMER,1159.24,85.43,11,29.31,1,0.0,1021,6.02,0.025,0.0,0,87.98,None,0,0
291,AMER,1159.24,85.43,11,22.6,1,0.0,1057,5.68,0.0,0.012,8,78.0,ISO9001,0,0
291,AMER,1159.24,85.43,11,26.82,1,0.0,884,4.72,0.017,0.0,0,51.76,None,0,0
291,AMER,1159.24,85.43,11,21.72,1,0.0,635,4.4,0.03,0.015,9,89.59,ISO9001,1,0
291,AMER,1159.24,85.43,11,25.49,1,0.0,962,6.33,0.008,0.012,15,66.64,ISO9001,1,0
291,AMER,1159.24,85.43,11,20.95,1,0.0,1391,5.12,0.009,0.008,10,81.31,ISO9001,0,0
291,AMER,1159.24,85.43,11,19.63,1,0.0,1201,4.1,0.013,0.01,9,68.77,ISO9001,0,0
291,AMER,1159.24,85.43,11,28.1,1,0.0,847,4.5,0.03,0.0,0,72.52,ISO9001,1,0
291,AMER,1159.24,85.43,11,27.3,1,0.0,737,5.57,0.063,0.014,10,65.3,ISO9001,1,0
291,AMER,1159.24,85.43,11,22.0,1,0.0,1241,4.8,0.02,0.02,20,73.09,ISO9001,0,0
291,AMER,1159.24,85.43,11,20.1,1,0.0,1059,4.73,0.008,0.015,13,79.47,ISO9001,0,0
291,AMER,1159.24,85.43,11,22.7,1,0.0,665,5.63,0.057,0.0,0,84.83,ISO9001,0,0
291,AMER,1159.24,85.43,11,23.94,1,0.0,1129,5.82,0.031,0.0,0,77.46,None,0,0
291,AMER,1159.24,85.43,11,18.34,1,0.0,836,5.02,0.061,0.004,4,68.77,ISO9001+ISO14001,0,0
291,AMER,1159.24,85.43,11,20.98,1,0.0,841,5.03,0.039,0.016,14,71.13,ISO9001,0,0
291,AMER,1159.24,85.43,11,23.11,1,0.0,1296,4.43,0.007,0.013,8,83.93,ISO9001,1,0
291,AMER,1159.24,85.43,11,19.52,1,0.0,1259,4.87,0.022,0.019,24,80.44,None,0,0
291,AMER,1159.24,85.43,11,33.72,1,0.0,1199,5.31,0.004,0.006,5,82.73,ISO9001,1,0
291,AMER,1159.24,85.43,11,18.66,1,0.0,1200,5.93,0.025,0.0,0,88.3,None,0,0
291,AMER,1159.24,85.43,11,21.57,1,0.0,962,5.03,0.036,0.014,12,84.81,None,0,0
292,EMEA,2204.03,87.15,5,26.6,1,0.0,859,4.94,0.029,0.006,5,77.14,None,0,0
292,EMEA,2204.03,87.15,5,26.45,1,0.0,1111,4.88,0.047,0.019,22,72.02,None,0,0
292,EMEA,2204.03,87.15,5,25.19,1,0.0,865,5.19,0.042,0.018,12,68.09,ISO9001,1,0
292,EMEA,2204.03,87.15,5,27.78,1,0.0,684,4.17,0.049,0.015,9,73.78,None,1,0
292,EMEA,2204.03,87.15,5,25.88,0,7.25,695,4.53,0.016,0.01,7,79.52,ISO9001,0,0
292,EMEA,2204.03,87.15,5,24.99,1,0.0,1146,6.51,0.004,0.013,8,90.06,None,0,0
292,EMEA,2204.03,87.15,5,25.94,0,2.97,1230,4.56,0.024,0.019,28,62.71,ISO9001,1,0
292,EMEA,2204.03,87.15,5,23.95,1,0.0,992,5.02,0.026,0.014,9,78.49,ISO9001,0,0
292,EMEA,2204.03,87.15,5,23.02,1,0.0,1326,5.13,0.041,0.029,44,73.22,ISO9001,0,0
292,EMEA,2204.03,87.15,5,24.21,1,0.0,1023,4.95,0.007,0.022,26,62.75,ISO9001+ISO14001,0,0
292,EMEA,2204.03,87.15,5,25.79,1,0.0,555,4.62,0.065,0.032,20,89.9,ISO9001,1,0
292,EMEA,2204.03,87.15,5,25.98,1,0.0,1121,5.37,0.012,0.015,22,90.19,ISO9001+ISO14001,1,0
292,EMEA,2204.03,87.15,5,28.63,1,0.0,872,3.92,0.033,0.016,13,62.44,ISO9001+ISO14001,0,0
292,EMEA,2204.03,87.15,5,26.26,1,0.0,1394,5.37,0.022,0.007,9,100.0,ISO9001+ISO14001,0,0
292,EMEA,2204.03,87.15,5,23.17,1,0.0,607,3.85,0.009,0.017,5,61.22,None,0,0
292,EMEA,2204.03,87.15,5,31.64,1,0.0,1206,4.75,0.015,0.016,22,75.45,ISO9001,0,0
292,EMEA,2204.03,87.15,5,29.02,1,0.0,814,5.89,0.035,0.026,22,81.34,ISO9001,0,0
292,EMEA,2204.03,87.15,5,27.43,1,0.0,979,4.47,0.017,0.018,19,75.35,ISO9001,1,0
292,EMEA,2204.03,87.15,5,28.49,1,0.0,948,5.76,0.044,0.034,32,75.36,None,0,0
292,EMEA,2204.03,87.15,5,24.17,1,0.0,1287,3.98,0.073,0.01,11,79.68,ISO9001,1,0
292,EMEA,2204.03,87.15,5,23.83,1,0.0,786,5.49,0.035,0.015,13,84.42,ISO9001,1,0
292,EMEA,2204.03,87.15,5,26.95,1,0.0,1691,5.03,0.034,0.005,6,94.32,ISO9001,0,0
292,EMEA,2204.03,87.15,5,33.58,1,0.0,1323,4.36,0.024,0.029,36,71.9,ISO9001+ISO14001,1,0
292,EMEA,2204.03,87.15,5,28.23,1,0.0,1066,5.17,0.113,0.013,16,77.24,None,0,0
292,EMEA,2204.03,87.15,5,29.95,1,0.0,1107,4.39,0.053,0.012,10,85.51,None,0,0
292,EMEA,2204.03,87.15,5,26.81,0,4.64,899,3.91,0.066,0.009,13,82.23,ISO9001,1,0
292,EMEA,2204.03,87.15,5,20.16,1,0.0,662,4.64,0.006,0.002,1,84.02,ISO9001+ISO14001,1,0
292,EMEA,2204.03,87.15,5,25.81,1,0.0,1215,4.88,0.004,0.023,36,84.32,ISO9001,0,0
292,EMEA,2204.03,87.15,5,25.02,1,0.0,1325,4.78,0.049,0.013,15,88.53,None,0,0
292,EMEA,2204.03,87.15,5,22.3,1,0.0,1301,4.82,0.014,0.007,16,69.99,ISO9001,1,0
292,EMEA,2204.03,87.15,5,22.84,0,2.44,1203,4.64,0.052,0.006,4,68.04,ISO9001+ISO14001,1,0
292,EMEA,2204.03,87.15,5,25.99,0,4.4,1108,4.86,0.011,0.021,17,66.9,ISO9001+ISO14001,1,0
292,EMEA,2204.03,87.15,5,28.84,0,5.44,1471,4.96,0.013,0.0,0,85.43,ISO9001,1,0
292,EMEA,2204.03,87.15,5,24.84,1,0.0,533,6.12,0.036,0.012,7,96.4,ISO9001+ISO14001,1,0
292,EMEA,2204.03,87.15,5,28.3,1,0.0,718,5.59,0.046,0.014,14,79.81,None,0,0
292,EMEA,2204.03,87.15,5,25.49,1,0.0,1002,5.22,0.066,0.019,24,84.66,ISO9001+ISO14001,1,0
292,EMEA,2204.03,87.15,5,22.02,1,0.0,1541,5.4,0.038,0.022,46,74.25,ISO9001,1,0
292,EMEA,2204.03,87.15,5,26.24,1,0.0,509,5.92,0.036,0.014,6,70.05,ISO9001,1,0
292,EMEA,2204.03,87.15,5,24.85,1,0.0,1078,4.77,0.035,0.016,24,76.25,None,1,0
292,EMEA,2204.03,87.15,5,22.92,1,0.0,718,5.19,0.054,0.022,12,69.63,ISO9001+ISO14001,1,0
292,EMEA,2204.03,87.15,5,24.59,1,0.0,1041,5.04,0.006,0.013,18,84.99,ISO9001+ISO14001,0,0
292,EMEA,2204.03,87.15,5,24.05,1,0.0,1226,5.82,0.018,0.023,32,57.87,None,0,0
292,EMEA,2204.03,87.15,5,25.1,1,0.0,1113,5.03,0.04,0.012,10,71.16,ISO9001,1,0
292,EMEA,2204.03,87.15,5,28.83,1,0.0,862,4.7,0.0,0.007,4,78.27,ISO9001,0,0
292,EMEA,2204.03,87.15,5,27.68,1,0.0,809,4.85,0.001,0.015,12,77.84,ISO9001,0,0
292,EMEA,2204.03,87.15,5,26.83,1,0.0,667,5.26,0.025,0.011,7,72.14,ISO9001,1,0
292,EMEA,2204.03,87.15,5,25.45,1,0.0,699,4.75,0.044,0.012,4,70.52,ISO9001,1,0
292,EMEA,2204.03,87.15,5,24.53,1,0.0,662,4.49,0.076,0.014,10,73.78,None,0,0
292,EMEA,2204.03,87.15,5,23.84,1,0.0,1387,4.08,0.008,0.014,21,71.81,ISO9001+ISO14001,1,0
292,EMEA,2204.03,87.15,5,21.73,1,0.0,723,4.45,0.098,0.008,3,74.76,ISO9001,1,0
292,EMEA,2204.03,87.15,5,25.88,1,0.0,1498,5.85,0.012,0.027,28,64.49,None,1,0
292,EMEA,2204.03,87.15,5,22.85,0,2.58,753,4.96,0.047,0.021,12,97.45,ISO9001+ISO14001,0,0
292,EMEA,2204.03,87.15,5,27.25,1,0.0,1054,5.37,0.051,0.017,21,95.32,None,0,0
292,EMEA,2204.03,87.15,5,28.1,0,5.38,725,4.12,0.052,0.014,16,72.65,None,0,0
292,EMEA,2204.03,87.15,5,27.63,1,0.0,754,5.16,0.015,0.017,13,73.77,None,0,0
292,EMEA,2204.03,87.15,5,28.61,1,0.0,856,6.27,0.025,0.02,24,82.91,None,0,0
293,EMEA,2238.94,66.09,6,25.81,1,0.0,1319,4.29,0.014,0.0,0,83.06,ISO9001+ISO14001,1,0
293,EMEA,2238.94,66.09,6,24.93,1,0.0,1293,4.81,0.04,0.001,2,93.55,None,0,0
293,EMEA,2238.94,66.09,6,20.27,1,0.0,906,5.34,0.037,0.011,7,94.18,ISO9001,0,0
293,EMEA,2238.94,66.09,6,25.33,1,0.0,1022,5.68,0.01,0.02,18,49.53,ISO9001,0,0
293,EMEA,2238.94,66.09,6,25.78,0,2.72,898,6.02,0.053,0.018,9,77.12,None,0,0
293,EMEA,2238.94,66.09,6,27.12,1,0.0,1095,4.75,0.069,0.0,0,81.07,ISO9001,1,0
293,EMEA,2238.94,66.09,6,24.13,1,0.0,1482,4.91,0.026,0.019,32,65.34,ISO9001,1,0
293,EMEA,2238.94,66.09,6,29.51,1,0.0,1254,6.62,0.031,0.017,25,74.33,ISO9001,0,0
293,EMEA,2238.94,66.09,6,28.98,1,0.0,959,4.55,0.031,0.014,15,72.31,None,0,0
293,EMEA,2238.94,66.09,6,27.5,1,0.0,1221,4.69,0.018,0.026,29,67.11,None,0,0
293,EMEA,2238.94,66.09,6,21.73,0,1.55,1090,5.06,0.008,0.009,13,61.27,None,1,0
293,EMEA,2238.94,66.09,6,30.7,1,0.0,1043,5.47,0.04,0.019,23,67.27,ISO9001,1,0
293,EMEA,2238.94,66.09,6,23.62,1,0.0,956,5.18,0.031,0.026,29,75.83,None,0,0
293,EMEA,2238.94,66.09,6,27.76,1,0.0,720,5.27,0.039,0.015,9,80.48,ISO9001,1,0
293,EMEA,2238.94,66.09,6,23.5,1,0.0,1328,5.53,0.009,0.009,11,100.0,None,0,0
293,EMEA,2238.94,66.09,6,28.32,1,0.0,589,4.69,0.008,0.004,5,66.67,ISO9001,0,0
293,EMEA,2238.94,66.09,6,30.69,1,0.0,1232,5.06,0.018,0.035,47,71.56,ISO9001,0,0
293,EMEA,2238.94,66.09,6,29.44,0,4.06,1092,5.9,0.053,0.019,22,69.09,ISO9001,1,0
293,EMEA,2238.94,66.09,6,26.56,1,0.0,1699,5.5,0.022,0.026,47,70.18,ISO9001,1,0
294,EMEA,2360.45,57.55,2,24.14,1,0.0,1172,5.9,0.009,0.025,35,77.77,ISO9001+ISO14001,1,0
294,EMEA,2360.45,57.55,2,29.98,0,11.48,922,4.84,0.022,0.027,25,58.92,ISO9001,0,0
294,EMEA,2360.45,57.55,2,22.94,1,0.0,1220,5.91,0.054,0.029,28,84.21,None,0,0
294,EMEA,2360.45,57.55,2,25.88,1,0.0,1021,5.96,0.05,0.026,21,83.2,ISO9001+ISO14001,1,0
294,EMEA,2360.45,57.55,2,28.64,1,0.0,879,5.08,0.032,0.032,18,60.03,None,0,0
294,EMEA,2360.45,57.55,2,26.6,0,4.05,1267,4.46,0.022,0.019,26,67.99,ISO9001,1,0
294,EMEA,2360.45,57.55,2,25.88,1,0.0,808,5.02,0.064,0.013,10,76.0,ISO9001,1,0
294,EMEA,2360.45,57.55,2,24.78,1,0.0,1131,5.74,0.016,0.029,34,81.56,ISO9001,1,0
294,EMEA,2360.45,57.55,2,29.52,1,0.0,1254,4.81,0.044,0.01,14,82.05,None,0,0
294,EMEA,2360.45,57.55,2,26.7,1,0.0,1101,5.11,0.022,0.048,51,69.14,None,0,0
294,EMEA,2360.45,57.55,2,25.75,1,0.0,1302,4.41,0.04,0.014,18,56.51,ISO9001,1,0
294,EMEA,2360.45,57.55,2,26.47,1,0.0,881,4.86,0.049,0.025,22,77.6,ISO9001,1,0
294,EMEA,2360.45,57.55,2,31.73,1,0.0,717,5.24,0.042,0.025,16,69.52,ISO9001,1,0
294,EMEA,2360.45,57.55,2,27.79,1,0.0,1249,4.38,0.039,0.029,47,75.84,ISO9001+ISO14001,0,0
294,EMEA,2360.45,57.55,2,27.75,1,0.0,1047,4.35,0.038,0.024,37,60.08,ISO9001,1,0
294,EMEA,2360.45,57.55,2,29.61,1,0.0,1434,5.24,0.048,0.021,28,67.86,ISO9001,0,0
294,EMEA,2360.45,57.55,2,27.85,0,4.9,754,4.19,0.04,0.009,5,60.74,None,0,0
294,EMEA,2360.45,57.55,2,26.93,1,0.0,999,5.48,0.022,0.04,33,89.66,ISO9001,1,0
295,APAC,3815.62,67.52,3,36.88,1,0.0,963,6.71,0.038,0.021,20,67.11,ISO9001,1,0
295,APAC,3815.62,67.52,3,30.24,0,7.19,981,4.63,0.035,0.025,24,65.82,None,0,0
295,APAC,3815.62,67.52,3,35.74,1,0.0,942,5.26,0.028,0.036,34,74.17,ISO9001,1,0
295,APAC,3815.62,67.52,3,30.55,1,0.0,690,5.39,0.026,0.017,13,66.56,ISO9001,1,0
295,APAC,3815.62,67.52,3,27.59,0,3.99,1614,5.85,0.025,0.016,19,86.22,ISO9001,1,0
295,APAC,3815.62,67.52,3,36.33,1,0.0,1231,5.9,0.032,0.022,31,64.98,ISO9001+ISO14001,1,0
295,APAC,3815.62,67.52,3,31.55,0,6.24,1070,4.59,0.05,0.021,11,76.63,ISO9001,0,0
295,APAC,3815.62,67.52,3,34.57,1,0.0,606,5.03,0.055,0.028,17,80.84,ISO9001,1,0
295,APAC,3815.62,67.52,3,38.96,1,0.0,1083,5.14,0.018,0.041,46,73.81,ISO9001,1,0
295,APAC,3815.62,67.52,3,30.54,1,0.0,854,4.81,0.053,0.026,15,68.04,None,0,0
295,APAC,3815.62,67.52,3,31.36,1,0.0,1205,4.96,0.049,0.024,27,60.67,ISO9001,0,0
295,APAC,3815.62,67.52,3,31.99,1,0.0,884,4.88,0.023,0.019,26,78.97,ISO9001,0,0
295,APAC,3815.62,67.52,3,38.62,1,0.0,833,5.07,0.0,0.003,1,78.01,ISO9001,1,0
295,APAC,3815.62,67.52,3,31.73,1,0.0,1361,4.47,0.048,0.032,41,52.44,ISO9001,1,0
295,APAC,3815.62,67.52,3,26.3,1,0.0,1262,6.05,0.032,0.029,31,84.13,ISO9001,1,0
295,APAC,3815.62,67.52,3,27.43,1,0.0,683,4.17,0.041,0.033,28,73.06,ISO9001+ISO14001,0,0
295,APAC,3815.62,67.52,3,26.84,1,0.0,1016,5.52,0.018,0.022,21,54.85,ISO9001,1,0
295,APAC,3815.62,67.52,3,35.44,1,0.0,940,5.4,0.032,0.017,19,97.53,ISO9001,1,0
295,APAC,3815.62,67.52,3,32.99,1,0.0,829,5.12,0.036,0.031,21,76.58,ISO9001,1,0
295,APAC,3815.62,67.52,3,26.99,1,0.0,869,4.8,0.047,0.028,17,83.16,None,1,0
295,APAC,3815.62,67.52,3,31.58,1,0.0,927,4.86,0.06,0.029,21,82.18,ISO9001,1,0
295,APAC,3815.62,67.52,3,35.57,1,0.0,978,4.84,0.027,0.029,37,72.68,ISO9001,1,0
295,APAC,3815.62,67.52,3,31.63,1,0.0,760,5.35,0.061,0.015,15,59.85,None,1,0
295,APAC,3815.62,67.52,3,34.28,1,0.0,927,4.73,0.0,0.017,14,70.94,None,0,0
295,APAC,3815.62,67.52,3,30.79,1,0.0,513,4.57,0.043,0.018,12,74.98,ISO9001,1,0
295,APAC,3815.62,67.52,3,32.51,1,0.0,1318,5.7,0.018,0.03,40,79.1,None,0,0
296,APAC,3357.72,59.15,6,33.43,1,0.0,1039,5.64,0.019,0.024,23,61.75,ISO9001,1,0
296,APAC,3357.72,59.15,6,28.06,1,0.0,708,5.35,0.006,0.016,13,70.04,ISO9001,1,0
296,APAC,3357.72,59.15,6,32.41,1,0.0,719,4.81,0.076,0.022,9,68.54,ISO9001,1,0
296,APAC,3357.72,59.15,6,35.08,1,0.0,803,4.73,0.078,0.022,14,84.81,ISO9001,1,0
296,APAC,3357.72,59.15,6,35.87,0,6.5,1134,4.85,0.016,0.026,39,70.87,None,0,0
296,APAC,3357.72,59.15,6,30.4,0,5.96,1239,4.93,0.082,0.003,6,74.02,ISO9001,1,0
296,APAC,3357.72,59.15,6,31.43,1,0.0,1259,5.38,0.04,0.018,25,74.05,None,0,0
296,APAC,3357.72,59.15,6,34.4,1,0.0,902,5.67,0.084,0.029,24,81.82,ISO9001,1,0
296,APAC,3357.72,59.15,6,28.18,1,0.0,894,5.08,0.077,0.023,18,85.07,ISO9001,1,0
296,APAC,3357.72,59.15,6,27.95,1,0.0,447,4.56,0.032,0.013,3,69.34,ISO9001,1,0
296,APAC,3357.72,59.15,6,33.49,1,0.0,1217,5.32,0.039,0.027,28,86.69,None,0,0
296,APAC,3357.72,59.15,6,33.39,1,0.0,1319,5.48,0.044,0.012,6,68.42,None,0,0
296,APAC,3357.72,59.15,6,33.06,1,0.0,821,4.5,0.047,0.021,14,65.49,ISO9001,0,0
296,APAC,3357.72,59.15,6,34.52,1,0.0,1142,4.89,0.041,0.009,15,74.83,ISO9001,1,0
296,APAC,3357.72,59.15,6,33.51,1,0.0,1327,4.78,0.044,0.016,24,84.55,ISO9001,0,0
296,APAC,3357.72,59.15,6,31.29,0,7.84,982,5.32,0.056,0.015,7,93.77,ISO9001,0,0
296,APAC,3357.72,59.15,6,31.26,0,4.46,1456,4.31,0.053,0.0,0,67.67,None,0,0
296,APAC,3357.72,59.15,6,29.63,1,0.0,1325,5.33,0.071,0.027,44,88.74,ISO9001,1,0
296,APAC,3357.72,59.15,6,34.89,1,0.0,769,4.58,0.069,0.022,17,70.11,None,0,0
296,APAC,3357.72,59.15,6,31.34,1,0.0,1174,4.13,0.018,0.029,39,74.92,ISO9001+ISO14001,1,0
296,APAC,3357.72,59.15,6,31.15,1,0.0,1109,5.31,0.01,0.043,43,86.29,ISO9001,1,0
296,APAC,3357.72,59.15,6,31.67,1,0.0,1355,5.34,0.032,0.009,14,81.24,ISO9001,1,0
296,APAC,3357.72,59.15,6,32.25,1,0.0,1472,5.19,0.018,0.016,24,62.43,ISO9001,1,0
296,APAC,3357.72,59.15,6,26.76,1,0.0,973,5.28,0.025,0.038,43,71.18,None,0,0
296,APAC,3357.72,59.15,6,35.38,1,0.0,800,4.87,0.018,0.01,6,63.77,ISO9001,1,0
296,APAC,3357.72,59.15,6,29.43,1,0.0,925,4.34,0.051,0.014,11,71.07,ISO9001+ISO14001,0,0
296,APAC,3357.72,59.15,6,32.33,1,0.0,1150,4.79,0.041,0.017,16,61.81,ISO9001,0,0
296,APAC,3357.72,59.15,6,38.29,1,0.0,1290,5.75,0.052,0.023,36,92.11,ISO9001,1,0
296,APAC,3357.72,59.15,6,26.48,1,0.0,904,5.24,0.061,0.024,26,78.91,None,0,0
296,APAC,3357.72,59.15,6,30.76,1,0.0,1133,5.4,0.043,0.004,5,71.34,ISO9001+ISO14001,1,0
296,APAC,3357.72,59.15,6,28.81,1,0.0,902,5.15,0.043,0.01,8,73.93,ISO9001,1,0
296,APAC,3357.72,59.15,6,30.24,1,0.0,1142,5.21,0.04,0.015,11,73.84,None,0,0
296,APAC,3357.72,59.15,6,28.79,1,0.0,967,4.87,0.041,0.035,41,73.13,None,0,0
296,APAC,3357.72,59.15,6,36.02,0,7.74,892,5.48,0.051,0.019,17,78.81,ISO9001+ISO14001,1,0
297,APAC,3746.76,70.57,9,31.32,1,0.0,1043,5.84,0.041,0.003,2,75.1,ISO9001+ISO14001,1,0
297,APAC,3746.76,70.57,9,30.08,1,0.0,972,4.98,0.077,0.012,11,67.67,ISO9001,1,0
297,APAC,3746.76,70.57,9,36.11,1,0.0,976,3.94,0.048,0.01,15,72.57,ISO9001,1,0
297,APAC,3746.76,70.57,9,35.77,0,5.33,1452,3.94,0.01,0.03,33,66.15,ISO9001+ISO14001,1,0
297,APAC,3746.76,70.57,9,35.35,1,0.0,890,4.37,0.036,0.007,5,57.41,ISO9001+ISO14001,0,0
297,APAC,3746.76,70.57,9,34.97,1,0.0,1410,5.23,0.0,0.012,17,63.47,ISO9001+ISO14001,1,0
297,APAC,3746.76,70.57,9,31.41,1,0.0,1109,5.27,0.078,0.003,3,68.88,ISO9001+ISO14001,1,0
297,APAC,3746.76,70.57,9,34.69,1,0.0,1006,4.27,0.042,0.032,32,73.79,ISO9001,1,0
297,APAC,3746.76,70.57,9,35.88,1,0.0,848,5.98,0.033,0.006,5,68.67,ISO9001,1,0
297,APAC,3746.76,70.57,9,34.92,1,0.0,687,4.46,0.082,0.025,19,69.37,None,0,0
297,APAC,3746.76,70.57,9,30.06,1,0.0,888,4.96,0.011,0.0,0,84.23,ISO9001,0,0
297,APAC,3746.76,70.57,9,34.71,1,0.0,702,5.72,0.015,0.02,16,85.91,ISO9001,1,0
297,APAC,3746.76,70.57,9,35.42,1,0.0,870,4.2,0.041,0.008,3,73.65,ISO9001+ISO14001,1,0
297,APAC,3746.76,70.57,9,32.57,1,0.0,1705,4.43,0.015,0.008,17,86.15,ISO9001,0,0
297,APAC,3746.76,70.57,9,32.55,1,0.0,1092,6.31,0.0,0.025,32,95.23,ISO9001,0,0
297,APAC,3746.76,70.57,9,31.79,1,0.0,1101,4.25,0.064,0.033,31,61.05,ISO9001,1,0
297,APAC,3746.76,70.57,9,31.11,1,0.0,834,4.2,0.068,0.005,4,57.31,ISO9001,1,0
297,APAC,3746.76,70.57,9,34.87,1,0.0,1215,4.8,0.0,0.01,14,80.49,ISO9001,0,0
297,APAC,3746.76,70.57,9,35.29,1,0.0,958,5.22,0.027,0.006,7,100.0,None,0,0
297,APAC,3746.76,70.57,9,33.4,1,0.0,1105,5.18,0.011,0.02,24,87.23,ISO9001+ISO14001,1,0
297,APAC,3746.76,70.57,9,32.36,1,0.0,1003,4.62,0.036,0.012,4,67.86,None,0,0
297,APAC,3746.76,70.57,9,28.14,1,0.0,1389,3.19,0.038,0.0,0,76.7,ISO9001,1,0
298,EMEA,2675.53,69.7,5,30.28,1,0.0,967,4.87,0.012,0.0,0,72.51,None,0,0
298,EMEA,2675.53,69.7,5,25.72,1,0.0,1146,5.05,0.02,0.004,4,75.06,None,0,0
298,EMEA,2675.53,69.7,5,26.8,1,0.0,903,4.98,0.032,0.021,21,57.03,ISO9001,1,0
298,EMEA,2675.53,69.7,5,31.23,1,0.0,998,4.22,0.037,0.019,16,77.76,ISO9001,0,0
298,EMEA,2675.53,69.7,5,30.25,1,0.0,997,3.94,0.024,0.004,1,88.07,ISO9001,1,0
298,EMEA,2675.53,69.7,5,23.9,1,0.0,1103,4.07,0.039,0.005,8,63.43,ISO9001,1,0
298,EMEA,2675.53,69.7,5,22.56,1,0.0,896,5.68,0.032,0.021,16,78.12,ISO9001,1,0
298,EMEA,2675.53,69.7,5,28.62,1,0.0,1221,3.83,0.032,0.019,22,76.86,ISO9001+ISO14001,1,0
298,EMEA,2675.53,69.7,5,27.63,1,0.0,1071,5.2,0.004,0.016,15,78.22,ISO9001,1,0
298,EMEA,2675.53,69.7,5,27.47,1,0.0,680,5.39,0.0,0.02,16,70.07,ISO9001,1,0
298,EMEA,2675.53,69.7,5,30.83,1,0.0,812,3.83,0.027,0.013,12,68.26,ISO9001,1,0
298,EMEA,2675.53,69.7,5,29.08,1,0.0,465,4.84,0.022,0.025,8,91.07,ISO9001,0,0
298,EMEA,2675.53,69.7,5,30.99,1,0.0,889,5.9,0.039,0.018,15,67.02,ISO9001,1,0
298,EMEA,2675.53,69.7,5,30.68,1,0.0,952,5.66,0.025,0.015,16,75.52,ISO9001,1,0
298,EMEA,2675.53,69.7,5,29.0,1,0.0,790,5.07,0.066,0.002,0,78.74,ISO9001,1,0
298,EMEA,2675.53,69.7,5,31.65,1,0.0,1168,5.11,0.048,0.021,15,83.6,ISO9001,0,0
298,EMEA,2675.53,69.7,5,27.33,1,0.0,460,4.26,0.047,0.035,13,85.13,None,0,0
298,EMEA,2675.53,69.7,5,27.46,0,5.91,1258,4.84,0.034,0.022,26,85.39,None,0,0
298,EMEA,2675.53,69.7,5,24.59,0,6.55,1322,5.91,0.028,0.026,29,82.06,ISO9001,1,0
298,EMEA,2675.53,69.7,5,30.47,1,0.0,668,4.55,0.0,0.0,0,72.72,None,0,0
298,EMEA,2675.53,69.7,5,24.05,1,0.0,824,3.95,0.027,0.01,5,75.24,ISO9001,1,0
298,EMEA,2675.53,69.7,5,32.39,1,0.0,580,3.83,0.0,0.022,15,85.46,ISO9001+ISO14001,0,0
298,EMEA,2675.53,69.7,5,32.11,1,0.0,1081,6.03,0.054,0.016,14,68.59,ISO9001,1,0
298,EMEA,2675.53,69.7,5,30.9,1,0.0,1110,5.78,0.043,0.02,15,78.16,ISO9001,0,0
298,EMEA,2675.53,69.7,5,33.24,1,0.0,1054,4.53,0.026,0.022,27,75.81,ISO9001,1,0
298,EMEA,2675.53,69.7,5,25.93,1,0.0,539,5.05,0.037,0.009,4,76.69,ISO9001,1,0
298,EMEA,2675.53,69.7,5,24.21,0,1.99,954,5.7,0.061,0.002,2,82.78,ISO9001,1,0
298,EMEA,2675.53,69.7,5,26.49,1,0.0,1394,5.23,0.041,0.0,0,71.78,ISO9001,1,0
298,EMEA,2675.53,69.7,5,27.68,1,0.0,1391,5.92,0.038,0.022,39,73.63,None,0,0
298,EMEA,2675.53,69.7,5,30.69,1,0.0,990,4.4,0.064,0.015,18,87.0,ISO9001+ISO14001,1,0
298,EMEA,2675.53,69.7,5,33.39,1,0.0,753,3.9,0.026,0.011,9,65.59,None,0,0
298,EMEA,2675.53,69.7,5,32.37,1,0.0,1381,4.72,0.03,0.023,33,75.89,ISO9001+ISO14001,1,0
298,EMEA,2675.53,69.7,5,27.19,1,0.0,886,5.27,0.068,0.029,18,69.46,ISO9001+ISO14001,1,0
298,EMEA,2675.53,69.7,5,25.01,1,0.0,944,5.17,0.023,0.005,4,64.16,None,1,0
298,EMEA,2675.53,69.7,5,33.25,0,8.95,1007,5.21,0.037,0.023,23,91.92,ISO9001,1,0
298,EMEA,2675.53,69.7,5,24.81,1,0.0,1097,4.53,0.012,0.012,12,64.28,ISO9001,1,0
298,EMEA,2675.53,69.7,5,26.5,1,0.0,1107,5.0,0.045,0.012,12,98.57,ISO9001,1,0
298,EMEA,2675.53,69.7,5,29.55,1,0.0,726,4.79,0.062,0.012,9,73.94,None,0,0
299,AMER,837.5,70.36,1,22.44,0,6.83,1257,4.69,0.044,0.035,49,74.78,ISO9001,0,0
299,AMER,837.5,70.36,1,18.51,1,0.0,1511,5.73,0.044,0.024,36,65.79,ISO9001,0,0
299,AMER,837.5,70.36,1,17.97,1,0.0,1076,5.18,0.039,0.04,43,60.76,ISO9001,0,0
299,AMER,837.5,70.36,1,24.48,1,0.0,1008,5.04,0.034,0.018,14,65.98,ISO9001,0,0
299,AMER,837.5,70.36,1,21.82,1,0.0,840,5.64,0.049,0.03,22,72.36,ISO9001+ISO14001,1,0
299,AMER,837.5,70.36,1,19.47,1,0.0,882,5.22,0.0,0.022,14,68.99,ISO9001+ISO14001,1,0
299,AMER,837.5,70.36,1,16.17,1,0.0,1452,5.57,0.015,0.036,58,83.61,ISO9001,0,0
299,AMER,837.5,70.36,1,21.03,1,0.0,762,5.23,0.066,0.023,18,67.62,ISO9001,1,0
299,AMER,837.5,70.36,1,24.65,1,0.0,733,4.39,0.06,0.023,16,99.66,ISO9001,1,0
299,AMER,837.5,70.36,1,22.76,0,2.57,1039,4.73,0.029,0.028,37,71.95,ISO9001,0,0
299,AMER,837.5,70.36,1,24.09,1,0.0,1018,4.77,0.024,0.042,37,78.98,None,0,0
299,AMER,837.5,70.36,1,22.05,1,0.0,961,5.04,0.03,0.036,33,74.67,ISO9001,0,0
299,AMER,837.5,70.36,1,22.28,1,0.0,459,5.02,0.048,0.038,15,86.96,ISO9001,0,0
299,AMER,837.5,70.36,1,26.62,1,0.0,651,4.37,0.009,0.036,22,77.79,None,0,0
299,AMER,837.5,70.36,1,24.6,1,0.0,911,5.23,0.069,0.021,11,72.15,None,0,0
299,AMER,837.5,70.36,1,22.42,1,0.0,889,4.95,0.081,0.03,34,71.36,ISO9001,1,0
299,AMER,837.5,70.36,1,23.86,1,0.0,1475,4.38,0.071,0.036,52,68.07,ISO9001+ISO14001,1,0
299,AMER,837.5,70.36,1,26.36,1,0.0,1083,4.7,0.056,0.049,47,60.49,None,0,0
299,AMER,837.5,70.36,1,22.95,1,0.0,788,4.24,0.014,0.039,30,89.96,ISO9001,1,0
299,AMER,837.5,70.36,1,21.24,1,0.0,1213,5.61,0.043,0.034,36,71.51,ISO9001+ISO14001,0,0
299,AMER,837.5,70.36,1,21.65,1,0.0,700,5.53,0.072,0.046,39,71.19,None,1,0
299,AMER,837.5,70.36,1,23.77,1,0.0,1415,5.05,0.044,0.028,39,68.43,ISO9001,0,0
299,AMER,837.5,70.36,1,13.61,1,0.0,1207,4.0,0.0,0.017,23,61.16,ISO9001,1,0
299,AMER,837.5,70.36,1,23.55,1,0.0,972,4.59,0.018,0.027,25,70.26,None,0,0
299,AMER,837.5,70.36,1,23.1,1,0.0,594,6.16,0.033,0.042,20,70.4,ISO9001,1,0
299,AMER,837.5,70.36,1,25.37,1,0.0,1033,4.82,0.015,0.033,26,90.44,ISO9001,1,0
299,AMER,837.5,70.36,1,24.92,0,6.4,912,5.22,0.042,0.031,19,76.17,None,1,0
299,AMER,837.5,70.36,1,23.83,0,5.81,1381,4.54,0.049,0.014,26,67.37,ISO9001+ISO14001,0,0
299,AMER,837.5,70.36,1,14.61,1,0.0,625,4.98,0.039,0.042,22,74.38,ISO9001,1,0
299,AMER,837.5,70.36,1,17.38,1,0.0,955,4.73,0.022,0.031,27,59.83,ISO9001+ISO14001,0,0
299,AMER,837.5,70.36,1,23.37,1,0.0,407,4.62,0.039,0.015,8,85.13,ISO9001,1,0
299,AMER,837.5,70.36,1,20.28,1,0.0,1062,4.26,0.009,0.035,49,75.18,ISO9001+ISO14001,0,0
299,AMER,837.5,70.36,1,22.78,0,8.29,927,3.74,0.034,0.027,20,96.88,ISO9001,1,0
299,AMER,837.5,70.36,1,20.66,1,0.0,729,4.0,0.038,0.044,45,84.9,ISO9001,0,0
299,AMER,837.5,70.36,1,25.01,0,2.89,1100,5.1,0.029,0.032,27,69.46,ISO9001,0,0
299,AMER,837.5,70.36,1,20.43,1,0.0,1066,5.36,0.03,0.013,16,79.62,ISO9001+ISO14001,0,0
299,AMER,837.5,70.36,1,24.45,1,0.0,1312,5.93,0.039,0.031,34,62.12,None,0,0
299,AMER,837.5,70.36,1,21.93,1,0.0,598,4.59,0.041,0.026,15,60.07,ISO9001,0,0
299,AMER,837.5,70.36,1,26.27,1,0.0,1312,4.76,0.059,0.028,45,79.53,ISO9001,1,0
300,EMEA,2638.38,100.0,3,26.8,1,0.0,1326,5.39,0.0,0.014,19,78.51,ISO9001,1,0
300,EMEA,2638.38,100.0,3,28.07,1,0.0,1015,5.98,0.04,0.009,13,69.16,ISO9001,0,0
300,EMEA,2638.38,100.0,3,28.24,1,0.0,1130,5.45,0.051,0.007,7,74.95,ISO9001,0,0
300,EMEA,2638.38,100.0,3,29.03,0,5.76,860,4.47,0.036,0.018,20,80.28,ISO9001+ISO14001,0,0
300,EMEA,2638.38,100.0,3,27.37,1,0.0,951,5.19,0.003,0.018,19,66.27,ISO9001,1,0
300,EMEA,2638.38,100.0,3,24.42,1,0.0,715,5.22,0.061,0.003,2,73.27,ISO9001,1,0
300,EMEA,2638.38,100.0,3,24.13,1,0.0,1350,5.48,0.024,0.009,14,69.7,ISO9001+ISO14001,1,0
300,EMEA,2638.38,100.0,3,31.74,1,0.0,892,4.93,0.038,0.001,2,84.94,ISO9001,0,0
300,EMEA,2638.38,100.0,3,23.94,0,7.31,1095,4.55,0.028,0.007,4,85.01,None,1,0
300,EMEA,2638.38,100.0,3,26.13,1,0.0,811,4.81,0.055,0.006,3,87.89,ISO9001,1,0
300,EMEA,2638.38,100.0,3,23.82,1,0.0,532,4.78,0.041,0.001,2,84.07,ISO9001,0,0
300,EMEA,2638.38,100.0,3,31.0,1,0.0,1001,4.87,0.023,0.0,0,86.72,ISO9001,0,0
300,EMEA,2638.38,100.0,3,26.27,1,0.0,497,4.58,0.031,0.037,25,90.24,ISO9001+ISO14001,0,0
300,EMEA,2638.38,100.0,3,25.14,1,0.0,1289,4.7,0.04,0.011,14,92.34,None,0,0
300,EMEA,2638.38,100.0,3,38.21,0,9.75,1325,5.39,0.063,0.005,5,76.57,None,0,0
300,EMEA,2638.38,100.0,3,25.63,1,0.0,1057,4.33,0.048,0.028,29,100.0,ISO9001+ISO14001,1,0
300,EMEA,2638.38,100.0,3,29.45,1,0.0,1158,5.1,0.03,0.021,32,67.85,ISO9001,0,0
300,EMEA,2638.38,100.0,3,30.12,1,0.0,905,5.09,0.043,0.011,10,78.48,ISO9001,0,0
300,EMEA,2638.38,100.0,3,28.51,0,3.66,663,4.41,0.04,0.028,25,95.17,ISO9001,0,0
300,EMEA,2638.38,100.0,3,24.36,1,0.0,1048,6.43,0.076,0.008,10,63.4,None,0,0
300,EMEA,2638.38,100.0,3,25.89,1,0.0,1091,4.76,0.054,0.014,15,84.63,ISO9001,1,0
300,EMEA,2638.38,100.0,3,25.77,1,0.0,1248,4.29,0.057,0.03,31,71.95,ISO9001,1,0
300,EMEA,2638.38,100.0,3,30.36,1,0.0,929,4.78,0.0,0.012,11,61.45,ISO9001,1,0
300,EMEA,2638.38,100.0,3,28.61,1,0.0,915,4.88,0.041,0.002,4,71.76,ISO9001,0,0
300,EMEA,2638.38,100.0,3,27.17,1,0.0,958,5.03,0.055,0.018,22,80.01,ISO9001,1,0
300,EMEA,2638.38,100.0,3,32.03,1,0.0,900,4.8,0.0,0.011,11,70.01,ISO9001,0,0
300,EMEA,2638.38,100.0,3,31.15,1,0.0,1394,4.39,0.036,0.018,30,63.24,None,0,0
300,EMEA,2638.38,100.0,3,28.11,1,0.0,1274,4.6,0.046,0.0,0,65.72,ISO9001,1,0
300,EMEA,2638.38,100.0,3,22.4,1,0.0,1168,5.13,0.039,0.001,2,75.4,ISO9001,1,0
300,EMEA,2638.38,100.0,3,28.98,1,0.0,678,5.31,0.02,0.029,19,72.04,ISO9001,1,0
300,EMEA,2638.38,100.0,3,31.38,1,0.0,750,4.25,0.024,0.021,10,100.0,ISO9001,1,0
300,EMEA,2638.38,100.0,3,25.96,1,0.0,633,4.38,0.058,0.008,7,88.34,ISO9001,0,0
300,EMEA,2638.38,100.0,3,26.57,1,0.0,949,5.33,0.044,0.016,18,79.83,ISO9001+ISO14001,0,0
300,EMEA,2638.38,100.0,3,26.88,1,0.0,922,5.07,0.044,0.014,11,76.87,ISO9001+ISO14001,1,0
300,EMEA,2638.38,100.0,3,30.91,1,0.0,1078,4.17,0.014,0.0,0,79.72,ISO9001,1,0
300,EMEA,2638.38,100.0,3,29.04,1,0.0,1300,5.15,0.071,0.017,14,81.48,ISO9001,0,0
300,EMEA,2638.38,100.0,3,25.43,1,0.0,1224,5.04,0.0,0.014,16,84.23,None,0,0
300,EMEA,2638.38,100.0,3,30.73,1,0.0,1335,4.54,0.024,0.039,50,77.4,ISO9001,1,0
300,EMEA,2638.38,100.0,3,28.16,1,0.0,1098,4.82,0.058,0.013,20,79.46,ISO9001,0,0
300,EMEA,2638.38,100.0,3,29.83,1,0.0,1151,4.58,0.046,0.02,26,79.14,ISO9001,0,0
300,EMEA,2638.38,100.0,3,34.04,1,0.0,1159,4.98,0.06,0.02,20,70.95,ISO9001,0,0
300,EMEA,2638.38,100.0,3,32.78,1,0.0,841,4.9,0.033,0.0,0,81.93,ISO9001,0,0
300,EMEA,2638.38,100.0,3,30.3,1,0.0,1052,4.47,0.042,0.018,14,76.95,None,0,0
300,EMEA,2638.38,100.0,3,32.83,1,0.0,780,5.98,0.008,0.0,0,83.07,ISO9001,0,0
300,EMEA,2638.38,100.0,3,28.48,1,0.0,1011,5.49,0.022,0.018,13,58.69,ISO9001,0,0
300,EMEA,2638.38,100.0,3,32.37,1,0.0,1343,4.36,0.025,0.002,1,69.51,ISO9001+ISO14001,1,0
300,EMEA,2638.38,100.0,3,31.03,1,0.0,1161,5.33,0.039,0.02,18,86.09,ISO9001,0,0
300,EMEA,2638.38,100.0,3,30.52,0,7.28,809,5.31,0.033,0.016,10,78.67,ISO9001,1,0
300,EMEA,2638.38,100.0,3,23.6,1,0.0,1210,4.29,0.104,0.011,6,65.39,ISO9001,1,0
300,EMEA,2638.38,100.0,3,25.62,1,0.0,1339,5.43,0.034,0.013,18,82.89,ISO9001,1,0
300,EMEA,2638.38,100.0,3,28.43,1,0.0,666,5.62,0.003,0.02,24,72.1,ISO9001,1,0
300,EMEA,2638.38,100.0,3,27.17,1,0.0,750,4.15,0.021,0.017,10,80.67,ISO9001,0,0
300,EMEA,2638.38,100.0,3,22.84,1,0.0,696,4.09,0.017,0.024,13,87.84,ISO9001+ISO14001,0,0
300,EMEA,2638.38,100.0,3,26.13,1,0.0,860,5.45,0.037,0.021,22,91.34,ISO9001,0,0
300,EMEA,2638.38,100.0,3,33.51,1,0.0,957,4.91,0.041,0.016,17,66.22,ISO9001,1,0
300,EMEA,2638.38,100.0,3,34.0,1,0.0,1067,5.05,0.019,0.018,16,80.67,ISO9001+ISO14001,0,0
300,EMEA,2638.38,100.0,3,26.52,1,0.0,768,4.4,0.066,0.033,32,87.64,ISO9001,0,0
